-- Adminer 4.6.2 MySQL dump

SET NAMES utf8;
SET time_zone = '+00:00';
SET foreign_key_checks = 0;
SET sql_mode = 'NO_AUTO_VALUE_ON_ZERO';

DROP TABLE IF EXISTS `company_detail`;
CREATE TABLE `company_detail` (
  `company_id` int(11) NOT NULL AUTO_INCREMENT,
  `company_name` varchar(250) DEFAULT NULL,
  `plan_id` int(11) DEFAULT NULL,
  `user_name` varchar(200) DEFAULT NULL,
  `is_deleted` enum('Y','N') DEFAULT 'N',
  `creation_date` date DEFAULT NULL,
  `expiary_date` date DEFAULT NULL,
  `company_email` varchar(250) DEFAULT '',
  `password` varchar(50) DEFAULT NULL,
  `is_active` enum('Y','N') DEFAULT 'Y',
  `company_logo` varchar(250) DEFAULT NULL,
  `assign_users` enum('Y','N') DEFAULT 'Y',
  PRIMARY KEY (`company_id`)
) ENGINE=InnoDB DEFAULT CHARSET=latin1;

INSERT INTO `company_detail` (`company_id`, `company_name`, `plan_id`, `user_name`, `is_deleted`, `creation_date`, `expiary_date`, `company_email`, `password`, `is_active`, `company_logo`, `assign_users`) VALUES
(1,	'CFS',	1,	'Zoro Admin',	'N',	'2015-08-19',	'2016-08-31',	'super_admin@gmail.com',	'nrm0r+iUZZc=',	'Y',	'1440760826_logo.jpg',	'Y'),
(2,	'Technocraft Ltd',	2,	'admin',	'Y',	'2015-08-01',	'2015-08-25',	'techno@gmail.com',	'obq0tauVZg==',	'N',	NULL,	'Y'),
(3,	'Jet Airways',	3,	'admin',	'Y',	'2015-07-29',	'2016-01-01',	'jet@gmail.com',	'obq0tauVZg==',	'N',	NULL,	'Y'),
(4,	'Branding Company',	1,	'admin',	'Y',	'2015-08-06',	'2015-08-31',	'branding@gmail.com',	'obq0tauVZg==',	'N',	NULL,	'Y'),
(10,	'Spice Jet Airways',	3,	'spicejet_admin',	'N',	'2015-08-06',	'2015-08-31',	'spicejet@gmail.com',	'obq0tauVZg==',	'Y',	'1441107579_avg.png       ',	'Y'),
(11,	'sunarc',	3,	'sun',	'Y',	'2015-08-11',	'2015-08-04',	'rajneesh.vyas@gmail.com',	'wp5Mg7',	'Y',	NULL,	'Y'),
(12,	'testing',	2,	'testuser',	'Y',	'2015-08-11',	'2015-08-31',	'branding@gmail.com',	'rLe4du7EqLrQyqqP',	'Y',	NULL,	'Y'),
(13,	'Sunarc Techno',	3,	'sunarc',	'Y',	'2015-08-19',	'2017-08-31',	'sun@gmail.com',	'obq0tauVZg==',	'N',	NULL,	'Y'),
(14,	'IT company',	1,	'John Cena',	'Y',	'2015-08-25',	'2016-02-29',	'johnc@gmail.com',	'obq0tauVZg==',	'N',	NULL,	'Y'),
(15,	'Techno Mall',	2,	'Kevin John',	'Y',	'2015-08-26',	'2016-04-30',	'kevin@gmail.com',	'XNDyWT',	'N',	NULL,	'Y'),
(16,	'Digital Media',	3,	'Mack Thomas',	'Y',	'2015-08-26',	'2016-07-29',	'mack@gmail.com',	'NLafTo',	'N',	NULL,	'Y'),
(17,	'Paras',	1,	'sunny',	'Y',	'2015-08-27',	'2015-12-26',	'sunny@vmail.com',	'7rYPLQ',	'Y',	NULL,	'Y'),
(18,	'Paras',	2,	'rony',	'Y',	'2015-08-27',	'2015-10-05',	'rony@vmail.com',	'E3UXm4',	'Y',	NULL,	'Y'),
(19,	'Paras',	3,	'rony',	'Y',	'2015-08-27',	'2015-12-26',	'rony@vmail.com',	'LIPPOJ',	'N',	NULL,	'Y'),
(20,	'Cyber',	1,	'jony',	'Y',	'2015-08-27',	'2015-08-31',	'cyber@gmail.com',	'fuAFjX',	'N',	'1440753923_Chrysanthemum.jpg',	'Y'),
(21,	'Testing for company deletion',	2,	'Tect COmpany',	'Y',	'2015-08-28',	'2016-04-29',	'testcompany@gmail.com',	'tzXzCE',	'Y',	NULL,	'Y'),
(22,	'zumbino',	3,	'zumbino',	'Y',	'2015-08-28',	'2015-09-26',	'zumbino@gmail.com',	'XZYQWj',	'N',	'1441191628_Cleaner Feedback System_1.png',	'Y'),
(23,	'Sunarc Technology',	2,	'Sunarc Admin',	'Y',	'2015-08-31',	'2016-11-30',	'sunarc@gmail.com',	'fpFvTX',	'N',	'1440997282_sunarc_logo.png',	'Y'),
(24,	'Pearl',	2,	'Sunny',	'Y',	'2015-09-04',	'2015-09-18',	'sunny@vmail.com',	'ntrCid',	'N',	'1441369104_Winter.jpg',	'Y'),
(25,	'Pearl',	2,	'Rony',	'Y',	'2015-09-04',	'2015-09-18',	'rony@vmail.com',	'XEqoW1',	'N',	'1441369563_Winter.jpg',	'Y'),
(26,	'WWWWWWWWWWWWWWWWWWWWWWWWWWWWWWWWWWWWWWWWWWWWWWWWWWWWWWWWWWWWWWWWWWWWWWWWWWWWWWWWWWWWWWWWWWWWWWWWWWWWWWWWWWWWWWWWWWWWWWWWWWWWWWWWWWWWWWWWWWWWWWWWWWWWWWWWWWWWWWWWWWWWWWWWWWWWWWWWWWWWWWWWWWWWWWWWWWWWWWWWWWWWWWWWWWWWWWWWWWWWWWWWWWWWWWWWWWWWWWWWWWWWWWWWWW',	3,	'WWWWWWWWWWWWWWWWWWWWWWWWWWWWWWWWWWWWWWWWWWWWWWWWWWWWWWWWWWWWWWWWWWWWWWWWWWWWWWWWWWWWWWWWWWWWWWWWWWWWWWWWWWWWWWWWWWWWWWWWWWWWWWWWWWWWWWWWWWWWWWWWWWWWWWWWWWWWWWWWWWWWWWWWWWWWWWWWWWWWWWWWWWWWWWWWWWWWWWWW',	'Y',	'2015-09-04',	'1970-01-01',	'sunny@vmail.com',	'tXHs7v',	'N',	'1441369829_1_1234.jpg',	'Y'),
(27,	'Cyber',	1,	'Jony',	'Y',	'2015-09-04',	'2015-09-11',	'jony@vmail.com',	'IINIpX',	'N',	'1441369926_1_1234.jpg',	'Y'),
(28,	'Diamond',	2,	'Farhan',	'Y',	'2015-09-04',	'2005-09-03',	'farhan@vmail.com',	'tnrEvX',	'N',	'1441370033_2_234.jpg',	'Y'),
(29,	'Ruby',	2,	'Vinod',	'Y',	'2015-09-04',	'2015-09-30',	'vinod@vmail.com',	'E7ZtMt',	'N',	'1441370847_Winter.jpg   ',	'Y'),
(30,	'Sunarc Technology',	2,	'Sunarc Admin',	'Y',	'2015-09-05',	'2016-09-05',	'sunarc@gmail.com',	'nXSXAS',	'N',	'1441436706_sunarc_logo_6_4.png',	'Y'),
(31,	'Cyber',	2,	'jony',	'Y',	'2015-09-05',	'2038-01-01',	'jony@vmail.com',	'I7MBNo',	'N',	'1441439635_Picture 006.png    ',	'Y'),
(32,	'Pearl',	1,	'Preet',	'Y',	'2015-09-07',	'2015-09-30',	'preet@vmail.com',	'EEwBFX',	'N',	'1441608843_Picture 005.png',	'Y'),
(33,	'Heritage',	2,	'Stephen',	'N',	'2015-09-07',	'2015-12-31',	'stephen@vmail.com',	'IIPABg',	'N',	'1441612530_1_1234.jpg ',	'Y'),
(34,	'Magic',	1,	'Grace',	'Y',	'2015-09-07',	'2015-09-30',	'grace@vmail.com',	'N7CMcc',	'N',	'1441618840_Winter.jpg ',	'Y'),
(35,	'VSR',	2,	'venu',	'Y',	'2015-09-08',	'2015-10-31',	'venu@vmail.com',	'yNHkvO',	'N',	'1441686961_Blue hills.jpg ',	'Y'),
(36,	'Heritage',	2,	'mark',	'Y',	'2015-09-16',	'2015-09-30',	'mark@vmail.com',	'7AI4FC',	'N',	'1442380346_Tulips.jpg',	'Y'),
(37,	'Super',	3,	'goldy',	'Y',	'2015-09-16',	'2015-09-30',	'goldy@vmail.com',	'yUdBAj',	'N',	'1442380670_Penguins.jpg  ',	'Y'),
(38,	'Super',	1,	'super company',	'N',	'2015-09-16',	'2015-09-30',	'super@vmail.com',	'N5IBJw',	'N',	'1442381347_Hydrangeas.jpg ',	'Y'),
(39,	'Dev',	1,	'Dev',	'Y',	'2015-09-16',	'2015-09-30',	'dev@vmail.com',	'IjNtcF',	'N',	'1442381898_Lighthouse.jpg',	'Y'),
(40,	'Magnifier',	15,	'Mack',	'Y',	'2015-09-16',	'2015-09-30',	'mack@vmail.com',	'k3qaBX',	'N',	'1442388907_Winter.jpg',	'Y'),
(41,	'Digital Media',	1,	'John Cena',	'Y',	'2015-09-16',	'2015-09-30',	'johnc@gmail.com',	'LfFMvL',	'N',	'1442406555_sunarc_logo.png',	'Y'),
(42,	'Digital Media',	1,	'John Cena',	'Y',	'2015-09-16',	'2015-09-30',	'johnc@gmail.com',	'N3EOoj',	'N',	'1442406591_sunarc_logo.png',	'Y'),
(43,	'Heritage',	5,	'Preet',	'Y',	'2015-09-21',	'2015-09-22',	'preet@vmail.com',	't5Pnmj',	'N',	'1442822806_1_1234.jpg     ',	'Y'),
(44,	'Heritage',	15,	'Preet',	'Y',	'2015-09-21',	'2015-09-22',	'preet@vmail.com',	'yljFif',	'N',	'1442823499_1_1234.jpg',	'Y'),
(45,	'Heritage',	9,	'Preet',	'Y',	'2015-09-21',	'2015-09-22',	'preet@vmail.com',	'yAWFhm',	'N',	'1442823652_1_1234.jpg        ',	'Y'),
(46,	'Heritage',	15,	'Preet',	'N',	'2015-09-21',	'2015-09-22',	'preet@vmail.com',	'kyhepi',	'Y',	'1442823807_1_1234.jpg',	'Y'),
(47,	'Royal',	2,	'rex',	'N',	'2015-09-21',	'2015-09-25',	'rex@vmail.com',	'tfWtQf',	'Y',	'1442827429_2_234.jpg',	'Y'),
(48,	'new1',	1,	'Sarah',	'N',	'2015-09-22',	'2015-09-30',	'new1@xyz.com',	'Nj5hMi',	'N',	'1442907892_100.jpg',	'Y'),
(49,	'CFS ',	15,	'Daniel',	'Y',	'2015-11-03',	'2016-07-31',	'cfs@gmail.com',	'7HyyHZ',	'N',	'1446543498_excel-active.png',	'Y'),
(50,	'mindtree',	2,	'Robert',	'N',	'2015-11-03',	'2016-09-30',	'mindtree@gmail.com',	'tF7MIs',	'Y',	'1446543987_avg-active.png',	'Y'),
(51,	'Dhrma Production',	15,	'Yash',	'Y',	'2015-11-05',	'2016-01-22',	'dhrma@gmail.com',	'FMQFB7',	'N',	'1446721981_good-active.png',	'Y'),
(52,	'Yash Raj Production',	2,	'Yash',	'Y',	'2015-11-05',	'2016-01-08',	'dhrma@gmail.com',	'tFzu8C',	'N',	'1446727399_good-active.png',	'Y'),
(53,	'Sunarc Technologies',	1,	'Dhruv',	'N',	'2015-11-05',	'2016-11-15',	'sunarc@gmail.com',	'IMpSh1',	'Y',	'1446728733_Step1-Add-Class.png  ',	'Y'),
(54,	'TCS',	1,	'Sanjay Singhania',	'N',	'2015-11-09',	'2015-11-30',	'tcs@gmail.com',	'bod6eq+Z',	'Y',	'1450266150_1440760826_logo.jpg',	'Y'),
(55,	'Friendzone',	2,	'dyan',	'Y',	'2015-12-01',	'2016-01-31',	'friendzone@gmail.com',	'dLZ6nsCo',	'N',	'1448960240_dream.jpg',	'Y'),
(56,	'FZI',	2,	'dyan',	'Y',	'2015-12-01',	'2016-12-31',	'fzi@gmail.com',	'tqyVnsev',	'N',	'1448960410_dream.jpg',	'Y'),
(57,	'Nageroo',	15,	'Dion',	'N',	'2015-12-02',	'2016-12-02',	'dion@gmail.com',	'gqObtcu8',	'Y',	'1449040261_dream.jpg',	'Y'),
(58,	'FZI',	2,	'Joy',	'N',	'2015-12-02',	'2015-12-31',	'fzi@gmail.com',	'scCuqsza',	'N',	'1449055747_dream.jpg',	'Y'),
(59,	'test cmp',	1,	'test admin',	'Y',	'2015-12-02',	'2015-12-31',	'test@gmail.com',	'icqUkcOm',	'N',	'1449061127_dream.jpg',	'Y'),
(60,	'Gulmohar Grand',	2,	'Aman',	'N',	'2015-12-08',	'2015-12-31',	'gulmohar@gmail.com',	'i6LAnea4',	'Y',	'1449554222_image4.jpg',	'Y'),
(61,	'techno it',	1,	'vasim',	'Y',	'2016-01-01',	'2029-11-30',	'newtype@xyz.com',	'qKahkMa3',	'N',	'1450079277_101_1.jpg ',	'Y'),
(62,	'Grand',	2,	'Jaydeep',	'N',	'2015-12-14',	'2016-02-29',	'grand@abc.com',	'c5d5l+TM',	'Y',	'1450081298_1441783535_Winter.jpg',	'Y'),
(63,	'dream world',	3,	'Smith John',	'N',	'2015-12-15',	'2016-02-29',	'smith@xyz.com',	'bod6eq+Z',	'Y',	'1450176028_101.jpg',	'Y'),
(64,	'NQSecurities',	1,	'Joy',	'N',	'2015-12-16',	'2016-01-24',	'nq@gmail.com',	'o6mLneiY',	'Y',	'1450260220_1440760826_logo.jpg',	'Y'),
(65,	'ITC',	15,	'Daniel',	'N',	'2015-12-16',	'2016-01-31',	'itc@gmail.com',	'qMGgmr3W',	'Y',	'1450262131_1440760826_logo.jpg',	'Y'),
(66,	'SunShine P Ltd ',	3,	'Mike Silvester',	'N',	'2015-12-18',	'2016-12-17',	'vineet.jain@sunarctechnologies.com',	'bod6eq+Z',	'Y',	'1450436775_sunshine.jpg',	'Y'),
(67,	'Travels',	2,	'Roddyrexx',	'N',	'2016-01-08',	'2016-01-31',	'roddy@gmail.com',	't863m8vZ',	'N',	'1452248401_01.jpg',	'Y'),
(68,	'agency',	1,	'paul',	'N',	'2016-01-13',	'2016-01-31',	'abc@xyz.com',	'jb+tucDY',	'Y',	'1452664928_02.jpg',	'Y'),
(69,	'inc institute ',	17,	'Ram',	'N',	'2016-01-13',	'2016-01-27',	'abc1@xyz.com',	'f8GPttvR',	'Y',	'1453874646_dream.jpg',	'Y'),
(70,	'institute',	17,	'Ram Singh',	'N',	'2016-01-13',	'2016-01-27',	'wql@xyz.com',	'c6qeuerF',	'Y',	'1452665755_02_About.png ',	'Y'),
(71,	'ITC Pvt. Ltd.',	15,	'Rupert Warner',	'N',	'2016-01-25',	'2016-06-30',	'admin_itc@gmail.com',	'bod6eq+Z',	'Y',	'1453720194_dream.jpg ',	'Y'),
(72,	'it solution',	15,	'robert',	'N',	'2016-01-28',	'2017-01-31',	'lucas@xyz.com',	'k4Z+mM7E',	'Y',	'1453979389_download.png',	'Y'),
(73,	'it solution pvt ltd',	15,	'Sam Sidana',	'N',	'2016-02-17',	'2018-02-19',	'it_admin@gmail.com',	'bod6eq+Z',	'Y',	'1455686332_0811.png',	'Y'),
(74,	'XYZ',	1,	'ajay',	'Y',	'2018-06-03',	'2018-12-04',	'xyz@gmail.com',	'cb21ta3O',	'N',	'1528095411_cloud-md.png',	'Y'),
(75,	'Nexaa',	17,	'Robert',	'Y',	'2018-08-20',	'2018-12-31',	'robert@mailinator.com',	'k86hmcnP',	'N',	'1534758439_logo-14.jpg  ',	'Y'),
(76,	'Nerolac',	1,	'William',	'N',	'2018-08-20',	'2018-12-25',	'nerolac@mailinator.com',	'oKObsuGv',	'Y',	'1534758857_logo-15.jpg',	'Y'),
(77,	'Khan Academy',	1,	'Riyaz',	'N',	'2018-08-29',	'2021-08-17',	'khanacademy@mailinator.com',	'rM+tr/PV',	'Y',	'1535534631_logo-15.jpg',	'Y'),
(78,	'Roxx',	1,	'Ranjeet',	'N',	'2018-10-18',	'2030-10-17',	'rox@mailinator.com',	'o7urfcix',	'Y',	'1539869434_logo-16.jpg',	'Y'),
(79,	'King Security',	1,	'King',	'N',	'2018-10-18',	'2018-10-30',	'king@mailinator.com',	'h7yop9Kz',	'Y',	'1539869675_logo-15.jpg',	'Y'),
(80,	'Coinsign',	1,	'Coin Man',	'N',	'2018-10-18',	'2023-10-18',	'coin@mailinator.com',	'poy1l9uW',	'Y',	'1539869905_logo-14.jpg',	'Y'),
(81,	'CA',	1,	'Hayden Bell',	'N',	'2018-10-19',	'2022-10-13',	'ca@mailinator.com',	'g8V+fei9',	'Y',	'1539939444_logo-18.jpg',	'Y'),
(82,	'King SecurityOne',	31,	'admin007',	'Y',	'2018-10-19',	'2021-10-23',	'king123@mailinator.com',	'f4a6e+ex',	'N',	'1539949339_logo-10.jpg',	'Y'),
(83,	'Khan Textile',	1,	'Riyaz Ahamad',	'N',	'2018-10-25',	'2021-10-25',	'riyaz123@mailinator.com',	'hsCLmejW',	'Y',	'1540445533_logo-10.jpg',	'Y'),
(84,	'Leelawati Hospital',	1,	'R S Jain',	'N',	'2018-10-25',	'2023-10-25',	'drjain@mailinator.com',	'lJiaed7H',	'Y',	'1540446101_logo-14.jpg',	'Y'),
(85,	'Security Zone',	1,	'Naresh',	'N',	'2018-10-25',	'2018-10-31',	'naresh@mailinator.com',	'dKKKu8XT',	'Y',	'1540469351_logo-16.jpg',	'Y'),
(86,	'Mehta Textile',	1,	'admin007',	'Y',	'2018-10-25',	'2029-10-11',	'mehta123@mailinator.com',	'sZqUi8vJ',	'N',	'1540471690_logo-14.jpg',	'Y'),
(87,	'Mehta Textile',	1,	'admin007',	'N',	'2018-10-25',	'2029-10-18',	'mehta123@mailinator.com',	'q6d4qcbd',	'Y',	'1540471751_logo-16.jpg',	'Y'),
(88,	'Oberoi Hotel',	22,	'Ram Oberoi',	'N',	'2018-11-30',	'2019-01-23',	'ram.oberoi@mailinator.com',	'q7u1jbyo',	'Y',	'1543579107_leonardo-1066919-The_Oberoi_Udaivilas_-_Semi_private_pools_S-image.jpg',	'Y'),
(89,	'snackiwi',	27,	'roy',	'N',	'2018-12-12',	'2018-12-31',	'roy@mailinator.com',	'q6N6qryo',	'Y',	'1544620844_cleaner feedback system.jpg',	'Y'),
(90,	'Kaaleen ',	31,	'Kaaleen Tripathi',	'N',	'2018-12-14',	'2024-12-19',	'kaaleen@mailinator.com',	'lcG7ec3U',	'Y',	'1544797755_logo-14.jpg',	'Y'),
(91,	'Automobile',	1,	'Test',	'N',	'2019-01-10',	'2022-01-11',	'automobile@mailinator.com',	'iajAl+vY',	'Y',	'1547181945_auto-mobile.png',	'Y'),
(92,	'Excel Technologies',	31,	'Shruti Bhateja',	'N',	'2019-01-24',	'2020-01-24',	'shruti@mailinator.com',	'q8d4esqk',	'Y',	'1548307167_selection-icon-with-yellow-tick.png',	'Y'),
(93,	'Khan Petrolium',	1,	'Riyaz',	'N',	'2019-01-28',	'2023-01-25',	'khan123@mailinator.com',	'dKZ6nO/T',	'Y',	'1548659996_logo-2.jpg',	'Y'),
(94,	'Madhu Studio',	1,	'Madhu ',	'N',	'2019-01-29',	'2023-10-29',	'madhu123@mailinator.com',	'sYm2kcq7',	'Y',	'1548761985_logo-7.jpg',	'Y'),
(95,	'Riya Studio',	1,	'Riya',	'N',	'2019-01-30',	'2023-01-18',	'riya123@mailinator.com',	'iaaRktSp',	'Y',	'1548837285_23.jpg',	'Y'),
(96,	'NoCleaner',	1,	'Bradd Le Cooper',	'N',	'2019-01-30',	'2020-01-30',	'brad@mailinator.com',	'bod6eq+Z',	'Y',	'1548850176_download.png',	'Y'),
(97,	'TT Point',	31,	'Perry',	'N',	'2019-01-30',	'2018-10-14',	'perry@mailinator.com',	'q768nOPa',	'Y',	'1548851474_blue_text_bg.png',	'Y'),
(98,	'Pittie Honda',	1,	'Honda ',	'N',	'2019-01-31',	'2020-01-31',	'honda@mailinator.com',	'iceyiMel',	'Y',	'1548926148_download.png',	'Y'),
(99,	'Moomal',	1,	'Moomal Admin',	'N',	'2019-01-31',	'2020-01-31',	'moomal@mailinator.com',	'bod6eq+Z',	'Y',	'1550732544_xaJL7059.jpg',	'Y'),
(100,	'Cipla',	1,	'Cipla',	'N',	'2019-02-01',	'2020-02-01',	'cipla@mailinator.com',	'i8ifidyX',	'Y',	'1549007703_drop.jpeg',	'Y'),
(101,	'WIPL',	1,	'Ravish ',	'N',	'2019-02-06',	'2020-02-07',	'wipl@mailinator.com',	'sciyedLU',	'Y',	'1549448402_gajicon.png',	'Y'),
(102,	'I ball',	1,	'Sanjay Arora',	'N',	'2019-02-19',	'2020-02-21',	'sanjay@mailinator.com',	'bod6eq+Z',	'Y',	'1550573928_insta.jpeg',	'Y'),
(103,	'CompanyTwentyFeb',	31,	'Shruti',	'N',	'2019-02-20',	'2020-02-20',	'shruti1@mailinator.com',	't8V5qu2Y',	'Y',	'',	'Y'),
(104,	'CTwetyFeb',	15,	'shruti 2',	'N',	'2019-02-20',	'2020-02-20',	'shruti2@mailinator.com',	'jaGLlfPV',	'Y',	'1550644535_ps_placeholder.png',	'Y'),
(105,	'MacSoft',	1,	'Max Payness13',	'N',	'2019-02-26',	'2020-03-03',	'max.payne@mailinator.com',	'bod6eq+Z',	'Y',	'',	'Y'),
(106,	'Test',	1,	'Test',	'Y',	'2019-02-27',	'2019-09-26',	'a@a.com',	'q8C6d8Sv',	'N',	'1551248410_Max.png',	'Y'),
(107,	'test',	1,	'Test',	'Y',	'2019-02-27',	'2030-04-18',	'a@a.com',	'jbu3i+i6',	'N',	'',	'Y');

DROP TABLE IF EXISTS `contact_us`;
CREATE TABLE `contact_us` (
  `id` int(11) NOT NULL AUTO_INCREMENT,
  `email` varchar(100) NOT NULL,
  `location_id` int(11) NOT NULL,
  `device_id` int(11) NOT NULL,
  `company_id` int(11) NOT NULL,
  `supervisor_id` int(11) NOT NULL,
  `creation_date` datetime DEFAULT NULL ON UPDATE CURRENT_TIMESTAMP,
  `mail_status` enum('1','0') DEFAULT '0',
  `contact_number` varchar(50) DEFAULT NULL,
  PRIMARY KEY (`id`)
) ENGINE=InnoDB DEFAULT CHARSET=latin1;

INSERT INTO `contact_us` (`id`, `email`, `location_id`, `device_id`, `company_id`, `supervisor_id`, `creation_date`, `mail_status`, `contact_number`) VALUES
(22,	'khanriyaz617@gmail.com',	46,	96,	54,	148,	'2018-10-26 12:29:26',	'0',	'9929594294'),
(23,	'khanriyaz617@gmail.com',	46,	96,	54,	148,	'2018-10-26 12:29:51',	'0',	'9929594294'),
(24,	'khanriyaz617@gmail.com',	46,	96,	55,	148,	'2018-10-26 14:49:38',	'0',	'9929594294'),
(25,	'khanriyaz617@gmail.com',	46,	96,	54,	148,	'2018-10-26 12:33:16',	'0',	'9929594294'),
(26,	'khanriyaz617@gmail.com',	46,	96,	54,	148,	'2018-10-26 12:33:23',	'0',	'9929594294'),
(27,	'khanriyaz617@gmail.com',	46,	96,	54,	148,	'2018-10-26 12:35:14',	'0',	'9929594294'),
(28,	'khanriyaz617@gmail.com',	46,	96,	54,	148,	'2018-10-26 12:35:34',	'0',	'9929594294'),
(29,	'khanriyaz617@gmail.com',	46,	96,	54,	148,	'2018-10-26 12:37:00',	'0',	'9929594294'),
(30,	'khanriyaz617@gmail.com',	46,	96,	54,	148,	'2018-10-26 12:38:11',	'0',	'9929594294'),
(31,	'khanriyaz617@gmail.com',	46,	96,	54,	148,	'2018-10-26 12:38:26',	'0',	'9929594294'),
(32,	'khanriyaz617@gmail.com',	46,	96,	54,	148,	'2018-10-26 12:38:37',	'0',	'9929594294'),
(33,	'khanriyaz617@gmail.com',	46,	96,	54,	148,	'2018-10-26 12:39:44',	'0',	'9929594294'),
(34,	'khanriyaz617@gmail.com',	46,	96,	54,	148,	'2018-10-26 12:42:11',	'0',	'9929594294'),
(35,	'khanriyaz617@gmail.com',	46,	96,	54,	148,	'2018-10-26 12:42:45',	'0',	'9929594294'),
(36,	'khanriyaz617@gmail.com',	46,	96,	54,	148,	'2018-10-26 12:44:34',	'0',	'9929594294'),
(37,	'khanriyaz617@gmail.com',	46,	96,	54,	148,	'2018-10-26 12:44:56',	'0',	'9929594294'),
(38,	'khanriyaz617@gmail.com',	46,	96,	54,	148,	'2018-10-26 12:45:16',	'0',	'9929594294'),
(39,	'khanriyaz617@gmail.com',	46,	96,	54,	148,	'2018-10-26 12:45:40',	'0',	'9929594294'),
(40,	'khanriyaz617@gmail.com',	46,	96,	54,	148,	'2018-10-26 12:45:46',	'0',	'9929594294'),
(41,	'khanriyaz617@gmail.com',	46,	96,	54,	148,	'2018-10-26 12:46:40',	'0',	'9929594294'),
(42,	'khanriyaz617@gmail.com',	46,	96,	54,	148,	'2018-10-26 12:46:50',	'0',	'9929594294'),
(43,	'khanriyaz617@gmail.com',	46,	96,	54,	148,	'2018-10-26 12:47:01',	'0',	'9929594294'),
(44,	'khanriyaz617@gmail.com',	46,	96,	54,	148,	'2018-10-26 12:47:24',	'0',	'9929594294'),
(45,	'khanriyaz617@gmail.com',	46,	96,	54,	148,	'2018-10-26 12:47:54',	'1',	'9929594294'),
(46,	'khanriyaz617@gmail.com',	46,	96,	54,	148,	'2018-10-26 13:08:53',	'1',	'9929594294'),
(47,	'khanriyaz617@gmail.com',	46,	96,	54,	148,	'2018-10-26 13:09:01',	'1',	'9929594294'),
(48,	'khanriyaz617@gmail.com',	46,	96,	54,	148,	'2018-10-26 01:10:20',	'0',	'9929594294'),
(49,	'khanriyaz617@gmail.com',	46,	96,	54,	148,	'2018-10-26 01:11:02',	'0',	'9929594294'),
(50,	'khanriyaz617@gmail.com',	46,	96,	54,	148,	'2018-10-26 01:11:19',	'0',	'9929594294'),
(51,	'khanriyaz617@gmail.com',	46,	96,	54,	148,	'2018-10-26 01:11:49',	'0',	'9929594294'),
(52,	'khanriyaz617@gmail.com',	46,	96,	54,	148,	'2018-10-26 13:13:20',	'1',	'9929594294'),
(53,	'riyaz.ahamad@sunarctechnologies.com',	46,	96,	54,	148,	'2018-10-26 06:33:08',	'0',	'9929594294'),
(54,	'riyaz.ahamad@sunarctechnologies.com',	46,	96,	54,	148,	'2018-10-26 18:33:16',	'1',	'9929594294'),
(55,	'riyaz.ahamad@sunarctechnologies.com',	46,	96,	54,	148,	'2018-10-26 18:47:31',	'1',	'9929594294'),
(56,	'riyaz.ahamad@sunarctechnologies.com',	46,	96,	54,	148,	'2018-10-26 18:48:02',	'1',	'9929594294'),
(57,	'riyaz.ahamad@sunarctechnologies.com',	46,	96,	54,	148,	'2018-10-26 19:01:36',	'1',	'9929594294'),
(58,	'riyaz.ahamad@sunarctechnologies.com',	46,	96,	54,	148,	'2018-10-26 19:05:03',	'1',	'9929594294'),
(59,	'riyaz.ahamad@sunarctechnologies.com',	46,	96,	54,	148,	'2018-10-26 07:06:31',	'0',	'9929594294'),
(60,	'riyaz.ahamad@sunarctechnologies.com',	46,	96,	54,	148,	'2018-10-26 19:08:32',	'1',	'9929594294'),
(61,	'riyaz.ahamad@sunarctechnologies.com',	46,	96,	54,	148,	'2018-10-26 19:09:30',	'1',	'9929594294'),
(62,	'riyaz.ahamad@sunarctechnologies.com',	46,	96,	54,	148,	'2018-10-26 19:11:20',	'1',	'9929594294'),
(63,	'riyaz.ahamad@sunarctechnologies.com',	46,	96,	54,	148,	'2018-10-26 19:13:08',	'1',	'9929594294'),
(64,	'riyaz.ahamad@sunarctechnologies.com',	46,	96,	54,	148,	'2018-10-26 19:13:23',	'1',	'9929594294'),
(65,	'riyaz.ahamad@sunarctechnologies.com',	46,	96,	54,	148,	'2018-10-26 19:13:57',	'1',	'9929594294'),
(66,	'riyaz.ahamad@sunarctechnologies.com',	46,	96,	54,	148,	'2018-10-26 19:14:09',	'1',	'9929594294'),
(67,	'riyaz.ahamad@sunarctechnologies.com',	46,	96,	54,	148,	'2018-10-26 19:14:33',	'1',	'9929594294'),
(68,	'riyaz.ahamad@sunarctechnologies.com',	46,	96,	54,	148,	'2018-10-26 19:14:46',	'1',	'9929594294'),
(69,	'riyaz.ahamad@sunarctechnologies.com',	46,	96,	54,	148,	'2018-10-26 07:14:53',	'0',	'9929594294'),
(70,	'riyaz.ahamad@sunarctechnologies.com',	46,	96,	54,	148,	'2018-10-26 07:15:02',	'0',	'9929594294'),
(71,	'riyaz.ahamad@sunarctechnologies.com',	46,	96,	54,	148,	'2018-10-26 19:15:11',	'1',	'9929594294'),
(72,	'riyaz.ahamad@sunarctechnologies.com',	46,	96,	54,	148,	'2018-10-26 19:15:48',	'1',	'9929594294'),
(73,	'riyaz.ahamad@sunarctechnologies.com',	46,	96,	54,	148,	'2018-10-26 19:16:06',	'1',	'9929594294'),
(74,	'riyaz.ahamad@sunarctechnologies.com',	46,	96,	54,	148,	'2018-10-26 19:16:16',	'1',	'9929594294'),
(75,	'riyaz.ahamad@sunarctechnologies.com',	46,	96,	54,	148,	'2018-10-26 19:18:47',	'1',	'9929594294'),
(76,	'riyaz.ahamad@sunarctechnologies.com',	46,	96,	54,	148,	'2018-10-26 19:20:22',	'1',	'9929594294'),
(77,	'riyaz.ahamad@sunarctechnologies.com',	46,	96,	54,	148,	'2018-10-26 19:25:59',	'1',	'9929594294'),
(78,	'riyaz.ahamad@sunarctechnologies.com',	46,	96,	54,	148,	'2018-10-26 07:29:49',	'0',	'9929594294'),
(79,	'riyaz123@mailinator.com',	46,	96,	54,	148,	'2018-10-26 07:47:27',	'0',	'9929594294'),
(80,	'riyaz123@mailinator.com',	46,	96,	54,	148,	'2018-10-29 07:07:24',	'0',	'9929594294'),
(81,	'riyaz123@mailinator.com',	46,	96,	54,	148,	'2018-10-29 07:08:24',	'0',	'9929594294'),
(82,	'riyaz123@mailinator.com',	46,	96,	54,	148,	'2018-10-29 07:10:46',	'0',	'9929594294'),
(83,	'bmvjh@gmail.com',	69,	226,	54,	148,	'2018-11-02 05:31:43',	'0',	'4578874894'),
(84,	'bmvjh@gmail.com',	69,	226,	54,	148,	'2018-11-02 05:31:44',	'0',	'4578874894'),
(85,	'chanser@sunarc.in',	69,	226,	54,	148,	'2018-11-02 05:33:41',	'0',	'9928861470'),
(86,	'vyibiuub@d.com',	69,	226,	54,	148,	'2018-11-05 02:29:16',	'0',	'1122473273'),
(87,	'dgfgf@gmail.com',	69,	226,	54,	148,	'2018-11-05 02:42:14',	'0',	'4675548800'),
(88,	'dgfgf@gmail.com',	69,	226,	54,	148,	'2018-11-05 02:42:16',	'0',	'4675548800'),
(89,	'bouub@gmail.com',	69,	226,	54,	148,	'2018-11-12 01:38:06',	'0',	'1162432442'),
(90,	'bouub@gmail.com',	69,	226,	54,	148,	'2018-11-12 01:38:08',	'0',	'1162432442'),
(91,	'ojnjon@guu.com',	71,	228,	54,	148,	'2018-11-12 06:14:13',	'0',	'5371758385'),
(92,	'ojnjon@guu.com',	71,	228,	54,	148,	'2018-11-12 06:14:14',	'0',	'5371758385'),
(93,	'hvjjvhkvhkbh@vyjjhvkhb.com',	71,	228,	54,	148,	'2018-11-12 06:43:40',	'0',	'4445787877'),
(94,	'mn@gmail.com',	71,	228,	54,	148,	'2018-11-12 06:49:30',	'0',	'1122334455'),
(95,	'vihubi@h.com',	71,	228,	54,	148,	'2018-11-13 11:57:29',	'0',	'1221737233'),
(96,	'vihubi@h.com',	71,	228,	54,	148,	'2018-11-13 11:57:31',	'0',	'1221737233'),
(97,	'uhoi@jhkojb.com',	71,	228,	54,	148,	'2018-11-13 02:55:52',	'0',	'6431324324'),
(98,	'vhjjhvv@f.com',	71,	228,	54,	148,	'2018-11-13 04:52:18',	'0',	'8451166676'),
(99,	'abc@gmail.com',	71,	228,	54,	148,	'2018-11-14 10:58:49',	'0',	'7784979579'),
(100,	'abc@gmail.com',	71,	228,	54,	148,	'2018-11-14 10:58:51',	'0',	'7784979579'),
(101,	'rajneesh.vyas-facilitator@gmail.com',	78,	239,	54,	148,	'2018-12-13 07:34:50',	'1',	'9414140013'),
(102,	'rajneesh.vyas-facilitator@gmail.com',	78,	239,	54,	148,	'2018-12-13 07:34:52',	'1',	'9414140013'),
(103,	'rajneesh.vyas-facilitator@gmail.com',	78,	239,	54,	148,	'2018-12-13 07:34:54',	'1',	'9414140013'),
(104,	'garima@mailinator.com',	78,	239,	54,	148,	'2018-12-18 04:46:45',	'1',	'8606012365'),
(105,	'garima@mailinator.com',	78,	239,	54,	148,	'2018-12-18 04:46:47',	'1',	'8606012365'),
(106,	'g@gmail.com',	78,	239,	54,	148,	'2018-12-18 04:52:06',	'1',	'8606523147'),
(107,	'g@gmail.com',	78,	239,	54,	148,	'2018-12-18 04:52:08',	'1',	'8606523147'),
(108,	'a@b.com',	84,	243,	91,	252,	'2019-01-11 10:34:59',	'0',	'1234562333'),
(109,	'abc@gmail.com',	83,	250,	54,	148,	'2019-01-24 01:51:43',	'0',	'5899995569');

DROP TABLE IF EXISTS `device`;
CREATE TABLE `device` (
  `device_id` int(11) NOT NULL AUTO_INCREMENT,
  `device_name` varchar(200) DEFAULT NULL,
  `location_id` int(11) DEFAULT NULL,
  `company_id` int(11) DEFAULT NULL,
  `is_deleted` enum('Y','N') DEFAULT 'N',
  `device_status` varchar(200) DEFAULT 'Active',
  `user_id` int(11) DEFAULT NULL,
  `is_active` enum('Y','N') DEFAULT 'Y',
  `device_description` varchar(250) DEFAULT NULL,
  PRIMARY KEY (`device_id`),
  KEY `device_fk` (`company_id`),
  CONSTRAINT `device_fk` FOREIGN KEY (`company_id`) REFERENCES `company_detail` (`company_id`)
) ENGINE=InnoDB DEFAULT CHARSET=latin1;

INSERT INTO `device` (`device_id`, `device_name`, `location_id`, `company_id`, `is_deleted`, `device_status`, `user_id`, `is_active`, `device_description`) VALUES
(1,	'DEV01',	4,	10,	'Y',	'Active',	8,	'N',	NULL),
(2,	'DEV02',	7,	10,	'Y',	'Active',	8,	'N',	NULL),
(3,	'DEV13',	4,	10,	'Y',	'Active',	8,	'N',	NULL),
(4,	'DEV-103',	7,	10,	'Y',	'Inactive',	8,	'N',	NULL),
(5,	'DEV104',	7,	10,	'Y',	'Active',	8,	'N',	NULL),
(6,	'DEV105',	4,	10,	'Y',	'Active',	8,	'N',	'description here'),
(8,	'DEV-106',	4,	10,	'Y',	'Active',	8,	'N',	NULL),
(9,	'DEV_201',	10,	10,	'Y',	'',	8,	'N',	NULL),
(10,	'DEV_201',	NULL,	10,	'Y',	NULL,	8,	'N',	NULL),
(11,	'DEV_201',	NULL,	10,	'Y',	NULL,	8,	'N',	NULL),
(12,	'DEV_201',	NULL,	10,	'Y',	NULL,	8,	'N',	NULL),
(13,	'DEV_202',	NULL,	10,	'Y',	NULL,	8,	'N',	NULL),
(14,	'DEV_201',	7,	10,	'Y',	'Inactive',	8,	'N',	NULL),
(15,	'DEV_001',	NULL,	10,	'Y',	NULL,	8,	'N',	NULL),
(16,	'dev-101',	12,	12,	'Y',	'Active',	19,	'N',	NULL),
(17,	'dev-102',	13,	12,	'Y',	'Active',	19,	'N',	NULL),
(18,	'dev-103',	14,	12,	'Y',	'Active',	19,	'N',	NULL),
(19,	'DEV-103',	7,	10,	'Y',	'Active',	8,	'N',	'Test complete'),
(20,	'001-Dev',	NULL,	22,	'N',	'Active',	28,	'Y',	NULL),
(21,	'DEV_006',	NULL,	10,	'Y',	'Active',	29,	'N',	NULL),
(22,	'DEV_007',	0,	10,	'Y',	'Active',	29,	'N',	NULL),
(23,	'Test',	NULL,	10,	'Y',	'Active',	29,	'N',	NULL),
(24,	'DEV_007',	4,	10,	'Y',	'Active',	29,	'N',	'Testing'),
(25,	'DEV_006',	4,	10,	'Y',	'Active',	29,	'N',	NULL),
(26,	'Test',	7,	10,	'Y',	'Active',	8,	'N',	NULL),
(27,	'Test Device',	7,	10,	'Y',	'Active',	8,	'N',	'Test'),
(28,	'DEV_007',	9,	10,	'Y',	'Active',	33,	'N',	'device test for dev_007'),
(29,	'DEV_007',	9,	10,	'Y',	'Active',	29,	'N',	'test'),
(30,	'',	0,	10,	'Y',	'Active',	4,	'N',	NULL),
(31,	'359616044836047',	4,	10,	'Y',	'Active',	4,	'N',	NULL),
(32,	'000000000000000',	4,	10,	'Y',	'Active',	4,	'N',	NULL),
(33,	'000000000000000',	4,	10,	'Y',	'Active',	4,	'N',	NULL),
(34,	'A-1',	0,	33,	'Y',	'',	78,	'N',	'A'),
(35,	'A-1',	0,	33,	'Y',	'Active',	78,	'N',	'A'),
(36,	'A-1',	0,	33,	'N',	'Active',	78,	'Y',	'A'),
(37,	'359616044836047',	4,	10,	'Y',	'Active',	11,	'N',	NULL),
(38,	'A-1',	18,	34,	'Y',	'Active',	80,	'N',	'A'),
(39,	'A-1',	18,	34,	'N',	'Active',	80,	'N',	'A'),
(40,	'A-1',	18,	34,	'N',	'Inactive',	84,	'Y',	'A'),
(41,	'B-1',	18,	34,	'Y',	'Active',	80,	'N',	'B'),
(42,	'000000000000000',	4,	10,	'Y',	'Active',	11,	'N',	NULL),
(43,	'000000000000000',	4,	10,	'Y',	'Active',	11,	'N',	NULL),
(44,	'000000000000000',	4,	10,	'Y',	'Active',	11,	'N',	NULL),
(45,	'000000000000000',	4,	10,	'Y',	'Active',	11,	'N',	NULL),
(46,	'DEV-20',	24,	10,	'Y',	'Active',	29,	'N',	'demo1'),
(47,	'DEV-21',	24,	10,	'Y',	'Active',	8,	'N',	'demo2'),
(48,	'B-1',	18,	34,	'N',	'Inactive',	84,	'Y',	'B'),
(49,	'000000000000000',	4,	10,	'Y',	'Active',	11,	'N',	NULL),
(50,	'000000000000000',	4,	10,	'Y',	'Active',	11,	'N',	NULL),
(51,	'DEV-23',	9,	10,	'Y',	'Inactive',	29,	'N',	'test demo dev1'),
(52,	'',	0,	32,	'N',	'Active',	61,	'Y',	NULL),
(53,	'sdsd',	3,	10,	'Y',	'Active',	11,	'N',	NULL),
(54,	'000000000000000',	4,	22,	'N',	'Active',	53,	'Y',	NULL),
(55,	'000000000000000',	4,	22,	'N',	'Active',	53,	'Y',	NULL),
(56,	'000000000000000',	4,	22,	'N',	'Active',	53,	'Y',	NULL),
(57,	'000000000000000',	4,	22,	'N',	'Active',	53,	'Y',	NULL),
(58,	'000000000000000',	4,	10,	'Y',	'Active',	11,	'N',	NULL),
(59,	'000000000000000',	4,	10,	'Y',	'Active',	11,	'N',	NULL),
(60,	'000000000000000',	4,	10,	'Y',	'Active',	11,	'N',	NULL),
(61,	'android1',	4,	10,	'Y',	'Active',	11,	'N',	NULL),
(62,	'android1',	4,	10,	'Y',	'Active',	11,	'N',	NULL),
(63,	'000000000000000',	4,	10,	'Y',	'Active',	11,	'N',	NULL),
(64,	'A-2',	0,	32,	'N',	'Active',	61,	'Y',	'A'),
(65,	'A-2',	0,	32,	'N',	'Active',	61,	'Y',	'A'),
(66,	'A-2',	26,	32,	'N',	'Active',	61,	'Y',	'A'),
(67,	'A-2',	26,	32,	'N',	'Active',	61,	'Y',	'A'),
(68,	'A-2',	26,	32,	'N',	'Active',	61,	'Y',	'A'),
(69,	'000000000000000',	4,	10,	'Y',	'Active',	11,	'N',	NULL),
(70,	'000000000000000',	4,	10,	'Y',	'Active',	11,	'N',	NULL),
(71,	'B-1',	18,	32,	'N',	'Inactive',	84,	'Y',	'Test-B'),
(72,	'I 1',	0,	39,	'N',	'Active',	110,	'Y',	'test'),
(73,	'qwe',	7,	10,	'Y',	'Active',	8,	'N',	NULL),
(74,	'000000000000000',	4,	10,	'Y',	'Active',	8,	'N',	NULL),
(75,	'J 1',	31,	39,	'N',	'Active',	110,	'Y',	'demo'),
(76,	'359616044836047',	9,	10,	'Y',	'Active',	8,	'N',	'test'),
(77,	'k1',	33,	39,	'N',	'Active',	110,	'Y',	'1'),
(78,	'L 3',	33,	39,	'N',	'Active',	110,	'Y',	'2'),
(79,	'L 1',	31,	39,	'N',	'Active',	110,	'Y',	'Active'),
(80,	'Z1',	35,	39,	'Y',	'Active',	110,	'N',	'B'),
(81,	'I 1',	26,	32,	'N',	'Active',	56,	'Y',	'A'),
(82,	'000000000000000',	4,	10,	'Y',	'Active',	8,	'N',	NULL),
(83,	'000000000000000',	24,	10,	'Y',	'Active',	8,	'N',	NULL),
(87,	'DEV01',	39,	10,	'N',	'Active',	8,	'Y',	'Device 001 for Device Loc DEV-002'),
(88,	'DEV02',	38,	10,	'N',	'Active',	8,	'Y',	'DEV02 for device location Dev001'),
(89,	'DEV 03',	40,	10,	'N',	'Active',	133,	'Y',	'dev 003'),
(90,	'DEV-D1',	41,	50,	'N',	'Active',	136,	'Y',	'device 01'),
(91,	'DEV-D2',	41,	50,	'N',	'Active',	136,	'Y',	'device 2'),
(92,	'DEV-D3',	42,	50,	'N',	'Active',	138,	'Y',	'device 3'),
(93,	'DEV-D4',	42,	50,	'N',	'Active',	138,	'Y',	'device 4'),
(94,	'ipad-987',	44,	1,	'N',	'Active',	145,	'Y',	'ipad-987'),
(95,	'DEV-TCS-01',	45,	54,	'N',	'Active',	148,	'N',	'device tcs 01'),
(96,	'DEV-TCS-02',	46,	54,	'N',	'Active',	148,	'Y',	'device tcs 02'),
(97,	'DEV-01',	47,	60,	'Y',	'Active',	173,	'N',	'device 1'),
(98,	'DEV-02',	48,	60,	'N',	'Active',	174,	'Y',	'device 2'),
(99,	'DEV-03',	47,	60,	'Y',	'Active',	181,	'N',	'device 3'),
(100,	'DEV-04',	49,	60,	'Y',	'Active',	181,	'N',	'device 4'),
(101,	'354101061566855',	45,	54,	'N',	'Active',	148,	'Y',	NULL),
(102,	'354101061566855',	45,	54,	'N',	'Active',	148,	'Y',	NULL),
(103,	'354101061566855',	45,	54,	'N',	'Active',	148,	'Y',	NULL),
(104,	'354101061566855',	45,	54,	'N',	'Active',	148,	'Y',	NULL),
(105,	'354101061566855',	46,	54,	'N',	'Active',	148,	'Y',	NULL),
(106,	'354101061566855',	45,	54,	'N',	'Active',	148,	'Y',	NULL),
(107,	'000000000000000',	45,	54,	'N',	'Active',	148,	'Y',	NULL),
(108,	'000000000000000',	45,	54,	'N',	'Active',	148,	'Y',	NULL),
(109,	'000000000000000',	45,	54,	'N',	'Active',	148,	'Y',	'ssss'),
(110,	'000000000000000',	45,	54,	'N',	'Active',	148,	'Y',	NULL),
(111,	'Mark-1',	50,	66,	'N',	'Active',	195,	'Y',	'Device owner is candice alva'),
(112,	'000000000000000',	45,	54,	'N',	'Active',	148,	'Y',	NULL),
(113,	'DEV ITC 01',	51,	71,	'Y',	'Active',	202,	'N',	'TEST ONE'),
(114,	'DEV ITC 02',	52,	71,	'Y',	'Active',	204,	'N',	'test two'),
(115,	'DEV ITC 03',	51,	71,	'Y',	'Active',	202,	'N',	'test third'),
(116,	'DEV ITC 04',	52,	71,	'Y',	'Active',	204,	'N',	'test fourth'),
(117,	'000000000000000',	51,	71,	'Y',	'Active',	202,	'N',	NULL),
(118,	'000000000000000',	51,	71,	'Y',	'Active',	202,	'N',	NULL),
(119,	'000000000000000',	52,	71,	'Y',	'Active',	204,	'N',	NULL),
(120,	'000000000000000',	53,	71,	'Y',	'Active',	204,	'N',	NULL),
(121,	'000000000000000',	51,	71,	'Y',	'Active',	202,	'N',	NULL),
(122,	'000000000000000',	53,	71,	'Y',	'Active',	204,	'N',	NULL),
(123,	'000000000000000',	55,	71,	'Y',	'Active',	204,	'N',	NULL),
(124,	'000000000000000',	56,	71,	'Y',	'Active',	202,	'N',	NULL),
(125,	'000000000000000',	55,	71,	'Y',	'Active',	204,	'N',	NULL),
(126,	'000000000000000',	56,	71,	'Y',	'Active',	202,	'N',	NULL),
(127,	'352302076211154',	55,	71,	'Y',	'Active',	202,	'N',	NULL),
(128,	'000000000000000',	56,	71,	'Y',	'Active',	204,	'N',	NULL),
(129,	'000000000000000',	55,	71,	'Y',	'Active',	202,	'N',	NULL),
(130,	'000000000000000',	55,	71,	'Y',	'Active',	202,	'N',	NULL),
(131,	'000000000000000',	55,	71,	'Y',	'Active',	202,	'N',	NULL),
(132,	'000000000000000',	55,	71,	'Y',	'Active',	204,	'N',	NULL),
(133,	'000000000000000',	55,	71,	'Y',	'Active',	204,	'N',	NULL),
(134,	'000000000000000',	55,	71,	'Y',	'Active',	202,	'N',	NULL),
(135,	'000000000000000',	55,	71,	'Y',	'Active',	202,	'N',	NULL),
(136,	'000000000000000',	55,	71,	'Y',	'Active',	202,	'N',	NULL),
(137,	'000000000000000',	55,	71,	'Y',	'Active',	202,	'N',	NULL),
(138,	'000000000000000',	55,	71,	'Y',	'Active',	202,	'N',	NULL),
(139,	'000000000000000',	56,	71,	'Y',	'Active',	204,	'N',	NULL),
(140,	'000000000000000',	55,	71,	'Y',	'Active',	202,	'N',	NULL),
(141,	'000000000000000',	55,	71,	'Y',	'Active',	202,	'N',	NULL),
(142,	'000000000000000',	55,	71,	'N',	'Active',	202,	'Y',	NULL),
(143,	'000000000000000',	57,	71,	'N',	'Active',	204,	'Y',	NULL),
(144,	'de01',	59,	63,	'N',	'Active',	185,	'Y',	'You can easily change the formatting of selected text in the document text by choosing a look for the selected text from the Quick Styles gallery on the Home tab'),
(145,	'ch01',	54,	63,	'N',	'Active',	210,	'Y',	'You can easily change the formatting of selected text in the document text by choosing a look for the selected text from the Quick Styles gallery on the Home tab'),
(146,	'dsfsdf',	54,	63,	'Y',	'Active',	185,	'N',	'dsfsdf'),
(147,	'000000000000000',	55,	71,	'N',	'Active',	204,	'Y',	NULL),
(148,	'DE02',	59,	63,	'N',	'Active',	210,	'Y',	'related to feedback'),
(149,	'000000000000000',	54,	63,	'N',	'Active',	210,	'Y',	NULL),
(150,	'000000000000000',	54,	63,	'N',	'Active',	210,	'Y',	NULL),
(151,	'000000000000000',	55,	71,	'N',	'Active',	202,	'Y',	NULL),
(152,	'000000000000000',	55,	71,	'N',	'Active',	202,	'Y',	NULL),
(153,	'000000000000000',	55,	71,	'N',	'Active',	202,	'Y',	NULL),
(154,	'000000000000000',	55,	71,	'N',	'Active',	202,	'Y',	NULL),
(155,	'000000000000000',	55,	71,	'N',	'Active',	202,	'Y',	NULL),
(156,	'000000000000000',	55,	71,	'N',	'Active',	202,	'Y',	NULL),
(157,	'000000000000000',	55,	71,	'N',	'Active',	202,	'Y',	NULL),
(158,	'000000000000000',	55,	71,	'N',	'Active',	202,	'Y',	NULL),
(159,	'000000000000000',	55,	71,	'N',	'Active',	202,	'Y',	NULL),
(160,	'000000000000000',	54,	63,	'N',	'Active',	210,	'Y',	NULL),
(161,	'000000000000000',	59,	63,	'N',	'Active',	210,	'Y',	NULL),
(162,	'000000000000000',	55,	71,	'N',	'Active',	202,	'Y',	NULL),
(163,	'000000000000000',	55,	71,	'N',	'Active',	202,	'Y',	NULL),
(164,	'000000000000000',	55,	71,	'N',	'Active',	202,	'Y',	NULL),
(165,	'000000000000000',	55,	71,	'N',	'Active',	202,	'Y',	NULL),
(166,	'000000000000000',	55,	71,	'N',	'Active',	202,	'Y',	NULL),
(167,	'000000000000000',	55,	71,	'N',	'Active',	202,	'Y',	NULL),
(168,	'000000000000000',	54,	63,	'N',	'Active',	210,	'Y',	NULL),
(169,	'000000000000000',	54,	63,	'N',	'Active',	210,	'Y',	NULL),
(170,	'000000000000000',	59,	63,	'N',	'Active',	210,	'Y',	NULL),
(171,	'000000000000000',	54,	63,	'N',	'Active',	210,	'Y',	NULL),
(172,	'000000000000000',	54,	63,	'N',	'Active',	210,	'Y',	NULL),
(173,	'000000000000000',	54,	63,	'N',	'Active',	210,	'Y',	NULL),
(174,	'000000000000000',	54,	63,	'N',	'Active',	210,	'Y',	NULL),
(175,	'000000000000000',	54,	63,	'N',	'Active',	210,	'Y',	NULL),
(176,	'000000000000000',	54,	63,	'N',	'Active',	210,	'Y',	NULL),
(177,	'000000000000000',	54,	63,	'N',	'Active',	210,	'Y',	NULL),
(178,	'000000000000000',	54,	63,	'N',	'Active',	210,	'Y',	NULL),
(179,	'000000000000000',	54,	63,	'N',	'Active',	210,	'Y',	NULL),
(180,	'000000000000000',	59,	63,	'N',	'Active',	210,	'Y',	NULL),
(181,	'000000000000000',	54,	63,	'N',	'Active',	210,	'Y',	NULL),
(182,	'000000000000000',	54,	63,	'N',	'Active',	210,	'Y',	NULL),
(183,	'000000000000000',	54,	63,	'N',	'Active',	210,	'Y',	NULL),
(184,	'000000000000000',	54,	63,	'N',	'Active',	210,	'Y',	NULL),
(185,	'000000000000000',	54,	63,	'N',	'Active',	210,	'Y',	NULL),
(186,	'354101061566855',	54,	63,	'N',	'Active',	210,	'Y',	NULL),
(187,	'354101061566855',	59,	63,	'N',	'Active',	210,	'Y',	NULL),
(188,	'000000000000000',	54,	63,	'N',	'Active',	210,	'Y',	NULL),
(189,	'000000000000000',	59,	63,	'N',	'Active',	210,	'Y',	NULL),
(190,	'000000000000000',	54,	63,	'N',	'Active',	210,	'Y',	NULL),
(191,	'000000000000000',	59,	63,	'N',	'Active',	210,	'Y',	NULL),
(192,	'000000000000000',	54,	63,	'N',	'Active',	210,	'Y',	NULL),
(193,	'000000000000000',	54,	63,	'N',	'Active',	210,	'Y',	NULL),
(194,	'000000000000000',	59,	63,	'N',	'Active',	210,	'Y',	NULL),
(195,	'000000000000000',	54,	63,	'N',	'Active',	210,	'Y',	NULL),
(196,	'000000000000000',	54,	63,	'N',	'Active',	210,	'Y',	NULL),
(197,	'000000000000000',	54,	63,	'N',	'Active',	210,	'Y',	NULL),
(198,	'000000000000000',	55,	71,	'N',	'Active',	202,	'Y',	NULL),
(199,	'000000000000000',	57,	71,	'N',	'Active',	202,	'Y',	NULL),
(200,	'000000000000000',	61,	71,	'N',	'Active',	202,	'Y',	NULL),
(201,	'000000000000000',	60,	71,	'Y',	'Active',	214,	'N',	NULL),
(202,	'000000000000000',	62,	73,	'Y',	'Active',	217,	'N',	NULL),
(203,	'000000000000000',	63,	73,	'Y',	'Active',	217,	'N',	NULL),
(204,	'000000000000000',	64,	73,	'Y',	'Active',	217,	'N',	NULL),
(205,	'000000000000000',	65,	73,	'Y',	'Active',	217,	'N',	NULL),
(206,	'000000000000000',	66,	73,	'Y',	'Active',	217,	'N',	NULL),
(207,	'000000000000000',	63,	73,	'N',	'Active',	221,	'Y',	NULL),
(208,	'000000000000000',	62,	73,	'N',	'Active',	221,	'Y',	NULL),
(209,	'a790b832-1b77-4df4-8a70-79c7f417495e',	60,	71,	'N',	'Active',	202,	'Y',	NULL),
(210,	'dee594d0-dbd8-4f45-841e-a6ac3ecf2e69',	68,	54,	'N',	'Active',	148,	'Y',	NULL),
(211,	'37f658f9-fea4-4174-8b8c-a0aebb19ba9b',	67,	54,	'N',	'Active',	148,	'Y',	NULL),
(212,	'f3684e25-b6bd-478d-b3e6-cc53855a73eb',	73,	54,	'N',	'Active',	148,	'Y',	NULL),
(213,	'Device12',	45,	54,	'N',	'Active',	148,	'Y',	'sdsd'),
(214,	'aaa',	45,	54,	'N',	'Active',	148,	'Y',	'aa'),
(215,	'aaa',	45,	54,	'N',	'Inactive',	148,	'Y',	'aa'),
(216,	'Device15',	45,	54,	'N',	'Active',	148,	'Y',	'sdsad'),
(217,	'Device15',	45,	54,	'N',	'Active',	148,	'Y',	'sdsad'),
(218,	'Device15',	45,	54,	'N',	'Active',	148,	'Y',	'sdsad'),
(219,	'Device122',	45,	54,	'N',	'Active',	148,	'Y',	'22'),
(220,	'dasd',	45,	54,	'N',	'Active',	148,	'Y',	'asd'),
(221,	'weqwe',	46,	54,	'N',	'Active',	148,	'Y',	'qwewe'),
(222,	'we',	45,	54,	'N',	'Inactive',	148,	'Y',	'wqeqwe'),
(223,	'we2',	45,	54,	'N',	'Inactive',	148,	'Y',	'EEE'),
(224,	'wet',	71,	54,	'Y',	'Active',	148,	'N',	'RIyaz'),
(225,	'Device007',	45,	54,	'N',	'Active',	148,	'Y',	'12589'),
(226,	'31a7c042-0ce2-4b86-a40d-d1be0862bca6',	69,	54,	'N',	'Active',	148,	'Y',	NULL),
(227,	'85f0cd60-74ec-4d61-85eb-bb63ca609b0a',	70,	54,	'N',	'Active',	148,	'Y',	NULL),
(228,	'82be3adc-400c-4698-93c3-64e58d55f376',	71,	54,	'N',	'Active',	148,	'Y',	NULL),
(229,	'samsung tab',	77,	88,	'N',	'Active',	245,	'Y',	'under laxman near cafetria'),
(230,	'6827d46d-cafa-41d4-9d1b-a407c8b0c0c0',	72,	54,	'N',	'Active',	148,	'Y',	NULL),
(231,	'99647a18-3e5c-4ab1-ae20-d1289b476e4d',	75,	54,	'N',	'Active',	148,	'Y',	NULL),
(232,	'dc047213-de8a-4800-96f4-6b1e75412e01',	76,	54,	'N',	'Active',	148,	'Y',	NULL),
(233,	'uat-1',	78,	54,	'Y',	'Active',	148,	'N',	'dummy'),
(234,	'uat2',	79,	54,	'Y',	'Active',	148,	'N',	'ssssss'),
(235,	'uat-3',	79,	54,	'Y',	'Active',	148,	'N',	'ssssssssss'),
(236,	'b9bc0f91-fd8e-41b2-b983-0e9fc3f5d2ec',	78,	54,	'Y',	'Active',	148,	'N',	NULL),
(237,	'6bfa6a19-4f8f-4ece-bde0-35464fbbaa4b',	78,	54,	'Y',	'Active',	148,	'N',	NULL),
(238,	'39a8caa7-1b7e-49d3-8ecd-2eb49788ff37',	78,	54,	'Y',	'Active',	148,	'N',	NULL),
(239,	'5bb95529-7500-41f0-98ea-551f96236ff1',	78,	54,	'N',	'Active',	148,	'Y',	NULL),
(240,	'samsung galaxy tab ',	82,	89,	'N',	'Active',	248,	'Y',	'to note down the feedback '),
(241,	'867520042478676',	79,	54,	'N',	'Active',	148,	'Y',	NULL),
(242,	'DEV001',	84,	91,	'Y',	'Active',	252,	'N',	'XYZ'),
(243,	'358240051111110',	84,	91,	'Y',	'Active',	252,	'N',	NULL),
(244,	'358240051111110',	81,	54,	'Y',	'Active',	148,	'N',	NULL),
(245,	'354517080365567',	80,	54,	'Y',	'Active',	148,	'N',	NULL),
(246,	'358240051111110',	83,	54,	'Y',	'Active',	148,	'N',	NULL),
(247,	'358240051111110',	80,	54,	'Y',	'Active',	148,	'N',	NULL),
(248,	'4776db7d-b4dd-4b0a-a005-ce47c04a1092',	81,	54,	'N',	'Active',	148,	'Y',	NULL),
(249,	'b20da73e-6dfc-423f-8bf2-4cde4a95aaa1',	85,	92,	'N',	'Active',	255,	'Y',	NULL),
(250,	'e1ae7e6f-9cad-4174-a712-05d5aa9c7fb1',	83,	54,	'Y',	'Active',	148,	'N',	NULL),
(251,	'0c02b73e-6e94-4b3e-95db-60a04b2c08d3',	83,	54,	'Y',	'Active',	148,	'N',	NULL),
(252,	'ddc973dd-ed41-414c-a1cc-091080509289',	87,	92,	'N',	'Active',	255,	'Y',	NULL),
(253,	'358240051111110',	80,	54,	'Y',	'Active',	148,	'N',	NULL),
(254,	'358240051111110',	80,	54,	'Y',	'Active',	148,	'N',	NULL),
(255,	'9513549e-abb6-4fa5-b796-53a02c52bcbe',	80,	54,	'N',	'Active',	148,	'Y',	NULL),
(256,	'764645fc-3049-4bc3-805a-018a9e56ef76',	83,	54,	'Y',	'Active',	148,	'N',	NULL),
(257,	'354517080365567',	83,	54,	'N',	'Active',	148,	'Y',	NULL),
(258,	'354517080365567',	86,	92,	'Y',	'Active',	255,	'N',	NULL),
(259,	'354517080365567',	86,	92,	'N',	'Active',	255,	'Y',	NULL),
(260,	'91347931-705e-4558-9dce-17fd6f26559e',	88,	93,	'N',	'Active',	258,	'Y',	NULL),
(261,	'2423bd69-1547-4d34-a8fb-5e508f4a4eef',	89,	94,	'N',	'Active',	261,	'Y',	NULL),
(262,	'354517080365567',	84,	91,	'N',	'Active',	252,	'Y',	NULL),
(263,	'354517080365567',	90,	54,	'N',	'Active',	148,	'Y',	NULL),
(264,	'1b3fed05-6f74-4e99-afd7-dab41a9610a1',	91,	94,	'N',	'Active',	261,	'Y',	NULL),
(265,	'sndsandsma,',	95,	95,	'N',	'Active',	263,	'Y',	NULL),
(266,	'85351e93-8654-429a-bfee-719d69369006',	92,	94,	'N',	'Active',	261,	'Y',	NULL),
(267,	'd51cc375-fc3e-4b73-b6fb-159ff8bcc718',	96,	96,	'N',	'Active',	264,	'Y',	NULL),
(268,	'b4b2d8b1-ec59-403d-afcd-695a9c0ff6c9',	94,	54,	'N',	'Active',	148,	'Y',	NULL),
(269,	'354517080365567',	97,	96,	'N',	'Active',	264,	'Y',	NULL),
(270,	'354517080365567',	100,	92,	'N',	'Active',	255,	'Y',	NULL),
(271,	'358240051111110',	102,	54,	'N',	'Active',	148,	'Y',	NULL),
(272,	'358240051111110',	101,	92,	'N',	'Active',	255,	'Y',	NULL),
(273,	'358240051111110',	104,	92,	'N',	'Active',	255,	'Y',	NULL),
(274,	'354517080365567',	106,	98,	'N',	'Active',	266,	'Y',	NULL),
(275,	'05eed2ac-71d6-4c15-9719-383981c5e206',	108,	99,	'Y',	'Active',	267,	'N',	NULL),
(276,	'359384090020640',	109,	99,	'Y',	'Active',	267,	'N',	NULL),
(277,	'358240051111110',	110,	101,	'N',	'Active',	269,	'Y',	NULL),
(278,	'351891084349973',	111,	101,	'N',	'Active',	269,	'Y',	NULL),
(279,	'358240051111110',	112,	101,	'N',	'Active',	269,	'Y',	NULL),
(280,	'4304aa3d-433b-4c10-8d13-9a6589d6ffee',	113,	102,	'N',	'Active',	270,	'N',	NULL),
(281,	'358240051111110',	114,	102,	'N',	'Active',	270,	'Y',	NULL),
(282,	'358240051111110',	114,	102,	'Y',	'Active',	270,	'N',	NULL),
(283,	'358240051111110',	116,	104,	'N',	'Active',	272,	'Y',	NULL),
(284,	'359384090020640',	107,	98,	'N',	'Active',	266,	'Y',	NULL),
(285,	'359384090020640',	128,	98,	'N',	'Active',	266,	'Y',	NULL),
(286,	'359384090020640',	129,	99,	'Y',	'Active',	267,	'N',	NULL),
(287,	'358240051111110',	130,	99,	'Y',	'Active',	267,	'N',	NULL),
(288,	'588335b5-1786-4a28-b68d-0932eb5ead4c',	120,	102,	'N',	'Inactive',	273,	'Y',	'TDH'),
(289,	'd3a57f5d-11b2-41ac-b97f-ddac1a392fcc',	121,	102,	'Y',	'Active',	270,	'N',	NULL),
(290,	'de1fcf99-e895-4ef6-81d6-d4177950367f',	121,	102,	'N',	'Inactive',	273,	'Y',	'hh'),
(291,	'359384090020640',	132,	99,	'Y',	'Active',	267,	'N',	NULL),
(292,	'f24334d0-177c-429f-ba39-fa90879d0401',	133,	99,	'Y',	'Active',	267,	'N',	NULL),
(293,	'358240051111110',	133,	99,	'Y',	'Active',	267,	'N',	NULL),
(294,	'359384090020640',	136,	99,	'Y',	'Active',	267,	'N',	NULL),
(295,	'359384090020640',	134,	105,	'Y',	'Active',	279,	'N',	NULL),
(296,	'359384090020640',	108,	99,	'Y',	'Active',	267,	'N',	NULL),
(297,	'359384090020640',	135,	105,	'Y',	'Active',	279,	'N',	NULL),
(298,	'',	137,	99,	'Y',	'Active',	267,	'N',	NULL),
(299,	'299',	137,	99,	'Y',	'Active',	267,	'N',	NULL),
(300,	'300',	137,	99,	'Y',	'Active',	267,	'N',	NULL),
(301,	'300',	137,	99,	'Y',	'Active',	267,	'N',	NULL),
(302,	'358240051111110',	138,	105,	'Y',	'Active',	279,	'N',	NULL),
(303,	'359384090020640',	139,	99,	'N',	'Active',	267,	'Y',	NULL),
(304,	'358240051111110',	138,	105,	'Y',	'Active',	279,	'N',	NULL),
(305,	'866463031098265',	134,	105,	'N',	'Active',	279,	'Y',	NULL),
(306,	'866463031098265',	135,	105,	'N',	'Active',	279,	'Y',	NULL);

DROP TABLE IF EXISTS `device_locations`;
CREATE TABLE `device_locations` (
  `location_id` int(11) NOT NULL AUTO_INCREMENT,
  `company_id` int(11) DEFAULT NULL,
  `location_name` varchar(200) DEFAULT NULL,
  `is_deleted` enum('N','Y') DEFAULT 'N',
  `is_active` enum('Y','N') DEFAULT 'Y',
  `location_description` varchar(250) DEFAULT NULL,
  PRIMARY KEY (`location_id`)
) ENGINE=InnoDB DEFAULT CHARSET=latin1;

INSERT INTO `device_locations` (`location_id`, `company_id`, `location_name`, `is_deleted`, `is_active`, `location_description`) VALUES
(1,	NULL,	'Bikaner',	'',	'Y',	NULL),
(2,	NULL,	'Ajmer',	'',	'Y',	NULL),
(3,	NULL,	'jaipur',	'',	'Y',	NULL),
(4,	10,	'DEV02-102',	'Y',	'N',	'Testing'),
(5,	NULL,	'jaipur',	'',	'Y',	NULL),
(6,	NULL,	'Ajmer',	'',	'Y',	NULL),
(7,	10,	'DEV01-101',	'Y',	'N',	'Testing'),
(8,	NULL,	'jaipur',	'',	'Y',	NULL),
(9,	10,	'DEV-07',	'Y',	'N',	'test device'),
(10,	10,	'DEV-06',	'Y',	'N',	NULL),
(11,	10,	'DEV-05',	'Y',	'N',	NULL),
(12,	12,	'DH-101',	'',	'N',	NULL),
(13,	12,	'DH-102',	'',	'N',	NULL),
(14,	12,	'DH-103',	'',	'N',	NULL),
(15,	22,	'my first location',	'N',	'Y',	NULL),
(16,	10,	'DEV-01',	'Y',	'N',	'tested'),
(17,	33,	'ABC',	'Y',	'Y',	'XYZ'),
(18,	34,	'DEF',	'N',	'Y',	'A Testing Device'),
(19,	34,	'ABC',	'Y',	'Y',	'B'),
(20,	33,	'Test',	'Y',	'Y',	'Demo'),
(21,	34,	'gautam',	'Y',	'Y',	''),
(22,	29,	'DEV-00',	'N',	'Y',	' device added by vinod'),
(23,	10,	'DEV-0',	'Y',	'N',	'device location for dev-0'),
(24,	10,	'DEV-001',	'Y',	'N',	'demo1'),
(25,	10,	'DEV-002',	'Y',	'N',	'demo2'),
(26,	32,	'ABC',	'N',	'Y',	'A'),
(27,	32,	'DEF',	'N',	'Y',	'D'),
(28,	34,	'DF2',	'N',	'N',	'F2'),
(29,	34,	'DF3',	'N',	'N',	'F3'),
(30,	39,	'tower-1',	'Y',	'N',	'demo'),
(31,	39,	'tower-2',	'N',	'N',	'dummy'),
(32,	39,	'tower-2',	'Y',	'N',	'ground'),
(33,	39,	'tower-3',	'N',	'Y',	'terrace'),
(34,	39,	'tower-4',	'N',	'N',	'B'),
(35,	39,	'tower-4',	'Y',	'N',	'B'),
(36,	32,	'tower-1',	'N',	'N',	'abc'),
(37,	48,	'Central mall',	'N',	'Y',	'testing'),
(38,	10,	'DEV-001',	'N',	'Y',	'Device Location 001'),
(39,	10,	'DEV-002',	'N',	'Y',	'Device Location 002'),
(40,	10,	'DEV-003',	'N',	'Y',	'dev 003 location'),
(41,	50,	'D-LOC-01',	'N',	'Y',	'device loc 1'),
(42,	50,	'D-LOC-02',	'N',	'Y',	'device loc 02'),
(43,	50,	'D-LOC-03',	'N',	'Y',	'device loc 03'),
(44,	1,	'Top Stairs',	'N',	'Y',	'Top Stairs'),
(45,	54,	'DEV-LOC-01',	'N',	'Y',	'location 01'),
(46,	54,	'DEV-LOC-02',	'N',	'Y',	'location 02'),
(47,	60,	'DEV-LOC-01',	'N',	'Y',	'gulmohar device location 1'),
(48,	60,	'DEV-LOC-02',	'N',	'Y',	'Gulmohar device location 2'),
(49,	60,	'DEV-LOC-03',	'Y',	'N',	'device loc 3'),
(50,	66,	'North West',	'N',	'Y',	'Toilet'),
(51,	71,	'ITC DIV LOC  001',	'Y',	'N',	'test location one'),
(52,	71,	'ITC DIV LOC  002',	'Y',	'N',	'test location two'),
(53,	71,	'ITC DIV LOC  003',	'Y',	'N',	'test location third'),
(54,	63,	'china airport',	'N',	'Y',	'You can easily change the formatting of selected text in the document text by choosing a look for the selected text from the Quick Styles gallery on the Home tab'),
(55,	71,	'itc_loc_new1',	'N',	'Y',	'1st des'),
(56,	71,	'itc_loc_new2',	'Y',	'N',	'2nd des'),
(57,	71,	'loc_new2',	'N',	'Y',	'2nd new description'),
(58,	63,	'You can easily change the formatting of selected text in the document text by choosing a look for the selected text from the Quick Styles gallery on the Home tab',	'Y',	'N',	'You can easily change the formatting of selected text in the document text by choosing a look for the selected text from the Quick Styles gallery on the Home tab'),
(59,	63,	'Delhi airport',	'N',	'Y',	'You can easily change the formatting of selected text in the document text by choosing a look for the selected text from the Quick Styles gallery on the Home tab'),
(60,	71,	'loc_new_3',	'N',	'Y',	'This is 3rd location'),
(61,	71,	'DEV-LOC-04',	'N',	'Y',	'new location 4th'),
(62,	73,	'newyork',	'N',	'Y',	'this is newyork'),
(63,	73,	'usa',	'N',	'Y',	'This is usa'),
(64,	73,	'california',	'N',	'Y',	'abc'),
(65,	73,	'Manhatten',	'N',	'Y',	'abc1'),
(66,	73,	'Canada',	'N',	'Y',	'abc2'),
(67,	54,	'Loc- new 3',	'N',	'Y',	'dummy location'),
(68,	54,	'LOC- new 4',	'N',	'Y',	'dummy'),
(69,	54,	'Dev- loc 5',	'N',	'Y',	'ddd'),
(70,	54,	'Dev-loc 6',	'N',	'Y',	's,mlm'),
(71,	54,	'dev loc 7',	'N',	'Y',	'Riya'),
(72,	54,	'dev loc 88',	'N',	'Y',	'sssssssss'),
(73,	54,	'dev loc 9',	'N',	'Y',	'ssssssssssss'),
(74,	54,	'RIY00889',	'N',	'N',	'Gurgaons123'),
(75,	54,	'ssss',	'N',	'Y',	'sssssssss'),
(76,	54,	'qqqqq',	'N',	'Y',	'xxxxxxx'),
(77,	88,	'Company HQ-Gurgaon',	'N',	'Y',	'Near cafetria'),
(78,	54,	'Uat-location',	'N',	'Y',	'sam.'),
(79,	54,	'uat-locaion2',	'N',	'Y',	'/x/.as/.'),
(80,	54,	'uat-location3',	'N',	'Y',	'ds,.,'),
(81,	54,	'uat-location4',	'N',	'Y',	'dddddddddd'),
(82,	89,	'building 1 premises',	'N',	'Y',	'building1'),
(83,	54,	'Live- location Simulator',	'N',	'Y',	'd.,d'),
(84,	91,	'BKN',	'N',	'Y',	'East BKN'),
(85,	92,	'Sunarc-Feedback Demo',	'N',	'Y',	'UAT'),
(86,	92,	'Suarc-Feeback 2',	'N',	'Y',	'ssssssssssss'),
(87,	92,	'Sunarc feedback 1',	'N',	'Y',	'dc,.'),
(88,	93,	'Vaseypur',	'N',	'Y',	'123abc'),
(89,	94,	'Mirzapur',	'N',	'Y',	'Kaleen Nagri'),
(90,	54,	'UAT- loc 29 jan',	'N',	'Y',	'ssssssssssss'),
(91,	94,	'Ramnagar',	'N',	'Y',	'ddddddddddd'),
(92,	94,	'Jharkhand',	'N',	'Y',	'dddddddddd'),
(93,	94,	'karol baag',	'N',	'Y',	'ssssssssssssss'),
(94,	54,	'UAT_loc 30 JAN 2019',	'N',	'Y',	'ddddddd'),
(95,	95,	'Chandauli',	'N',	'Y',	'113332'),
(96,	96,	'uat-30jan 1',	'N',	'Y',	'ddddddddddd'),
(97,	96,	'uat-30jan 2',	'N',	'Y',	'cccccccccc'),
(98,	97,	'loc-11',	'N',	'Y',	',mmlml;'),
(99,	97,	'loc-12',	'N',	'Y',	'l,;l,l;,;l'),
(100,	92,	'Cleaner-uat-31jan 1',	'N',	'Y',	'ddddddddddddd'),
(101,	92,	'Cleaner-uat-31jan2',	'N',	'Y',	'd,./,./'),
(102,	54,	'uat-31jan1',	'N',	'Y',	'sssssssss'),
(103,	54,	'uat-31jan2',	'N',	'Y',	'ssssssssss'),
(104,	92,	'uat-31jan 3',	'N',	'Y',	'dddddddddd'),
(105,	92,	'uat 31 jan 4',	'N',	'Y',	'klmkml'),
(106,	98,	'Counter 1',	'N',	'Y',	'This device is setup at Counter one.'),
(107,	98,	'Counter 2',	'N',	'Y',	'This device is setup at Counter 2.'),
(108,	99,	'Reception 1',	'Y',	'N',	'This  is  Reception 1.\r\n'),
(109,	99,	'Reception 2',	'Y',	'N',	'This is Reception 2.'),
(110,	101,	'Reception 1',	'N',	'Y',	'sssssss'),
(111,	101,	'Reception 2',	'N',	'Y',	'this is reception 2'),
(112,	101,	'Reception 3',	'N',	'Y',	'this is reception 3'),
(113,	102,	'Upstairs',	'N',	'Y',	'df1df132'),
(114,	102,	'Downstairs',	'N',	'Y',	'df52112\r\n'),
(115,	102,	'Upstair',	'N',	'Y',	'uyutyhjyj'),
(116,	104,	'loc- 20 feb1d',	'N',	'Y',	'lklk;l'),
(117,	104,	'loc-20 feb2d',	'N',	'Y',	'l;l,,,'),
(118,	104,	'loc-20feb3d',	'N',	'Y',	'dd'),
(119,	102,	'14686566476476',	'Y',	'N',	'vxsyagftgh'),
(120,	102,	'Floor7',	'N',	'Y',	'jdhoti'),
(121,	102,	'Floor6',	'N',	'Y',	'jyghjgkj'),
(122,	102,	'Floor5',	'N',	'Y',	'jtdkiuyikjuk'),
(123,	102,	'Floor4',	'N',	'Y',	'kuykhjk,'),
(124,	102,	'Floor3',	'N',	'Y',	'kgujyhkfuhjk'),
(125,	102,	'Downstair',	'N',	'Y',	'kfhjk'),
(126,	102,	'Floor2',	'N',	'Y',	'fyghjkughjk'),
(127,	102,	'Floor1',	'Y',	'N',	'fhkmfghjk'),
(128,	98,	'Device007',	'N',	'Y',	'LJHkljshgjksr'),
(129,	99,	'Reception 24',	'Y',	'N',	'This is reception 2'),
(130,	99,	'Reception 4 22 feb',	'Y',	'N',	';l,s,,,f'),
(131,	102,	'downstair',	'N',	'Y',	'sfsdffg'),
(132,	99,	'Reception 2new',	'Y',	'N',	'Duplicate Location created on 25 feb.'),
(133,	99,	'Reception 2-1',	'Y',	'N',	'ssssssssss'),
(134,	105,	'Bangalore',	'N',	'Y',	'Bangalore Sales Office'),
(135,	105,	'Sydney',	'N',	'Y',	'Sydney Sales Office'),
(136,	99,	'Moomal_Device1',	'Y',	'N',	'Test Device'),
(137,	99,	'Location 1',	'Y',	'N',	'test '),
(138,	105,	'Melbourne',	'N',	'Y',	'ss'),
(139,	99,	'Location 1',	'N',	'Y',	'Test Location');

DROP TABLE IF EXISTS `faults`;
CREATE TABLE `faults` (
  `fault_id` int(11) NOT NULL AUTO_INCREMENT,
  `fault_name` varchar(250) DEFAULT NULL,
  `fault_image` varchar(200) DEFAULT NULL,
  `active_image` varchar(200) DEFAULT NULL,
  `service_id` int(11) DEFAULT NULL,
  `is_deleted` enum('Y','N') DEFAULT 'N',
  `is_active` enum('Y','N') DEFAULT 'Y',
  `feedback_question_id` int(11) DEFAULT NULL,
  PRIMARY KEY (`fault_id`)
) ENGINE=InnoDB DEFAULT CHARSET=latin1;

INSERT INTO `faults` (`fault_id`, `fault_name`, `fault_image`, `active_image`, `service_id`, `is_deleted`, `is_active`, `feedback_question_id`) VALUES
(1,	'Dirty Basin',	'1441086538_dirty-basin.png',	NULL,	1,	'Y',	'N',	9),
(2,	'Dirty Floor',	'1441086538_dirty-floor.png',	NULL,	1,	'Y',	'N',	9),
(3,	'Fault Equipment',	'1441086538_fault-equip.png',	NULL,	1,	'Y',	'N',	NULL),
(4,	'Bad Odor',	'1441086538_bad-odor.png',	NULL,	1,	'Y',	'N',	NULL),
(8,	'test',	'1441096871_bad-odor.png',	NULL,	1,	'Y',	'N',	NULL),
(9,	'Dirty Toilet',	'1441096871_dirty-toilet.png',	NULL,	1,	'Y',	'N',	NULL),
(11,	'Dirty Toilet2',	'1441097071_dirty-toilet-active.png',	NULL,	1,	'Y',	'N',	NULL),
(12,	'Dirty Toilet1',	'1441097072_dirty-toilet.png',	NULL,	1,	'Y',	'N',	NULL),
(14,	'Dirty Toilet2',	'1441097101_dirty-toilet-active.png',	NULL,	1,	'Y',	'N',	NULL),
(15,	'Dirty Toilet1',	'1441097101_dirty-toilet.png',	NULL,	1,	'Y',	'N',	NULL),
(17,	'Dirty Toilet2',	'1441097185_dirty-toilet-active.png',	NULL,	1,	'Y',	'N',	NULL),
(18,	'Dirty Toilet1',	'1441097186_dirty-toilet.png',	NULL,	1,	'Y',	'N',	NULL),
(20,	'Dirty Toilet2',	'1441097277_dirty-toilet-active.png',	NULL,	1,	'Y',	'N',	NULL),
(21,	'Dirty Toilet1',	'1441097277_dirty-toilet.png',	NULL,	1,	'Y',	'N',	NULL),
(23,	'Dirty Toilet2',	'1441097328_dirty-toilet-active.png',	NULL,	1,	'Y',	'N',	NULL),
(24,	'Dirty Toilet1',	'1441097328_dirty-toilet.png',	NULL,	1,	'Y',	'N',	NULL),
(26,	'test2',	'1441098861_bad-odor-active.png',	NULL,	1,	'Y',	'N',	NULL),
(27,	'test',	'1441098861_dirty-basin.png',	NULL,	1,	'Y',	'N',	NULL),
(28,	'test2',	'1441098917_bad-odor-active.png',	NULL,	1,	'Y',	'N',	NULL),
(29,	'test',	'1441098917_dirty-basin.png',	NULL,	1,	'Y',	'N',	NULL),
(30,	'Dirty Toilet2',	'1441098941_dirty-toilet-active.png',	NULL,	1,	'Y',	'N',	NULL),
(31,	'Dirty Toilet1',	'1441098941_dirty-basin.png',	NULL,	1,	'Y',	'N',	NULL),
(32,	'wet floor',	'1441697719_wet-floor-active.png',	NULL,	1,	'Y',	'N',	NULL),
(33,	'No Paper',	'1441697720_no-paper-active.png',	NULL,	1,	'Y',	'N',	NULL),
(34,	'full trash',	'1441697720_full-trash-active.png',	NULL,	1,	'Y',	'N',	NULL),
(35,	'fault equipments',	'1441697720_fault-equip-active.png',	NULL,	1,	'Y',	'N',	NULL),
(36,	'dirty toilet',	'1441697720_dirty-toilet-active.png',	NULL,	1,	'Y',	'N',	NULL),
(37,	'dirty floor',	'1441697720_dirty-floor-active.png',	NULL,	1,	'Y',	'N',	NULL),
(38,	'dirty basin',	'1441697720_dirty-basin-active.png',	NULL,	1,	'Y',	'N',	NULL),
(39,	'bad odor',	'1441697720_bad-odor-active.png',	NULL,	1,	'Y',	'N',	NULL),
(44,	'Toilets',	'1441783535_Winter.jpg',	NULL,	13,	'N',	'Y',	NULL),
(46,	'wrong',	'1442561615_100.jpg',	NULL,	1,	'Y',	'N',	NULL),
(47,	'fsddfsf',	'1442561909_100.jpg',	NULL,	1,	'Y',	'N',	NULL),
(53,	'dirty basin',	'1446529351_dirty-basin.png',	NULL,	1,	'N',	'Y',	NULL),
(54,	'dirty floor',	'1446532517_dirty-floor.png',	NULL,	1,	'N',	'Y',	NULL),
(55,	'dirty toilet',	'1446532907_dirty-toilet.png',	NULL,	1,	'N',	'Y',	NULL),
(56,	'full trash',	'1446628823_full-trash-active.png',	NULL,	30,	'N',	'Y',	NULL),
(57,	'fault equipments',	'1446628823_fault-equip-active.png',	NULL,	30,	'N',	'Y',	NULL),
(58,	'bad odor',	'1446628823_bad-odor-active.png',	NULL,	30,	'N',	'Y',	NULL),
(59,	'dirty basin',	'1446628823_dirty-basin-active.png',	NULL,	30,	'N',	'Y',	NULL),
(60,	'fault equipment',	'1448862028_dream.jpg',	NULL,	34,	'Y',	'N',	NULL),
(61,	'dirty basin',	'1448862028_dream.jpg',	NULL,	34,	'Y',	'N',	NULL),
(62,	'dirty floor',	'1448865252_dream.jpg',	NULL,	34,	'Y',	'N',	NULL),
(63,	'full trash',	'1448879684_dream.jpg',	NULL,	34,	'Y',	'N',	NULL),
(64,	'dirty basin',	'1449568876_image14.jpg',	NULL,	40,	'Y',	'N',	NULL),
(65,	'Bad curtain',	'1449569364_1441096871_bad-odor.png',	NULL,	40,	'N',	'Y',	NULL),
(66,	'full trash',	'1449569406_1441697720_full-trash-active.png',	NULL,	40,	'Y',	'N',	NULL),
(67,	'fault equipment',	'1449569459_1441697720_fault-equip-active.png',	NULL,	40,	'N',	'Y',	NULL),
(68,	'dirty floor',	'1449569459_1441086538_dirty-floor.png',	NULL,	40,	'N',	'Y',	NULL),
(69,	'Dirty Floor',	'1450267366_1441086538_dirty-floor.png',	NULL,	34,	'Y',	'N',	NULL),
(70,	'Full Trash',	'1450267392_1441697720_full-trash-active.png',	NULL,	34,	'Y',	'N',	NULL),
(71,	'Dirty Basin',	'1450267465_1441086538_dirty-basin.png',	NULL,	34,	'Y',	'N',	NULL),
(72,	'bad odor',	'1450267521_1441097759_bad-odor.png',	NULL,	34,	'Y',	'N',	NULL),
(73,	'dirty toilet',	'1450267562_1441098437_dirty-toilet-active.png',	NULL,	34,	'Y',	'N',	NULL),
(74,	'Fault Equipment',	'1450267589_1441697720_fault-equip-active.png',	NULL,	34,	'Y',	'N',	NULL),
(75,	'No Lights',	'1450272757_Chrysanthemum.jpg',	NULL,	34,	'Y',	'N',	NULL),
(76,	'Dirty Floor',	'1450437307_dirty floor.jpg',	NULL,	0,	'N',	'Y',	NULL),
(77,	'Dirty Toilet',	'1450437307_dirty toilet.jpg',	NULL,	0,	'N',	'Y',	NULL),
(78,	'no device',	'1450440387_1.png',	NULL,	34,	'Y',	'N',	NULL),
(79,	'Dirty Toilet',	'1450440460_dirty toilet.jpg',	NULL,	46,	'N',	'Y',	NULL),
(80,	'Dirty Floor',	'1450440460_dirty floor.jpg',	NULL,	46,	'N',	'Y',	NULL),
(81,	'device 2',	'1450441348_3.png',	NULL,	34,	'Y',	'N',	NULL),
(82,	'four',	'1450443123_4.png',	NULL,	34,	'Y',	'N',	NULL),
(83,	'enter',	'1450443579_8.png',	NULL,	34,	'Y',	'N',	NULL),
(84,	'bad odor',	'1453889995_1441086538_bad-odor.png',	NULL,	51,	'N',	'Y',	NULL),
(85,	'dirty floor',	'1453890027_1441098736_dirty-floor-active.png',	NULL,	51,	'N',	'Y',	NULL),
(86,	'dirty basin',	'1453890027_1441086538_dirty-basin.png',	NULL,	51,	'N',	'Y',	NULL),
(87,	'fault equipment',	'1453890044_1441697720_fault-equip-active.png',	NULL,	51,	'N',	'Y',	NULL),
(88,	'No Lights',	'1454393431_device-2015-01-09-185956.png',	NULL,	51,	'Y',	'N',	NULL),
(89,	'Dirty toilet',	'1454393465_0689.png',	NULL,	51,	'Y',	'N',	NULL),
(90,	'Full Trash',	'1454492893_1441697720_full-trash-active.png',	NULL,	51,	'N',	'Y',	NULL),
(91,	'Dirty Toilet',	'1454492893_1441097071_dirty-toilet-active.png',	NULL,	51,	'N',	'Y',	NULL),
(92,	'Wet Floor',	'1454492950_1441697719_wet-floor-active.png',	NULL,	51,	'N',	'Y',	NULL),
(93,	'No Paper',	'1454492986_1441697720_no-paper-active.png',	NULL,	51,	'N',	'Y',	NULL),
(94,	'Dirty floor',	'1454502475_58.pdf',	NULL,	43,	'Y',	'N',	NULL),
(95,	'Dirty floor',	'1454502512_download.png',	NULL,	43,	'Y',	'N',	NULL),
(96,	'No Water',	'1454558851_imagess.jpg',	NULL,	43,	'Y',	'N',	NULL),
(97,	'No paper',	'1454558951_58.pdf',	NULL,	43,	'Y',	'N',	NULL),
(98,	'Dirty basin',	'1455009483_dirty-basin.png',	NULL,	43,	'N',	'Y',	NULL),
(99,	'Dirty Floor',	'1455009496_dirty-floor.png',	NULL,	43,	'N',	'Y',	NULL),
(100,	'Full Trash',	'1455009512_full-trash-active.png',	NULL,	43,	'N',	'Y',	NULL),
(101,	'Bad odor',	'1455009527_bad-odor.png',	NULL,	43,	'N',	'Y',	NULL),
(102,	'Dirty toilet',	'1455009553_dirty-toilet.png',	NULL,	43,	'N',	'Y',	NULL),
(103,	'Wet Floor',	'1455009573_wet-floor.png',	NULL,	43,	'N',	'Y',	NULL),
(104,	'No Paper',	'1455009584_no-paper.png',	NULL,	43,	'N',	'Y',	NULL),
(105,	'Fault equip',	'1455009603_fault-equip.png',	NULL,	43,	'N',	'Y',	NULL),
(106,	'Fault equip',	'1455688563_1441086538_fault-equip.png',	NULL,	53,	'N',	'Y',	NULL),
(107,	'Dirty Basin',	'1455688563_1441086538_dirty-basin.png',	NULL,	53,	'N',	'Y',	NULL),
(108,	'Bad odor',	'1455688563_1441086538_bad-odor.png',	NULL,	53,	'N',	'Y',	NULL),
(109,	'adasd',	'1539934519_logo-13.jpg',	NULL,	34,	'Y',	'N',	NULL),
(110,	'asdasd',	'1539934519_logo-16.jpg',	NULL,	34,	'Y',	'N',	NULL),
(111,	'das',	'1539960648_bill_certificate__3.jpg',	NULL,	34,	'Y',	'N',	NULL),
(112,	'',	'1539960648_billy.jpg',	NULL,	34,	'Y',	'N',	NULL),
(113,	'test',	'1542015802_customer-2.png',	NULL,	34,	'Y',	'N',	NULL),
(114,	'test',	'1542016907_customer-2.png',	NULL,	34,	'Y',	'N',	NULL),
(115,	'Dirty Floor',	'1542017125_design_03.png',	NULL,	34,	'Y',	'N',	NULL),
(116,	'Dirty Toilet',	'1542017194_design_05.png',	NULL,	34,	'Y',	'N',	NULL),
(117,	'Faulty Equipment',	'1542017215_design_07.png',	NULL,	34,	'Y',	'N',	NULL),
(118,	'Bad Odor',	'1542017262_design_09.png',	NULL,	34,	'Y',	'N',	NULL),
(119,	'Trash Full',	'1542017476_design_16.png',	NULL,	34,	'Y',	'N',	NULL),
(120,	'No Paper',	'1542017711_design_17.png',	NULL,	34,	'Y',	'N',	NULL),
(121,	'Wet Floor',	'1542017733_design_19.png',	NULL,	34,	'Y',	'N',	NULL),
(122,	'Dirty Basin',	'1542017754_design_21.png',	NULL,	34,	'Y',	'N',	NULL),
(123,	'Dirty Floor',	'1542020919_design_03.png',	NULL,	34,	'Y',	'N',	NULL),
(124,	'Dirty Basin',	'1542021000_design_20.png',	NULL,	34,	'Y',	'N',	NULL),
(125,	'Wet Floor',	'1542021000_design_19.png',	NULL,	34,	'Y',	'N',	NULL),
(126,	'No Paper',	'1542021000_design_18.png',	NULL,	34,	'Y',	'N',	NULL),
(127,	'Trash Full',	'1542021000_design_16.png',	NULL,	34,	'Y',	'N',	NULL),
(128,	'Bad Odor',	'1542021000_design_09.png',	NULL,	34,	'Y',	'N',	NULL),
(129,	'Faulty Equipment',	'1542021000_design_07.png',	NULL,	34,	'Y',	'N',	NULL),
(130,	'Dirty Toilet',	'1542021000_design_05.png',	NULL,	34,	'Y',	'N',	NULL),
(131,	'df,ls,;',	'1542021301_reset.png',	NULL,	34,	'Y',	'N',	NULL),
(132,	'slippery floor',	'1543580216_leonardo-1066919-The_Oberoi_Udaivilas_-_Semi_private_pools_S-image.jpg',	NULL,	68,	'N',	'Y',	NULL),
(133,	'Wet floor',	'1543580312_leonardo-1066919-The_Oberoi_Udaivilas_-_Semi_private_pools_S-image.jpg',	NULL,	68,	'N',	'Y',	NULL),
(134,	'Leakage of tap',	'1543580312_leonardo-1066919-The_Oberoi_Udaivilas_-_Semi_private_pools_S-image.jpg',	NULL,	68,	'N',	'Y',	NULL),
(135,	'no water',	'1543580336_leonardo-1066919-The_Oberoi_Udaivilas_-_Semi_private_pools_S-image.jpg',	NULL,	68,	'N',	'Y',	NULL),
(136,	'No Soap',	'1543670897_logo-15.jpg',	'1543670897_active_image_logo-8.jpg',	34,	'Y',	'N',	NULL),
(137,	'No Towel',	'1544520084_logo-17.jpg',	'1544520084_active_image_logo-15.jpg',	34,	'Y',	'N',	NULL),
(138,	'Dirty Toilet',	'1544527559_design_05.png',	'1544527559_active_image_design_05.png',	34,	'N',	'Y',	NULL),
(139,	'Dirty Floor',	'1544527628_design_03.png',	'1544527628_active_image_design_03.png',	34,	'N',	'Y',	NULL),
(140,	'Faulty Equipment',	'1544527684_design_07.png',	'1544527684_active_image_design_07.png',	34,	'N',	'Y',	NULL),
(141,	'Bad Odor',	'1544527750_design_09.png',	'1544527750_active_image_design_09.png',	34,	'N',	'Y',	NULL),
(142,	'Trash Full',	'1544527787_design_16.png',	'1544527787_active_image_design_16.png',	34,	'N',	'Y',	NULL),
(143,	'No Paper',	'1544527820_design_18.png',	'1544527820_active_image_design_18.png',	34,	'N',	'Y',	NULL),
(144,	'Wet Floor',	'1544527859_design_19.png',	'1544527859_active_image_design_19.png',	34,	'N',	'Y',	NULL),
(145,	'Dirty Basin',	'1544527897_design_20.png',	'1544527897_active_image_design_20.png',	34,	'N',	'Y',	NULL),
(146,	'dirty floor',	'1544764609_cleaner feedback system.jpg',	'1544764609_active_image_cleaner feedback system.jpg',	69,	'N',	'Y',	NULL),
(147,	'leaky taps',	'1544764777_cleaner feedback system.jpg',	'1544764777_active_image_cleaner feedback system.jpg',	69,	'N',	'Y',	NULL),
(148,	'Overall Job card opening process',	'1547182277_job card.jpg',	'1547182277_active_image_442422d38541eb99cd2bbdc006efa7a1.jpg',	71,	'N',	'Y',	1),
(149,	'Das',	'1547182527_browser-market-shares-in.png',	'1547182527_active_image_browser-market-shares-in.png',	71,	'Y',	'N',	NULL),
(150,	'Das',	'1547182662_7a2711d11619e456c2e885cbeab4e625.jpg',	'1547182662_active_image_7a2711d11619e456c2e885cbeab4e625.jpg',	71,	'N',	'Y',	1),
(151,	'Dirty Toilet',	'https://suncart.sunarctechnologies.com/facilitysystem_uat/facilitysystem/images/faults_images/design_05.png',	'https://suncart.sunarctechnologies.com/facilitysystem_uat/facilitysystem/images/faults_images/design_05_active.png',	72,	'N',	'Y',	7),
(152,	'Dirty Floor',	'https://suncart.sunarctechnologies.com/facilitysystem_uat/facilitysystem/images/faults_images/design_03.png',	'https://suncart.sunarctechnologies.com/facilitysystem_uat/facilitysystem/images/faults_images/design_03_active.png',	72,	'N',	'Y',	7),
(153,	'Faulty Equipment',	'https://suncart.sunarctechnologies.com/facilitysystem_uat/facilitysystem/images/faults_images/design_07.png',	'https://suncart.sunarctechnologies.com/facilitysystem_uat/facilitysystem/images/faults_images/design_07_active.png',	72,	'N',	'Y',	7),
(154,	'Bad Odor',	'https://suncart.sunarctechnologies.com/facilitysystem_uat/facilitysystem/images/faults_images/design_09.png',	'https://suncart.sunarctechnologies.com/facilitysystem_uat/facilitysystem/images/faults_images/design_09_active.png',	72,	'N',	'Y',	7),
(155,	'Trash Full',	'https://suncart.sunarctechnologies.com/facilitysystem_uat/facilitysystem/images/faults_images/design_16.png',	'https://suncart.sunarctechnologies.com/facilitysystem_uat/facilitysystem/images/faults_images/design_16_active.png',	72,	'N',	'Y',	7),
(156,	'No Paper',	'https://suncart.sunarctechnologies.com/facilitysystem_uat/facilitysystem/images/faults_images/design_18.png',	'https://suncart.sunarctechnologies.com/facilitysystem_uat/facilitysystem/images/faults_images/design_18_active.png',	72,	'N',	'Y',	7),
(157,	'Dirty Basin',	'https://suncart.sunarctechnologies.com/facilitysystem_uat/facilitysystem/images/faults_images/design_20.png',	'https://suncart.sunarctechnologies.com/facilitysystem_uat/facilitysystem/images/faults_images/design_20_active.png',	72,	'N',	'Y',	7),
(158,	'Wet Floor',	'https://suncart.sunarctechnologies.com/facilitysystem_uat/facilitysystem/images/faults_images/design_19.png',	'https://suncart.sunarctechnologies.com/facilitysystem_uat/facilitysystem/images/faults_images/design_19_active.png',	72,	'N',	'Y',	7),
(159,	'Dirty Floor',	'https://suncart.sunarctechnologies.com/facilitysystem_uat/facilitysystem/images/faults_images/design_03.png',	'https://suncart.sunarctechnologies.com/facilitysystem_uat/facilitysystem/images/faults_images/design_03_active.png',	73,	'N',	'Y',	9),
(160,	'Dirty Toilet',	'https://suncart.sunarctechnologies.com/facilitysystem_uat/facilitysystem/images/faults_images/design_05.png',	'https://suncart.sunarctechnologies.com/facilitysystem_uat/facilitysystem/images/faults_images/design_05_active.png',	73,	'N',	'Y',	9),
(161,	'Trash Full',	'https://suncart.sunarctechnologies.com/facilitysystem_uat/facilitysystem/images/faults_images/design_16.png',	'https://suncart.sunarctechnologies.com/facilitysystem_uat/facilitysystem/images/faults_images/design_16_active.png',	73,	'N',	'Y',	9),
(162,	'Bad Odor',	'https://suncart.sunarctechnologies.com/facilitysystem_uat/facilitysystem/images/faults_images/design_09.png',	'https://suncart.sunarctechnologies.com/facilitysystem_uat/facilitysystem/images/faults_images/design_09_active.png',	73,	'N',	'Y',	9),
(163,	'Faulty Equipment',	'https://suncart.sunarctechnologies.com/facilitysystem_uat/facilitysystem/images/faults_images/design_07.png',	'https://suncart.sunarctechnologies.com/facilitysystem_uat/facilitysystem/images/faults_images/design_07_active.png',	73,	'N',	'Y',	9),
(164,	'No Paper',	'https://suncart.sunarctechnologies.com/facilitysystem_uat/facilitysystem/images/faults_images/design_18.png',	'https://suncart.sunarctechnologies.com/facilitysystem_uat/facilitysystem/images/faults_images/design_18_active.png',	73,	'N',	'Y',	9),
(165,	'Wet Floor',	'https://suncart.sunarctechnologies.com/facilitysystem_uat/facilitysystem/images/faults_images/design_19.png',	'https://suncart.sunarctechnologies.com/facilitysystem_uat/facilitysystem/images/faults_images/design_19_active.png',	73,	'N',	'Y',	9),
(166,	'Dirty Basin',	'https://suncart.sunarctechnologies.com/facilitysystem_uat/facilitysystem/images/faults_images/design_20.png',	'https://suncart.sunarctechnologies.com/facilitysystem_uat/facilitysystem/images/faults_images/design_20_active.png',	73,	'N',	'Y',	9),
(167,	'Dirty Floor',	'https://suncart.sunarctechnologies.com/facilitysystem_uat/facilitysystem/images/faults_images/design_03.png',	'https://suncart.sunarctechnologies.com/facilitysystem_uat/facilitysystem/images/faults_images/design_03_active.png',	74,	'N',	'Y',	10),
(168,	'Dirty Toilet',	'https://suncart.sunarctechnologies.com/facilitysystem_uat/facilitysystem/images/faults_images/design_05.png',	'https://suncart.sunarctechnologies.com/facilitysystem_uat/facilitysystem/images/faults_images/design_05_active.png',	74,	'N',	'Y',	10),
(170,	'Wet toilet',	'https://suncart.sunarctechnologies.com/facilitysystem_uat/facilitysystem/images/faults_images/1550663913_Screenshot_from_2019-01-18_15-19-58.png',	'https://suncart.sunarctechnologies.com/facilitysystem_uat/facilitysystem/images/faults_images/1550663913_active_image_Screenshot_from_2019-01-17_17-07-45.png',	82,	'N',	'Y',	33),
(171,	'Dirty floor',	'https://suncart.sunarctechnologies.com/facilitysystem_uat/facilitysystem/images/faults_images/1550664067_Screenshot from_2019-01-18_15-19-58.png',	'https://suncart.sunarctechnologies.com/facilitysystem_uat/facilitysystem/images/faults_images/1550664067_active_image_Screenshot from_2019-01-18_15-19-58.png',	82,	'N',	'Y',	33),
(172,	'Dirty floor',	'1550664681_Screenshot from 2019-01-18 15-19-58.png',	'1550664681_active_image_Screenshot from 2019-01-18 15-19-58.png',	82,	'Y',	'N',	NULL),
(173,	'Wet tiolet',	'1550664709_Screenshot from 2019-01-18 14-31-42.png',	'1550664709_active_image_Screenshot from 2019-01-18 15-19-58.png',	82,	'Y',	'N',	NULL),
(174,	'Dirty floor',	'1550665674_Screenshot from 2019-01-18 15-19-58.png',	'1550665674_active_image_Screenshot from 2019-01-18 15-19-58.png',	82,	'Y',	'N',	NULL),
(175,	'Dirty floor',	'1550723227_Screenshot from 2019-01-18 15-19-58.png',	'1550723227_active_image_Screenshot from 2019-01-18 15-19-58.png',	82,	'N',	'Y',	NULL);

DROP TABLE IF EXISTS `feedback`;
CREATE TABLE `feedback` (
  `feedback_id` int(11) NOT NULL AUTO_INCREMENT,
  `company_id` int(11) DEFAULT NULL,
  `service_id` int(11) DEFAULT NULL,
  `device_id` int(11) DEFAULT NULL,
  `rating` varchar(200) DEFAULT NULL,
  `feedback_status` varchar(200) DEFAULT NULL,
  `user_id` varchar(250) DEFAULT NULL,
  `creation_date` datetime DEFAULT NULL,
  `is_deleted` enum('Y','N') DEFAULT 'N',
  `fault_id` int(11) DEFAULT NULL,
  `modified_date` varchar(200) DEFAULT NULL,
  `is_active` enum('Y','N') DEFAULT 'Y',
  `assigned_to` int(11) DEFAULT NULL,
  `created_at` date DEFAULT NULL,
  `user_comment` text,
  `email` varchar(35) DEFAULT NULL,
  `phone_number` varchar(12) DEFAULT NULL,
  `interval_time` varchar(30) DEFAULT NULL,
  `feedback_question_id` int(11) DEFAULT NULL,
  `session` varchar(100) DEFAULT NULL,
  `offline_mode` tinyint(4) DEFAULT NULL,
  `feedback_type` varchar(30) DEFAULT NULL,
  `field_type` varchar(30) DEFAULT NULL,
  `weekly_interval` varchar(30) DEFAULT NULL,
  `option_id` int(11) DEFAULT NULL,
  `feedback_nature` varbinary(5) DEFAULT NULL,
  PRIMARY KEY (`feedback_id`),
  KEY `feedback_fk` (`company_id`),
  CONSTRAINT `feedback_fk` FOREIGN KEY (`company_id`) REFERENCES `company_detail` (`company_id`)
) ENGINE=InnoDB DEFAULT CHARSET=latin1;

INSERT INTO `feedback` (`feedback_id`, `company_id`, `service_id`, `device_id`, `rating`, `feedback_status`, `user_id`, `creation_date`, `is_deleted`, `fault_id`, `modified_date`, `is_active`, `assigned_to`, `created_at`, `user_comment`, `email`, `phone_number`, `interval_time`, `feedback_question_id`, `session`, `offline_mode`, `feedback_type`, `field_type`, `weekly_interval`, `option_id`, `feedback_nature`) VALUES
(1,	10,	0,	19,	'Average',	'0',	'4',	'2015-09-01 00:00:00',	'Y',	1,	'09/01/2015',	'N',	33,	'2015-09-01',	NULL,	NULL,	NULL,	'',	NULL,	NULL,	NULL,	'rating',	NULL,	'2015-09-01',	NULL,	UNHEX('4D')),
(2,	10,	0,	19,	'Good',	'0',	'4',	'2015-09-01 00:00:00',	'Y',	2,	'09/01/2015',	'N',	29,	'2015-09-01',	NULL,	NULL,	NULL,	'',	NULL,	NULL,	NULL,	'rating',	NULL,	'2015-09-01',	NULL,	UNHEX('50')),
(3,	10,	0,	19,	'Good',	'0',	'4',	'2015-09-01 00:00:00',	'Y',	2,	NULL,	'N',	29,	'2015-09-01',	NULL,	NULL,	NULL,	'',	NULL,	NULL,	NULL,	'rating',	NULL,	'2015-09-01',	NULL,	UNHEX('50')),
(4,	10,	0,	6,	'Average',	'1',	'8',	'2015-09-01 00:00:00',	'Y',	2,	'09/02/2015',	'N',	35,	'2015-09-01',	NULL,	NULL,	NULL,	'',	NULL,	NULL,	NULL,	'rating',	NULL,	'2015-09-01',	NULL,	UNHEX('4D')),
(5,	10,	0,	29,	'Average',	'0',	'4',	'2015-09-01 00:00:00',	'Y',	3,	'09/01/2015',	'N',	33,	'2015-09-01',	NULL,	NULL,	NULL,	'',	NULL,	NULL,	NULL,	'rating',	NULL,	'2015-09-01',	NULL,	UNHEX('4D')),
(6,	10,	1,	1,	'Average',	'1',	'4',	'2015-09-02 00:00:00',	'Y',	2,	'09/02/2015',	'N',	8,	'2015-09-02',	NULL,	NULL,	NULL,	'',	NULL,	NULL,	NULL,	'rating',	NULL,	'2015-09-01',	NULL,	UNHEX('4D')),
(7,	10,	1,	1,	'Average',	'1',	'4',	'2015-09-02 00:00:00',	'Y',	4,	'09/02/2015',	'N',	8,	'2015-09-02',	NULL,	NULL,	NULL,	'',	NULL,	NULL,	NULL,	'rating',	NULL,	'2015-09-01',	NULL,	UNHEX('4D')),
(8,	10,	1,	1,	'Poor',	'0',	'4',	'2015-09-02 00:00:00',	'Y',	3,	NULL,	'N',	8,	'2015-09-02',	NULL,	NULL,	NULL,	'',	NULL,	NULL,	NULL,	'rating',	NULL,	'2015-09-01',	NULL,	UNHEX('4E')),
(9,	10,	1,	2,	'Poor',	'0',	'4',	'2015-09-02 00:00:00',	'Y',	1,	NULL,	'N',	8,	'2015-09-02',	NULL,	NULL,	NULL,	'',	NULL,	NULL,	NULL,	'rating',	NULL,	'2015-09-01',	NULL,	UNHEX('4E')),
(10,	10,	1,	2,	'Poor',	'0',	'4',	'2015-09-02 00:00:00',	'Y',	1,	NULL,	'N',	8,	'2015-09-02',	NULL,	NULL,	NULL,	'',	NULL,	NULL,	NULL,	'rating',	NULL,	'2015-09-01',	NULL,	UNHEX('4E')),
(11,	10,	1,	2,	'Poor',	'0',	NULL,	'2015-09-02 00:00:00',	'Y',	1,	NULL,	'N',	NULL,	'2015-09-02',	NULL,	NULL,	NULL,	'',	NULL,	NULL,	NULL,	'rating',	NULL,	'2015-09-01',	NULL,	UNHEX('4E')),
(12,	10,	1,	2,	'Poor',	'0',	'4',	'2015-09-02 00:00:00',	'Y',	3,	NULL,	'N',	8,	'2015-09-02',	NULL,	NULL,	NULL,	'',	NULL,	NULL,	NULL,	'rating',	NULL,	'2015-09-01',	NULL,	UNHEX('4E')),
(13,	10,	1,	1,	'Average',	'1',	'8',	'2015-09-02 00:00:00',	'Y',	2,	'09/16/2015',	'N',	11,	'2015-09-02',	NULL,	NULL,	NULL,	'',	NULL,	NULL,	NULL,	'rating',	NULL,	'2015-09-01',	NULL,	UNHEX('4D')),
(14,	10,	1,	1,	'Poor',	'0',	'4',	'2015-09-03 00:00:00',	'Y',	9,	NULL,	'N',	NULL,	'2015-09-03',	NULL,	NULL,	NULL,	'',	NULL,	NULL,	NULL,	'rating',	NULL,	'2015-09-01',	NULL,	UNHEX('4E')),
(15,	10,	0,	19,	'Good',	'0',	'4',	'2015-09-07 00:00:00',	'Y',	1,	NULL,	'N',	29,	'2015-09-07',	NULL,	NULL,	NULL,	'',	NULL,	NULL,	NULL,	'rating',	NULL,	'2015-09-02',	NULL,	UNHEX('50')),
(16,	10,	0,	28,	'Average',	'0',	'4',	'2015-09-07 00:00:00',	'Y',	3,	NULL,	'N',	29,	'2015-09-07',	NULL,	NULL,	NULL,	'',	NULL,	NULL,	NULL,	'rating',	NULL,	'2015-09-02',	NULL,	UNHEX('4D')),
(17,	10,	0,	6,	'Good',	'0',	'4',	'2015-09-07 00:00:00',	'Y',	1,	NULL,	'N',	29,	'2015-09-07',	NULL,	NULL,	NULL,	'',	NULL,	NULL,	NULL,	'rating',	NULL,	'2015-09-02',	NULL,	UNHEX('50')),
(18,	10,	0,	19,	'Good',	'0',	'4',	'2015-09-07 00:00:00',	'Y',	3,	NULL,	'N',	33,	'2015-09-07',	NULL,	NULL,	NULL,	'',	NULL,	NULL,	NULL,	'rating',	NULL,	'2015-09-02',	NULL,	UNHEX('50')),
(19,	10,	0,	6,	'Average',	'0',	'4',	'2015-09-07 00:00:00',	'Y',	4,	NULL,	'N',	29,	'2015-09-07',	NULL,	NULL,	NULL,	'',	NULL,	NULL,	NULL,	'rating',	NULL,	'2015-09-02',	NULL,	UNHEX('4D')),
(20,	10,	0,	19,	'Average',	'0',	'4',	'2015-09-07 00:00:00',	'Y',	1,	NULL,	'N',	8,	'2015-09-07',	NULL,	NULL,	NULL,	'',	NULL,	NULL,	NULL,	'rating',	NULL,	'2015-09-02',	NULL,	UNHEX('4D')),
(21,	10,	0,	6,	'Good',	'0',	'4',	'2015-09-07 00:00:00',	'Y',	2,	NULL,	'N',	29,	'2015-09-07',	NULL,	NULL,	NULL,	'',	NULL,	NULL,	NULL,	'rating',	NULL,	'2015-09-02',	NULL,	UNHEX('50')),
(22,	10,	0,	19,	'Average',	'0',	'4',	'2015-09-07 00:00:00',	'Y',	4,	NULL,	'N',	33,	'2015-09-07',	NULL,	NULL,	NULL,	'',	NULL,	NULL,	NULL,	'rating',	NULL,	'2015-09-02',	NULL,	UNHEX('4D')),
(23,	10,	0,	19,	'Poor',	'0',	'4',	'2015-09-07 00:00:00',	'Y',	9,	NULL,	'N',	29,	'2015-09-07',	NULL,	NULL,	NULL,	'',	NULL,	NULL,	NULL,	'rating',	NULL,	'2015-09-02',	NULL,	UNHEX('4E')),
(24,	34,	0,	39,	'Excellent',	'1',	'76',	'2015-09-08 00:00:00',	'Y',	1,	'09/08/2015',	'N',	80,	'2015-09-08',	NULL,	NULL,	NULL,	'',	NULL,	NULL,	NULL,	'rating',	NULL,	'2015-09-02',	NULL,	UNHEX('50')),
(25,	34,	0,	48,	'Average',	'1',	'76',	'2015-09-08 00:00:00',	'Y',	1,	'09/08/2015',	'N',	80,	'2015-09-08',	NULL,	NULL,	NULL,	'',	NULL,	NULL,	NULL,	'rating',	NULL,	'2015-09-02',	NULL,	UNHEX('4D')),
(26,	34,	0,	39,	'Average',	'0',	'76',	'2015-09-08 00:00:00',	'Y',	34,	'09/08/2015',	'N',	80,	'2015-09-08',	NULL,	NULL,	NULL,	'',	NULL,	NULL,	NULL,	'rating',	NULL,	'2015-09-02',	NULL,	UNHEX('4D')),
(27,	34,	0,	40,	'Good',	'1',	'76',	'2015-09-08 00:00:00',	'Y',	1,	'09/08/2015',	'N',	80,	'2015-09-08',	NULL,	NULL,	NULL,	'',	NULL,	NULL,	NULL,	'rating',	NULL,	'2015-09-02',	NULL,	UNHEX('50')),
(30,	10,	1,	29,	'Average',	'0',	'4',	'2015-09-08 00:00:00',	'Y',	0,	NULL,	'N',	29,	'2015-09-08',	NULL,	NULL,	NULL,	'',	NULL,	NULL,	NULL,	'rating',	NULL,	'2015-09-02',	NULL,	UNHEX('4D')),
(31,	10,	1,	29,	'Poor',	'0',	'4',	'2015-09-08 00:00:00',	'Y',	0,	NULL,	'N',	29,	'2015-09-08',	NULL,	NULL,	NULL,	'',	NULL,	NULL,	NULL,	'rating',	NULL,	'2015-09-02',	NULL,	UNHEX('4E')),
(32,	10,	1,	29,	'Poor',	'0',	'4',	'2015-09-08 00:00:00',	'Y',	0,	NULL,	'N',	29,	'2015-09-08',	NULL,	NULL,	NULL,	'',	NULL,	NULL,	NULL,	'rating',	NULL,	'2015-09-02',	NULL,	UNHEX('4E')),
(33,	10,	1,	29,	'Good',	'0',	'4',	'2015-09-08 00:00:00',	'Y',	1,	NULL,	'N',	29,	'2015-09-08',	NULL,	NULL,	NULL,	'',	NULL,	NULL,	NULL,	'rating',	NULL,	'2015-09-02',	NULL,	UNHEX('50')),
(34,	10,	1,	22,	'Good',	'0',	'4',	'2015-09-09 00:00:00',	'Y',	0,	NULL,	'N',	29,	'2015-09-09',	NULL,	NULL,	NULL,	'',	NULL,	NULL,	NULL,	'rating',	NULL,	'2015-09-02',	NULL,	UNHEX('50')),
(35,	10,	1,	22,	'poor',	'0',	'4',	'2015-09-09 00:00:00',	'Y',	0,	NULL,	'N',	29,	'2015-09-09',	NULL,	NULL,	NULL,	'',	NULL,	NULL,	NULL,	'rating',	NULL,	'2015-09-02',	NULL,	UNHEX('4E')),
(36,	10,	1,	22,	'poor',	'0',	'4',	'2015-09-09 00:00:00',	'Y',	0,	NULL,	'N',	29,	'2015-09-09',	NULL,	NULL,	NULL,	'',	NULL,	NULL,	NULL,	'rating',	NULL,	'2015-09-02',	NULL,	UNHEX('4E')),
(37,	10,	1,	22,	'ee',	'0',	'4',	'2015-09-09 00:00:00',	'Y',	0,	NULL,	'N',	29,	'2015-09-09',	NULL,	NULL,	NULL,	'',	NULL,	NULL,	NULL,	'rating',	NULL,	'2015-09-02',	NULL,	NULL),
(38,	10,	1,	22,	'',	'0',	'4',	'2015-09-09 00:00:00',	'Y',	5,	NULL,	'N',	29,	'2015-09-09',	NULL,	NULL,	NULL,	'',	NULL,	NULL,	NULL,	'rating',	NULL,	'2015-09-02',	NULL,	NULL),
(39,	10,	1,	22,	'',	'0',	'4',	'2015-09-09 00:00:00',	'Y',	5,	NULL,	'N',	29,	'2015-09-09',	NULL,	NULL,	NULL,	'',	NULL,	NULL,	NULL,	'rating',	NULL,	'2015-09-02',	NULL,	NULL),
(40,	10,	1,	22,	'1',	'0',	'4',	'2015-09-09 00:00:00',	'Y',	0,	NULL,	'N',	29,	'2015-09-09',	NULL,	NULL,	NULL,	'',	NULL,	NULL,	NULL,	'rating',	NULL,	'2015-09-02',	NULL,	NULL),
(41,	10,	1,	22,	'Poor',	'0',	'4',	'2015-09-09 00:00:00',	'Y',	0,	NULL,	'N',	29,	'2015-09-09',	NULL,	NULL,	NULL,	'',	NULL,	NULL,	NULL,	'rating',	NULL,	'2015-09-02',	NULL,	UNHEX('4E')),
(42,	10,	1,	22,	'Poor',	'0',	'4',	'2015-09-09 00:00:00',	'Y',	0,	NULL,	'N',	29,	'2015-09-09',	NULL,	NULL,	NULL,	'',	NULL,	NULL,	NULL,	'rating',	NULL,	'2015-09-02',	NULL,	UNHEX('4E')),
(43,	10,	1,	22,	'1',	'0',	'4',	'2015-09-09 00:00:00',	'Y',	0,	NULL,	'N',	29,	'2015-09-09',	NULL,	NULL,	NULL,	'',	NULL,	NULL,	NULL,	'rating',	NULL,	'2015-09-02',	NULL,	NULL),
(44,	10,	1,	22,	'Poor',	'0',	'4',	'2015-09-09 00:00:00',	'Y',	0,	NULL,	'N',	29,	'2015-09-09',	NULL,	NULL,	NULL,	'',	NULL,	NULL,	NULL,	'rating',	NULL,	'2015-09-02',	NULL,	UNHEX('4E')),
(45,	10,	1,	22,	'Poor',	'0',	'4',	'2015-09-09 00:00:00',	'Y',	0,	NULL,	'N',	29,	'2015-09-09',	NULL,	NULL,	NULL,	'',	NULL,	NULL,	NULL,	'rating',	NULL,	'2015-09-02',	NULL,	UNHEX('4E')),
(46,	10,	1,	22,	'poor',	'0',	'29',	'2015-09-10 00:00:00',	'Y',	0,	NULL,	'N',	81,	'2015-09-10',	NULL,	NULL,	NULL,	'',	NULL,	NULL,	NULL,	'rating',	NULL,	'2015-09-02',	NULL,	UNHEX('4E')),
(47,	10,	1,	22,	'poor',	'0',	'29',	'2015-09-10 00:00:00',	'Y',	0,	NULL,	'N',	35,	'2015-09-10',	NULL,	NULL,	NULL,	'',	NULL,	NULL,	NULL,	'rating',	NULL,	'2015-09-02',	NULL,	UNHEX('4E')),
(48,	10,	1,	22,	'poor',	'0',	'29',	'2015-09-10 00:00:00',	'Y',	0,	NULL,	'N',	7,	'2015-09-10',	NULL,	NULL,	NULL,	'',	NULL,	NULL,	NULL,	'rating',	NULL,	'2015-09-02',	NULL,	UNHEX('4E')),
(49,	10,	1,	22,	'poor',	'0',	'29',	'2015-09-10 00:00:00',	'Y',	0,	NULL,	'N',	14,	'2015-09-10',	NULL,	NULL,	NULL,	'',	NULL,	NULL,	NULL,	'rating',	NULL,	'2015-09-02',	NULL,	UNHEX('4E')),
(50,	10,	1,	22,	'poor',	'0',	'29',	'2015-09-10 00:00:00',	'Y',	0,	NULL,	'N',	35,	'2015-09-10',	NULL,	NULL,	NULL,	'',	NULL,	NULL,	NULL,	'rating',	NULL,	'2015-09-02',	NULL,	UNHEX('4E')),
(51,	10,	1,	22,	'poor',	'0',	'29',	'2015-09-10 00:00:00',	'Y',	0,	NULL,	'N',	82,	'2015-09-10',	NULL,	NULL,	NULL,	'',	NULL,	NULL,	NULL,	'rating',	NULL,	'2015-09-02',	NULL,	UNHEX('4E')),
(52,	10,	1,	22,	'poor',	'0',	'29',	'2015-09-10 00:00:00',	'Y',	0,	NULL,	'N',	14,	'2015-09-10',	NULL,	NULL,	NULL,	'',	NULL,	NULL,	NULL,	'rating',	NULL,	'2015-09-02',	NULL,	UNHEX('4E')),
(53,	10,	1,	22,	'',	'0',	'29',	'2015-09-11 00:00:00',	'Y',	5,	NULL,	'N',	12,	'2015-09-11',	NULL,	NULL,	NULL,	'',	NULL,	NULL,	NULL,	'rating',	NULL,	'2015-09-02',	NULL,	NULL),
(54,	10,	1,	1,	'Excellent',	'1',	'8',	'2015-09-11 00:00:00',	'Y',	34,	'09/14/2015',	'N',	81,	'2015-09-11',	NULL,	NULL,	NULL,	'',	NULL,	NULL,	NULL,	'rating',	NULL,	'2015-09-02',	NULL,	UNHEX('50')),
(55,	10,	1,	28,	'Poor',	'0',	'33',	'2015-09-11 00:00:00',	'Y',	9,	NULL,	'N',	12,	'2015-09-11',	NULL,	NULL,	NULL,	'',	NULL,	NULL,	NULL,	'rating',	NULL,	'2015-09-02',	NULL,	UNHEX('4E')),
(56,	10,	1,	46,	'Good',	'1',	'29',	'2015-09-11 00:00:00',	'Y',	4,	'09/19/2015',	'N',	82,	'2015-09-11',	NULL,	NULL,	NULL,	'',	NULL,	NULL,	NULL,	'rating',	NULL,	'2015-09-02',	NULL,	UNHEX('50')),
(57,	10,	1,	46,	'Average',	'0',	'29',	'2015-09-11 00:00:00',	'Y',	1,	NULL,	'N',	34,	'2015-09-11',	NULL,	NULL,	NULL,	'',	NULL,	NULL,	NULL,	'rating',	NULL,	'2015-09-02',	NULL,	UNHEX('4D')),
(58,	10,	1,	28,	'Good',	'1',	'33',	'2015-09-11 00:00:00',	'Y',	32,	'09/14/2015',	'N',	11,	'2015-09-11',	NULL,	NULL,	NULL,	'',	NULL,	NULL,	NULL,	'rating',	NULL,	'2015-09-02',	NULL,	UNHEX('50')),
(59,	10,	1,	1,	'Average',	'1',	'8',	'2015-09-11 00:00:00',	'Y',	35,	'09/11/2015',	'N',	11,	'2015-09-11',	NULL,	NULL,	NULL,	'',	NULL,	NULL,	NULL,	'rating',	NULL,	'2015-09-02',	NULL,	UNHEX('4D')),
(60,	10,	1,	2,	'Good',	'0',	'8',	'2015-09-11 00:00:00',	'Y',	34,	'09/11/2015',	'N',	11,	'2015-09-11',	NULL,	NULL,	NULL,	'',	NULL,	NULL,	NULL,	'rating',	NULL,	'2015-09-02',	NULL,	UNHEX('50')),
(61,	32,	0,	52,	'Average',	'1',	'55',	'2015-09-11 00:00:00',	'Y',	43,	NULL,	'N',	61,	'2015-09-11',	NULL,	NULL,	NULL,	'',	NULL,	NULL,	NULL,	'rating',	NULL,	'2015-09-02',	NULL,	UNHEX('4D')),
(62,	32,	0,	64,	'Good',	'0',	'55',	'2015-09-11 00:00:00',	'Y',	44,	'09/11/2015',	'N',	61,	'2015-09-11',	NULL,	NULL,	NULL,	'',	NULL,	NULL,	NULL,	'rating',	NULL,	'2015-09-02',	NULL,	UNHEX('50')),
(63,	32,	0,	71,	'Good',	'1',	'55',	'2015-09-11 00:00:00',	'Y',	3,	'09/11/2015',	'N',	60,	'2015-09-11',	NULL,	NULL,	NULL,	'',	NULL,	NULL,	NULL,	'rating',	NULL,	'2015-09-02',	NULL,	UNHEX('50')),
(64,	10,	0,	28,	'Average',	'0',	'4',	'2015-09-16 00:00:00',	'Y',	34,	NULL,	'N',	29,	'2015-09-16',	NULL,	NULL,	NULL,	'',	NULL,	NULL,	NULL,	'rating',	NULL,	'2015-09-03',	NULL,	UNHEX('4D')),
(65,	10,	0,	51,	'Average',	'0',	'4',	'2015-09-16 00:00:00',	'Y',	32,	NULL,	'N',	8,	'2015-09-16',	NULL,	NULL,	NULL,	'',	NULL,	NULL,	NULL,	'rating',	NULL,	'2015-09-03',	NULL,	UNHEX('4D')),
(66,	10,	1,	22,	'Poor',	'0',	'29',	'2015-09-16 00:00:00',	'Y',	0,	NULL,	'N',	14,	'2015-09-16',	NULL,	NULL,	NULL,	'',	NULL,	NULL,	NULL,	'rating',	NULL,	'2015-09-03',	NULL,	UNHEX('4E')),
(67,	10,	1,	22,	'Poor',	'0',	'29',	'2015-09-16 00:00:00',	'Y',	0,	NULL,	'N',	14,	'2015-09-16',	NULL,	NULL,	NULL,	'',	NULL,	NULL,	NULL,	'rating',	NULL,	'2015-09-03',	NULL,	UNHEX('4E')),
(68,	10,	1,	22,	'Poor',	'0',	'29',	'2015-09-16 00:00:00',	'Y',	0,	NULL,	'N',	7,	'2015-09-16',	NULL,	NULL,	NULL,	'',	NULL,	NULL,	NULL,	'rating',	NULL,	'2015-09-03',	NULL,	UNHEX('4E')),
(69,	10,	1,	22,	'Poor',	'0',	'29',	'2015-09-16 00:00:00',	'Y',	0,	NULL,	'N',	35,	'2015-09-16',	NULL,	NULL,	NULL,	'',	NULL,	NULL,	NULL,	'rating',	NULL,	'2015-09-03',	NULL,	UNHEX('4E')),
(70,	10,	1,	22,	'Poor',	'0',	'29',	'2015-09-16 00:00:00',	'Y',	0,	NULL,	'N',	14,	'2015-09-16',	NULL,	NULL,	NULL,	'',	NULL,	NULL,	NULL,	'rating',	NULL,	'2015-09-03',	NULL,	UNHEX('4E')),
(71,	10,	1,	22,	'Poor',	'0',	'29',	'2015-09-16 00:00:00',	'Y',	0,	NULL,	'N',	81,	'2015-09-16',	NULL,	NULL,	NULL,	'',	NULL,	NULL,	NULL,	'rating',	NULL,	'2015-09-03',	NULL,	UNHEX('4E')),
(72,	10,	1,	22,	'Poor',	'0',	'29',	'2015-09-16 00:00:00',	'Y',	0,	NULL,	'N',	35,	'2015-09-16',	NULL,	NULL,	NULL,	'',	NULL,	NULL,	NULL,	'rating',	NULL,	'2015-09-03',	NULL,	UNHEX('4E')),
(73,	10,	1,	22,	'Poor',	'0',	'29',	'2015-09-16 00:00:00',	'Y',	0,	NULL,	'N',	82,	'2015-09-16',	NULL,	NULL,	NULL,	'',	NULL,	NULL,	NULL,	'rating',	NULL,	'2015-09-03',	NULL,	UNHEX('4E')),
(74,	10,	1,	22,	'Poor',	'0',	'29',	'2015-09-16 00:00:00',	'Y',	0,	NULL,	'N',	12,	'2015-09-16',	NULL,	NULL,	NULL,	'',	NULL,	NULL,	NULL,	'rating',	NULL,	'2015-09-03',	NULL,	UNHEX('4E')),
(75,	10,	1,	22,	'Poor',	'0',	'29',	'2015-09-16 00:00:00',	'Y',	0,	NULL,	'N',	11,	'2015-09-16',	NULL,	NULL,	NULL,	'',	NULL,	NULL,	NULL,	'rating',	NULL,	'2015-09-03',	NULL,	UNHEX('4E')),
(76,	39,	0,	77,	'Good',	'1',	'102',	'2015-09-16 00:00:00',	'Y',	1,	NULL,	'N',	110,	'2015-09-16',	NULL,	NULL,	NULL,	'',	NULL,	NULL,	NULL,	'rating',	NULL,	'2015-09-03',	NULL,	UNHEX('50')),
(77,	39,	0,	78,	'Average',	'0',	'102',	'2015-09-16 00:00:00',	'Y',	39,	'09/16/2015',	'N',	110,	'2015-09-16',	NULL,	NULL,	NULL,	'',	NULL,	NULL,	NULL,	'rating',	NULL,	'2015-09-03',	NULL,	UNHEX('4D')),
(78,	39,	0,	80,	'Poor',	'1',	'102',	'2015-09-16 00:00:00',	'Y',	32,	NULL,	'N',	110,	'2015-09-16',	NULL,	NULL,	NULL,	'',	NULL,	NULL,	NULL,	'rating',	NULL,	'2015-09-03',	NULL,	UNHEX('4E')),
(79,	10,	0,	28,	'Average',	'0',	'4',	'2015-09-17 00:00:00',	'Y',	33,	NULL,	'N',	8,	'2015-09-17',	NULL,	NULL,	NULL,	'',	NULL,	NULL,	NULL,	'rating',	NULL,	'2015-09-03',	NULL,	UNHEX('4D')),
(80,	10,	1,	22,	'Poor',	'0',	'29',	'2015-09-18 00:00:00',	'Y',	0,	NULL,	'N',	14,	'2015-09-18',	NULL,	NULL,	NULL,	'',	NULL,	NULL,	NULL,	'rating',	NULL,	'2015-09-03',	NULL,	UNHEX('4E')),
(81,	10,	1,	22,	'Very Poor',	'0',	'29',	'2015-09-18 00:00:00',	'Y',	0,	NULL,	'N',	12,	'2015-09-18',	NULL,	NULL,	NULL,	'',	NULL,	NULL,	NULL,	'rating',	NULL,	'2015-09-03',	NULL,	UNHEX('4E')),
(82,	10,	1,	22,	'Average',	'0',	'29',	'2015-09-18 00:00:00',	'Y',	0,	NULL,	'N',	11,	'2015-09-18',	NULL,	NULL,	NULL,	'',	NULL,	NULL,	NULL,	'rating',	NULL,	'2015-09-03',	NULL,	UNHEX('4D')),
(83,	10,	1,	22,	'Poor',	'0',	'29',	'2015-09-18 00:00:00',	'Y',	0,	NULL,	'N',	14,	'2015-09-18',	NULL,	NULL,	NULL,	'',	NULL,	NULL,	NULL,	'rating',	NULL,	'2015-09-03',	NULL,	UNHEX('4E')),
(84,	10,	1,	22,	'Average',	'0',	'29',	'2015-09-19 00:00:00',	'Y',	0,	NULL,	'N',	82,	'2015-09-19',	NULL,	NULL,	NULL,	'',	NULL,	NULL,	NULL,	'rating',	NULL,	'2015-09-03',	NULL,	UNHEX('4D')),
(85,	10,	1,	22,	'Poor',	'0',	'29',	'2015-09-19 00:00:00',	'Y',	0,	NULL,	'N',	35,	'2015-09-19',	NULL,	NULL,	NULL,	'',	NULL,	NULL,	NULL,	'rating',	NULL,	'2015-09-03',	NULL,	UNHEX('4E')),
(86,	10,	1,	22,	'Very Poor',	'0',	'29',	'2015-09-22 00:00:00',	'N',	0,	NULL,	'N',	0,	'2015-09-22',	NULL,	NULL,	NULL,	'',	NULL,	NULL,	NULL,	'rating',	NULL,	'2015-09-04',	NULL,	UNHEX('4E')),
(87,	10,	1,	22,	'Poor',	'0',	'29',	'2015-09-22 00:00:00',	'N',	0,	NULL,	'N',	0,	'2015-09-22',	NULL,	NULL,	NULL,	'',	NULL,	NULL,	NULL,	'rating',	NULL,	'2015-09-04',	NULL,	UNHEX('4E')),
(90,	10,	0,	87,	'Good',	'0',	'4',	'2015-11-03 00:00:00',	'N',	53,	'11/03/2015',	'Y',	8,	'2015-11-03',	NULL,	NULL,	NULL,	'',	NULL,	NULL,	NULL,	'rating',	NULL,	'2015-11-02',	NULL,	UNHEX('50')),
(91,	10,	0,	87,	'Excellent',	'0',	'4',	'2015-11-03 00:00:00',	'N',	54,	'11/03/2015',	'Y',	8,	'2015-11-03',	NULL,	NULL,	NULL,	'',	NULL,	NULL,	NULL,	'rating',	NULL,	'2015-11-02',	NULL,	UNHEX('50')),
(92,	10,	0,	88,	'Very Poor',	'0',	'4',	'2015-11-03 00:00:00',	'N',	55,	'11/04/2015',	'Y',	11,	'2015-11-03',	NULL,	NULL,	NULL,	'',	NULL,	NULL,	NULL,	'rating',	NULL,	'2015-11-02',	NULL,	UNHEX('4E')),
(93,	50,	0,	90,	'Average',	'0',	'135',	'2015-11-04 00:00:00',	'N',	56,	NULL,	'Y',	136,	'2015-11-04',	NULL,	NULL,	NULL,	'',	NULL,	NULL,	NULL,	'rating',	NULL,	'2015-11-02',	NULL,	UNHEX('4D')),
(94,	50,	0,	90,	'Average',	'0',	'135',	'2015-11-04 00:00:00',	'N',	57,	NULL,	'Y',	136,	'2015-11-04',	NULL,	NULL,	NULL,	'',	NULL,	NULL,	NULL,	'rating',	NULL,	'2015-11-02',	NULL,	UNHEX('4D')),
(95,	50,	0,	91,	'Poor',	'0',	'135',	'2015-11-04 00:00:00',	'Y',	58,	NULL,	'N',	138,	'2015-11-04',	NULL,	NULL,	NULL,	'',	NULL,	NULL,	NULL,	'rating',	NULL,	'2015-11-02',	NULL,	UNHEX('4E')),
(96,	50,	0,	91,	'Poor',	'0',	'135',	'2015-11-04 00:00:00',	'Y',	59,	NULL,	'N',	138,	'2015-11-04',	NULL,	NULL,	NULL,	'',	NULL,	NULL,	NULL,	'rating',	NULL,	'2015-11-02',	NULL,	UNHEX('4E')),
(97,	50,	0,	91,	'Good',	'0',	'135',	'2015-11-04 00:00:00',	'Y',	56,	NULL,	'N',	141,	'2015-11-04',	NULL,	NULL,	NULL,	'',	NULL,	NULL,	NULL,	'rating',	NULL,	'2015-11-02',	NULL,	UNHEX('50')),
(98,	54,	34,	95,	'Good',	'0',	'147',	'2015-11-30 00:00:00',	'Y',	60,	NULL,	'N',	149,	'2015-11-30',	NULL,	NULL,	NULL,	'',	NULL,	NULL,	NULL,	'rating',	'face',	'2015-11-06',	2,	UNHEX('50')),
(99,	54,	0,	96,	'Excellent',	'0',	'147',	'2015-11-30 00:00:00',	'N',	69,	'02/01/2016',	'Y',	150,	'2015-11-30',	NULL,	NULL,	NULL,	'',	NULL,	NULL,	NULL,	'rating',	'face',	'2015-11-06',	1,	UNHEX('50')),
(100,	54,	34,	96,	'Poor',	'0',	'147',	'2019-11-30 00:00:00',	'N',	62,	NULL,	'Y',	151,	'2019-11-30',	NULL,	NULL,	NULL,	'',	NULL,	NULL,	NULL,	'rating',	'face',	'2019-11-05',	4,	UNHEX('4E')),
(101,	54,	34,	95,	'Average',	'0',	'147',	'2015-11-30 00:00:00',	'Y',	63,	NULL,	'N',	149,	'2015-11-30',	NULL,	NULL,	NULL,	'',	NULL,	NULL,	NULL,	'rating',	'face',	'2015-11-06',	3,	UNHEX('4D')),
(102,	54,	34,	95,	'Poor',	'1',	'147',	'2015-11-30 00:00:00',	'N',	60,	'02/01/2016',	'Y',	150,	'2015-11-30',	NULL,	NULL,	NULL,	'',	NULL,	NULL,	NULL,	'rating',	'face',	'2015-11-06',	4,	UNHEX('4E')),
(103,	60,	0,	97,	'Average',	'0',	'172',	'2015-12-08 00:00:00',	'Y',	65,	'12/08/2015',	'N',	175,	'2015-12-08',	NULL,	NULL,	NULL,	'',	NULL,	NULL,	NULL,	'rating',	NULL,	'2015-12-02',	NULL,	UNHEX('4D')),
(104,	60,	40,	98,	'Good',	'0',	'172',	'2015-12-08 00:00:00',	'N',	67,	NULL,	'Y',	178,	'2015-12-08',	NULL,	NULL,	NULL,	'',	NULL,	NULL,	NULL,	'rating',	NULL,	'2015-12-02',	NULL,	UNHEX('50')),
(105,	60,	0,	98,	'Good',	'0',	'172',	'2015-12-09 00:00:00',	'N',	65,	'12/10/2015',	'Y',	177,	'2015-12-09',	NULL,	NULL,	NULL,	'',	NULL,	NULL,	NULL,	'rating',	NULL,	'2015-12-02',	NULL,	UNHEX('50')),
(106,	10,	1,	22,	'Poor',	'0',	'29',	'2015-12-16 00:00:00',	'N',	0,	NULL,	'Y',	82,	'2015-12-16',	NULL,	NULL,	NULL,	'',	NULL,	NULL,	NULL,	'rating',	NULL,	'2015-12-03',	NULL,	UNHEX('4E')),
(107,	10,	1,	22,	'Very Poor',	'0',	'29',	'2015-12-16 00:00:00',	'N',	0,	NULL,	'Y',	11,	'2015-12-16',	NULL,	NULL,	NULL,	'',	NULL,	NULL,	NULL,	'rating',	NULL,	'2015-12-03',	NULL,	UNHEX('4E')),
(108,	10,	1,	22,	'Average',	'0',	'29',	'2015-12-16 00:00:00',	'N',	0,	NULL,	'Y',	82,	'2015-12-16',	NULL,	NULL,	NULL,	'',	NULL,	NULL,	NULL,	'rating',	NULL,	'2015-12-03',	NULL,	UNHEX('4D')),
(109,	10,	1,	22,	'Poor',	'0',	'29',	'2015-12-16 00:00:00',	'N',	0,	NULL,	'Y',	81,	'2015-12-16',	NULL,	NULL,	NULL,	'',	NULL,	NULL,	NULL,	'rating',	NULL,	'2015-12-03',	NULL,	UNHEX('4E')),
(110,	54,	34,	96,	'Good',	'1',	'148',	'2015-12-16 00:00:00',	'Y',	68,	'12/16/2015',	'N',	81,	'2015-12-16',	NULL,	NULL,	NULL,	'',	NULL,	NULL,	NULL,	'rating',	'face',	'2015-12-03',	2,	UNHEX('50')),
(111,	10,	1,	22,	'Average',	'0',	'29',	'2015-12-16 00:00:00',	'N',	70,	NULL,	'Y',	81,	'2015-12-16',	NULL,	NULL,	NULL,	'',	NULL,	NULL,	NULL,	'rating',	NULL,	'2015-12-03',	NULL,	UNHEX('4D')),
(112,	10,	1,	22,	'Poor',	'0',	'29',	'2015-12-16 00:00:00',	'N',	70,	NULL,	'Y',	11,	'2015-12-16',	NULL,	NULL,	NULL,	'',	NULL,	NULL,	NULL,	'rating',	NULL,	'2015-12-03',	NULL,	UNHEX('4E')),
(113,	54,	34,	95,	'Average',	'1',	'148',	'2015-12-16 00:00:00',	'Y',	70,	'12/17/2015',	'N',	171,	'2015-12-16',	NULL,	NULL,	NULL,	'',	NULL,	NULL,	NULL,	'rating',	'face',	'2015-12-03',	3,	UNHEX('4D')),
(114,	10,	1,	22,	'Poor',	'0',	'29',	'2015-12-16 00:00:00',	'N',	71,	NULL,	'Y',	81,	'2015-12-16',	NULL,	NULL,	NULL,	'',	NULL,	NULL,	NULL,	'rating',	NULL,	'2015-12-03',	NULL,	UNHEX('4E')),
(115,	10,	1,	22,	'Poor',	'0',	'29',	'2015-12-16 00:00:00',	'N',	70,	NULL,	'Y',	81,	'2015-12-16',	NULL,	NULL,	NULL,	'',	NULL,	NULL,	NULL,	'rating',	NULL,	'2015-12-03',	NULL,	UNHEX('4E')),
(116,	54,	34,	95,	'Very Poor',	'1',	'148',	'2018-08-25 00:00:00',	'Y',	73,	'02/01/2016',	'N',	149,	'2018-08-25',	NULL,	NULL,	NULL,	'',	NULL,	NULL,	NULL,	'rating',	'face',	'2018-08-04',	5,	UNHEX('4E')),
(117,	54,	34,	96,	'Poor',	'0',	'148',	'2015-12-16 00:00:00',	'Y',	74,	NULL,	'N',	171,	'2015-12-16',	NULL,	NULL,	NULL,	'',	NULL,	NULL,	NULL,	'rating',	'face',	'2015-12-03',	4,	UNHEX('4E')),
(118,	54,	34,	96,	'Poor',	'1',	'148',	'2015-12-16 00:00:00',	'Y',	75,	'12/16/2015',	'N',	149,	'2015-12-16',	NULL,	NULL,	NULL,	'',	NULL,	NULL,	NULL,	'rating',	'face',	'2015-12-03',	4,	UNHEX('4E')),
(119,	54,	34,	95,	'Poor',	'0',	'148',	'2015-12-17 00:00:00',	'Y',	75,	NULL,	'N',	171,	'2015-12-17',	NULL,	NULL,	NULL,	'',	NULL,	NULL,	NULL,	'rating',	'face',	'2015-12-03',	4,	UNHEX('4E')),
(120,	54,	34,	95,	'Poor',	'0',	'148',	'2015-12-18 00:00:00',	'Y',	70,	NULL,	'N',	171,	'2015-12-18',	NULL,	NULL,	NULL,	'',	NULL,	NULL,	NULL,	'rating',	'face',	'2015-12-03',	4,	UNHEX('4E')),
(121,	54,	0,	95,	'Very Poor',	'1',	'148',	'2015-12-18 00:00:00',	'Y',	75,	'01/08/2016',	'N',	149,	'2015-12-18',	NULL,	NULL,	NULL,	'',	NULL,	NULL,	NULL,	'rating',	'face',	'2015-12-03',	5,	UNHEX('4E')),
(122,	71,	0,	113,	'Average',	'0',	'201',	'2016-01-27 00:00:00',	'Y',	84,	'01/27/2016',	'N',	203,	'2016-01-27',	NULL,	NULL,	NULL,	'',	NULL,	NULL,	NULL,	'rating',	NULL,	'2016-01-0-48',	NULL,	UNHEX('4D')),
(123,	71,	51,	114,	'Poor',	'0',	'201',	'2016-01-27 00:00:00',	'Y',	85,	NULL,	'N',	206,	'2016-01-27',	NULL,	NULL,	NULL,	'',	NULL,	NULL,	NULL,	'rating',	NULL,	'2016-01-0-48',	NULL,	UNHEX('4E')),
(124,	71,	51,	116,	'Very Poor',	'0',	'201',	'2016-01-27 00:00:00',	'Y',	87,	NULL,	'N',	208,	'2016-01-27',	NULL,	NULL,	NULL,	'',	NULL,	NULL,	NULL,	'rating',	NULL,	'2016-01-0-48',	NULL,	UNHEX('4E')),
(125,	54,	34,	101,	'Average',	'0',	'147',	'2016-02-01 00:00:00',	'N',	69,	NULL,	'Y',	150,	'2016-02-01',	NULL,	NULL,	NULL,	'',	NULL,	NULL,	NULL,	'rating',	'face',	'2016-02-01',	3,	UNHEX('4D')),
(126,	71,	51,	113,	'Average',	'0',	'202',	'2016-02-02 00:00:00',	'Y',	86,	NULL,	'N',	207,	'2016-02-02',	NULL,	NULL,	NULL,	'',	NULL,	NULL,	NULL,	'rating',	NULL,	'2016-02-01',	NULL,	UNHEX('4D')),
(127,	71,	0,	113,	'Very Poor',	'1',	'202',	'2016-02-02 00:00:00',	'Y',	87,	'02/02/2016',	'N',	203,	'2016-02-02',	NULL,	NULL,	NULL,	'',	NULL,	NULL,	NULL,	'rating',	NULL,	'2016-02-01',	NULL,	UNHEX('4E')),
(128,	71,	51,	113,	'Average',	'0',	'202',	'2016-02-02 00:00:00',	'Y',	87,	NULL,	'N',	206,	'2016-02-02',	NULL,	NULL,	NULL,	'',	NULL,	NULL,	NULL,	'rating',	NULL,	'2016-02-01',	NULL,	UNHEX('4D')),
(129,	71,	51,	113,	'Average',	'0',	'202',	'2016-02-02 00:00:00',	'Y',	84,	NULL,	'N',	207,	'2016-02-02',	NULL,	NULL,	NULL,	'',	NULL,	NULL,	NULL,	'rating',	NULL,	'2016-02-01',	NULL,	UNHEX('4D')),
(130,	71,	51,	114,	'Very Poor',	'1',	'204',	'2016-02-02 00:00:00',	'Y',	85,	'02/02/2016',	'N',	203,	'2016-02-02',	NULL,	NULL,	NULL,	'',	NULL,	NULL,	NULL,	'rating',	NULL,	'2016-02-01',	NULL,	UNHEX('4E')),
(131,	71,	51,	114,	'Poor',	'1',	'204',	'2016-02-02 00:00:00',	'Y',	86,	'02/02/2016',	'N',	206,	'2016-02-02',	NULL,	NULL,	NULL,	'',	NULL,	NULL,	NULL,	'rating',	NULL,	'2016-02-01',	NULL,	UNHEX('4E')),
(132,	71,	51,	120,	'Very Poor',	'0',	'204',	'2016-02-02 00:00:00',	'Y',	88,	NULL,	'N',	0,	'2016-02-02',	NULL,	NULL,	NULL,	'',	NULL,	NULL,	NULL,	'rating',	NULL,	'2016-02-01',	NULL,	UNHEX('4E')),
(133,	71,	51,	120,	'Average',	'0',	'204',	'2016-02-02 00:00:00',	'Y',	89,	NULL,	'N',	206,	'2016-02-02',	NULL,	NULL,	NULL,	'',	NULL,	NULL,	NULL,	'rating',	NULL,	'2016-02-01',	NULL,	UNHEX('4D')),
(134,	71,	51,	113,	'Average',	'0',	'202',	'2016-02-02 00:00:00',	'Y',	84,	NULL,	'N',	206,	'2016-02-02',	NULL,	NULL,	NULL,	'',	NULL,	NULL,	NULL,	'rating',	NULL,	'2016-02-01',	NULL,	UNHEX('4D')),
(135,	71,	51,	113,	'Average',	'0',	'202',	'2016-02-02 00:00:00',	'Y',	84,	NULL,	'N',	208,	'2016-02-02',	NULL,	NULL,	NULL,	'',	NULL,	NULL,	NULL,	'rating',	NULL,	'2016-02-01',	NULL,	UNHEX('4D')),
(136,	71,	51,	113,	'Poor',	'0',	'202',	'2016-02-02 00:00:00',	'Y',	87,	NULL,	'N',	207,	'2016-02-02',	NULL,	NULL,	NULL,	'',	NULL,	NULL,	NULL,	'rating',	NULL,	'2016-02-01',	NULL,	UNHEX('4E')),
(137,	71,	51,	113,	'Very Poor',	'0',	'202',	'2016-02-02 00:00:00',	'Y',	87,	NULL,	'N',	206,	'2016-02-02',	NULL,	NULL,	NULL,	'',	NULL,	NULL,	NULL,	'rating',	NULL,	'2016-02-01',	NULL,	UNHEX('4E')),
(138,	71,	51,	120,	'Very Poor',	'0',	'204',	'2016-02-02 00:00:00',	'Y',	89,	NULL,	'N',	208,	'2016-02-02',	NULL,	NULL,	NULL,	'',	NULL,	NULL,	NULL,	'rating',	NULL,	'2016-02-01',	NULL,	UNHEX('4E')),
(139,	71,	51,	120,	'Poor',	'0',	'204',	'2016-02-02 00:00:00',	'Y',	88,	NULL,	'N',	208,	'2016-02-02',	NULL,	NULL,	NULL,	'',	NULL,	NULL,	NULL,	'rating',	NULL,	'2016-02-01',	NULL,	UNHEX('4E')),
(140,	71,	51,	123,	'Very Poor',	'1',	'204',	'2016-02-02 00:00:00',	'Y',	88,	'02/02/2016',	'N',	203,	'2016-02-02',	NULL,	NULL,	NULL,	'',	NULL,	NULL,	NULL,	'rating',	NULL,	'2016-02-01',	NULL,	UNHEX('4E')),
(141,	71,	51,	123,	'Poor',	'0',	'204',	'2016-02-02 00:00:00',	'Y',	85,	NULL,	'N',	207,	'2016-02-02',	NULL,	NULL,	NULL,	'',	NULL,	NULL,	NULL,	'rating',	NULL,	'2016-02-01',	NULL,	UNHEX('4E')),
(142,	71,	51,	124,	'Average',	'0',	'202',	'2016-02-02 00:00:00',	'Y',	85,	NULL,	'N',	207,	'2016-02-02',	NULL,	NULL,	NULL,	'',	NULL,	NULL,	NULL,	'rating',	NULL,	'2016-02-01',	NULL,	UNHEX('4D')),
(143,	71,	51,	124,	'Poor',	'1',	'202',	'2016-02-02 00:00:00',	'Y',	87,	'02/02/2016',	'N',	203,	'2016-02-02',	NULL,	NULL,	NULL,	'',	NULL,	NULL,	NULL,	'rating',	NULL,	'2016-02-01',	NULL,	UNHEX('4E')),
(144,	71,	51,	123,	'Very Poor',	'0',	'204',	'2016-02-02 00:00:00',	'Y',	89,	NULL,	'N',	0,	'2016-02-02',	NULL,	NULL,	NULL,	'',	NULL,	NULL,	NULL,	'rating',	NULL,	'2016-02-01',	NULL,	UNHEX('4E')),
(145,	71,	51,	123,	'Very Poor',	'0',	'204',	'2016-02-02 00:00:00',	'Y',	89,	NULL,	'N',	208,	'2016-02-02',	NULL,	NULL,	NULL,	'',	NULL,	NULL,	NULL,	'rating',	NULL,	'2016-02-01',	NULL,	UNHEX('4E')),
(146,	71,	51,	123,	'Average',	'0',	'204',	'2016-02-02 00:00:00',	'Y',	88,	NULL,	'N',	208,	'2016-02-02',	NULL,	NULL,	NULL,	'',	NULL,	NULL,	NULL,	'rating',	NULL,	'2016-02-01',	NULL,	UNHEX('4D')),
(147,	71,	51,	124,	'Poor',	'1',	'202',	'2016-02-02 00:00:00',	'Y',	87,	'02/02/2016',	'N',	203,	'2016-02-02',	NULL,	NULL,	NULL,	'',	NULL,	NULL,	NULL,	'rating',	NULL,	'2016-02-01',	NULL,	UNHEX('4E')),
(148,	71,	51,	124,	'Very Poor',	'0',	'202',	'2016-02-02 00:00:00',	'Y',	85,	NULL,	'N',	203,	'2016-02-02',	NULL,	NULL,	NULL,	'',	NULL,	NULL,	NULL,	'rating',	NULL,	'2016-02-01',	NULL,	UNHEX('4E')),
(149,	71,	51,	124,	'Average',	'0',	'202',	'2016-02-02 00:00:00',	'Y',	84,	NULL,	'N',	207,	'2016-02-02',	NULL,	NULL,	NULL,	'',	NULL,	NULL,	NULL,	'rating',	NULL,	'2016-02-01',	NULL,	UNHEX('4D')),
(150,	71,	51,	123,	'Average',	'0',	'204',	'2016-02-02 00:00:00',	'Y',	84,	NULL,	'N',	206,	'2016-02-02',	NULL,	NULL,	NULL,	'',	NULL,	NULL,	NULL,	'rating',	NULL,	'2016-02-01',	NULL,	UNHEX('4D')),
(158,	71,	51,	134,	'Poor',	'0',	'202',	'2016-02-02 00:00:00',	'Y',	89,	NULL,	'N',	203,	'2016-02-02',	NULL,	NULL,	NULL,	'',	NULL,	NULL,	NULL,	'rating',	NULL,	'2016-02-01',	NULL,	UNHEX('4E')),
(163,	71,	51,	136,	'Very Poor',	'0',	'202',	'2016-02-03 00:00:00',	'Y',	89,	NULL,	'N',	203,	'2016-02-03',	NULL,	NULL,	NULL,	'',	NULL,	NULL,	NULL,	'rating',	NULL,	'2016-02-01',	NULL,	UNHEX('4E')),
(164,	71,	51,	136,	'Very Poor',	'0',	'202',	'2016-02-03 00:00:00',	'Y',	89,	NULL,	'N',	207,	'2016-02-03',	NULL,	NULL,	NULL,	'',	NULL,	NULL,	NULL,	'rating',	NULL,	'2016-02-01',	NULL,	UNHEX('4E')),
(165,	71,	51,	136,	'Very Poor',	'0',	'202',	'2016-02-03 00:00:00',	'Y',	89,	NULL,	'N',	207,	'2016-02-03',	NULL,	NULL,	NULL,	'',	NULL,	NULL,	NULL,	'rating',	NULL,	'2016-02-01',	NULL,	UNHEX('4E')),
(166,	71,	51,	138,	'Very Poor',	'1',	'202',	'2016-02-03 00:00:00',	'Y',	89,	'02/03/2016',	'N',	207,	'2016-02-03',	NULL,	NULL,	NULL,	'',	NULL,	NULL,	NULL,	'rating',	NULL,	'2016-02-01',	NULL,	UNHEX('4E')),
(167,	71,	51,	138,	'Poor',	'1',	'202',	'2016-02-03 00:00:00',	'Y',	88,	'02/03/2016',	'N',	203,	'2016-02-03',	NULL,	NULL,	NULL,	'',	NULL,	NULL,	NULL,	'rating',	NULL,	'2016-02-01',	NULL,	UNHEX('4E')),
(168,	71,	51,	139,	'Average',	'0',	'204',	'2016-02-03 00:00:00',	'Y',	87,	NULL,	'N',	208,	'2016-02-03',	NULL,	NULL,	NULL,	'',	NULL,	NULL,	NULL,	'rating',	NULL,	'2016-02-01',	NULL,	UNHEX('4D')),
(169,	71,	51,	142,	'Very Poor',	'1',	'202',	'2016-02-03 00:00:00',	'N',	93,	'02/03/2016',	'Y',	203,	'2016-02-03',	NULL,	NULL,	NULL,	'',	NULL,	NULL,	NULL,	'rating',	NULL,	'2016-02-01',	NULL,	UNHEX('4E')),
(170,	71,	51,	142,	'Poor',	'1',	'202',	'2016-02-03 00:00:00',	'N',	92,	'02/03/2016',	'Y',	203,	'2016-02-03',	NULL,	NULL,	NULL,	'',	NULL,	NULL,	NULL,	'rating',	NULL,	'2016-02-01',	NULL,	UNHEX('4E')),
(171,	71,	51,	142,	'Average',	'1',	'202',	'2016-02-03 00:00:00',	'N',	91,	'02/03/2016',	'Y',	203,	'2016-02-03',	NULL,	NULL,	NULL,	'',	NULL,	NULL,	NULL,	'rating',	NULL,	'2016-02-01',	NULL,	UNHEX('4D')),
(172,	71,	51,	143,	'Average',	'1',	'204',	'2016-02-03 00:00:00',	'N',	90,	'02/03/2016',	'Y',	208,	'2016-02-03',	NULL,	NULL,	NULL,	'',	NULL,	NULL,	NULL,	'rating',	NULL,	'2016-02-01',	NULL,	UNHEX('4D')),
(173,	71,	51,	143,	'Poor',	'1',	'204',	'2016-02-03 00:00:00',	'N',	92,	'02/03/2016',	'Y',	206,	'2016-02-03',	NULL,	NULL,	NULL,	'',	NULL,	NULL,	NULL,	'rating',	NULL,	'2016-02-01',	NULL,	UNHEX('4E')),
(174,	71,	51,	147,	'Very Poor',	'0',	'204',	'2016-02-03 00:00:00',	'N',	84,	NULL,	'Y',	208,	'2016-02-03',	NULL,	NULL,	NULL,	'',	NULL,	NULL,	NULL,	'rating',	NULL,	'2016-02-01',	NULL,	UNHEX('4E')),
(175,	71,	51,	147,	'Very Poor',	'1',	'204',	'2016-02-03 00:00:00',	'N',	85,	'02/03/2016',	'Y',	206,	'2016-02-03',	NULL,	NULL,	NULL,	'',	NULL,	NULL,	NULL,	'rating',	NULL,	'2016-02-01',	NULL,	UNHEX('4E')),
(176,	63,	43,	149,	'Poor',	'0',	'210',	'2016-02-06 00:00:00',	'Y',	96,	NULL,	'N',	212,	'2016-02-06',	NULL,	NULL,	NULL,	'',	NULL,	NULL,	NULL,	'rating',	NULL,	'2016-02-01',	NULL,	UNHEX('4E')),
(177,	63,	43,	150,	'Poor',	'0',	'210',	'2016-02-06 00:00:00',	'Y',	96,	NULL,	'N',	213,	'2016-02-06',	NULL,	NULL,	NULL,	'',	NULL,	NULL,	NULL,	'rating',	NULL,	'2016-02-01',	NULL,	UNHEX('4E')),
(178,	63,	0,	150,	'Very Poor',	'0',	'210',	'2016-02-06 00:00:00',	'Y',	95,	'02/06/2016',	'N',	213,	'2016-02-06',	NULL,	NULL,	NULL,	'',	NULL,	NULL,	NULL,	'rating',	NULL,	'2016-02-01',	NULL,	UNHEX('4E')),
(179,	63,	43,	150,	'Poor',	'0',	'210',	'2016-02-06 00:00:00',	'Y',	96,	NULL,	'N',	213,	'2016-02-06',	NULL,	NULL,	NULL,	'',	NULL,	NULL,	NULL,	'rating',	NULL,	'2016-02-01',	NULL,	UNHEX('4E')),
(180,	63,	43,	150,	'Average',	'0',	'210',	'2016-02-06 00:00:00',	'Y',	96,	NULL,	'N',	212,	'2016-02-06',	NULL,	NULL,	NULL,	'',	NULL,	NULL,	NULL,	'rating',	NULL,	'2016-02-01',	NULL,	UNHEX('4D')),
(181,	71,	51,	152,	'Very Poor',	'1',	'202',	'2016-02-06 00:00:00',	'N',	93,	'02/08/2016',	'Y',	203,	'2016-02-06',	NULL,	NULL,	NULL,	'',	NULL,	NULL,	NULL,	'rating',	NULL,	'2016-02-01',	NULL,	UNHEX('4E')),
(182,	71,	51,	152,	'Very Poor',	'0',	'202',	'2016-02-06 00:00:00',	'N',	93,	NULL,	'Y',	203,	'2016-02-06',	NULL,	NULL,	NULL,	'',	NULL,	NULL,	NULL,	'rating',	NULL,	'2016-02-01',	NULL,	UNHEX('4E')),
(183,	71,	51,	159,	'Poor',	'1',	'202',	'2016-02-06 00:00:00',	'N',	86,	'06/03/2018',	'Y',	207,	'2016-02-06',	NULL,	NULL,	NULL,	'',	NULL,	NULL,	NULL,	'rating',	NULL,	'2016-02-01',	NULL,	UNHEX('4E')),
(184,	71,	51,	159,	'Poor',	'0',	'202',	'2016-02-06 00:00:00',	'N',	87,	NULL,	'Y',	203,	'2016-02-06',	NULL,	NULL,	NULL,	'',	NULL,	NULL,	NULL,	'rating',	NULL,	'2016-02-01',	NULL,	UNHEX('4E')),
(185,	71,	51,	159,	'Poor',	'0',	'202',	'2016-02-06 00:00:00',	'N',	86,	NULL,	'Y',	203,	'2016-02-06',	NULL,	NULL,	NULL,	'',	NULL,	NULL,	NULL,	'rating',	NULL,	'2016-02-01',	NULL,	UNHEX('4E')),
(186,	71,	51,	159,	'Poor',	'0',	'202',	'2016-02-06 00:00:00',	'N',	87,	NULL,	'Y',	203,	'2016-02-06',	NULL,	NULL,	NULL,	'',	NULL,	NULL,	NULL,	'rating',	NULL,	'2016-02-01',	NULL,	UNHEX('4E')),
(187,	71,	51,	159,	'Very Poor',	'0',	'202',	'2016-02-06 00:00:00',	'N',	91,	NULL,	'Y',	207,	'2016-02-06',	NULL,	NULL,	NULL,	'',	NULL,	NULL,	NULL,	'rating',	NULL,	'2016-02-01',	NULL,	UNHEX('4E')),
(188,	71,	51,	159,	'Very Poor',	'0',	'202',	'2016-02-06 00:00:00',	'N',	92,	NULL,	'Y',	203,	'2016-02-06',	NULL,	NULL,	NULL,	'',	NULL,	NULL,	NULL,	'rating',	NULL,	'2016-02-01',	NULL,	UNHEX('4E')),
(189,	71,	51,	159,	'Very Poor',	'0',	'202',	'2016-02-06 00:00:00',	'N',	93,	NULL,	'Y',	203,	'2016-02-06',	NULL,	NULL,	NULL,	'',	NULL,	NULL,	NULL,	'rating',	NULL,	'2016-02-01',	NULL,	UNHEX('4E')),
(190,	71,	51,	159,	'Very Poor',	'0',	'202',	'2016-02-06 00:00:00',	'N',	92,	NULL,	'Y',	203,	'2016-02-06',	NULL,	NULL,	NULL,	'',	NULL,	NULL,	NULL,	'rating',	NULL,	'2016-02-01',	NULL,	UNHEX('4E')),
(191,	71,	51,	159,	'Very Poor',	'0',	'202',	'2016-02-06 00:00:00',	'N',	93,	NULL,	'Y',	203,	'2016-02-06',	NULL,	NULL,	NULL,	'',	NULL,	NULL,	NULL,	'rating',	NULL,	'2016-02-01',	NULL,	UNHEX('4E')),
(192,	71,	51,	159,	'Very Poor',	'0',	'202',	'2016-02-06 00:00:00',	'N',	91,	NULL,	'Y',	207,	'2016-02-06',	NULL,	NULL,	NULL,	'',	NULL,	NULL,	NULL,	'rating',	NULL,	'2016-02-01',	NULL,	UNHEX('4E')),
(193,	71,	51,	159,	'Very Poor',	'0',	'202',	'2016-02-06 00:00:00',	'N',	92,	NULL,	'Y',	203,	'2016-02-06',	NULL,	NULL,	NULL,	'',	NULL,	NULL,	NULL,	'rating',	NULL,	'2016-02-01',	NULL,	UNHEX('4E')),
(194,	71,	51,	159,	'Very Poor',	'0',	'202',	'2016-02-06 00:00:00',	'N',	93,	NULL,	'Y',	203,	'2016-02-06',	NULL,	NULL,	NULL,	'',	NULL,	NULL,	NULL,	'rating',	NULL,	'2016-02-01',	NULL,	UNHEX('4E')),
(195,	63,	43,	161,	'Poor',	'0',	'210',	'2016-02-08 00:00:00',	'Y',	95,	NULL,	'N',	212,	'2016-02-08',	NULL,	NULL,	NULL,	'',	NULL,	NULL,	NULL,	'rating',	NULL,	'2016-02-02',	NULL,	UNHEX('4E')),
(196,	63,	43,	161,	'Poor',	'0',	'210',	'2016-02-08 00:00:00',	'Y',	96,	NULL,	'N',	213,	'2016-02-08',	NULL,	NULL,	NULL,	'',	NULL,	NULL,	NULL,	'rating',	NULL,	'2016-02-02',	NULL,	UNHEX('4E')),
(197,	63,	43,	161,	'Poor',	'0',	'210',	'2016-02-08 00:00:00',	'Y',	96,	NULL,	'N',	213,	'2016-02-08',	NULL,	NULL,	NULL,	'',	NULL,	NULL,	NULL,	'rating',	NULL,	'2016-02-02',	NULL,	UNHEX('4E')),
(198,	63,	43,	161,	'Poor',	'0',	'210',	'2016-02-08 00:00:00',	'Y',	96,	NULL,	'N',	213,	'2016-02-08',	NULL,	NULL,	NULL,	'',	NULL,	NULL,	NULL,	'rating',	NULL,	'2016-02-02',	NULL,	UNHEX('4E')),
(199,	63,	43,	161,	'Poor',	'0',	'210',	'2016-02-08 00:00:00',	'Y',	96,	NULL,	'N',	212,	'2016-02-08',	NULL,	NULL,	NULL,	'',	NULL,	NULL,	NULL,	'rating',	NULL,	'2016-02-02',	NULL,	UNHEX('4E')),
(200,	71,	51,	164,	'Very Poor',	'0',	'202',	'2016-02-08 00:00:00',	'N',	93,	NULL,	'Y',	203,	'2016-02-08',	NULL,	NULL,	NULL,	'',	NULL,	NULL,	NULL,	'rating',	NULL,	'2016-02-02',	NULL,	UNHEX('4E')),
(201,	71,	51,	166,	'Very Poor',	'0',	'202',	'2016-02-08 00:00:00',	'N',	93,	NULL,	'Y',	203,	'2016-02-08',	NULL,	NULL,	NULL,	'',	NULL,	NULL,	NULL,	'rating',	NULL,	'2016-02-02',	NULL,	UNHEX('4E')),
(202,	71,	51,	167,	'Very Poor',	'0',	'202',	'2016-02-08 00:00:00',	'N',	87,	NULL,	'Y',	207,	'2016-02-08',	NULL,	NULL,	NULL,	'',	NULL,	NULL,	NULL,	'rating',	NULL,	'2016-02-02',	NULL,	UNHEX('4E')),
(203,	71,	51,	167,	'Very Poor',	'0',	'202',	'2016-02-08 00:00:00',	'N',	92,	NULL,	'Y',	207,	'2016-02-08',	NULL,	NULL,	NULL,	'',	NULL,	NULL,	NULL,	'rating',	NULL,	'2016-02-02',	NULL,	UNHEX('4E')),
(204,	71,	51,	167,	'Very Poor',	'0',	'202',	'2016-02-08 00:00:00',	'N',	93,	NULL,	'Y',	203,	'2016-02-08',	NULL,	NULL,	NULL,	'',	NULL,	NULL,	NULL,	'rating',	NULL,	'2016-02-02',	NULL,	UNHEX('4E')),
(205,	71,	51,	167,	'Very Poor',	'0',	'202',	'2016-02-08 00:00:00',	'N',	92,	NULL,	'Y',	207,	'2016-02-08',	NULL,	NULL,	NULL,	'',	NULL,	NULL,	NULL,	'rating',	NULL,	'2016-02-02',	NULL,	UNHEX('4E')),
(206,	71,	51,	167,	'Very Poor',	'0',	'202',	'2016-02-08 00:00:00',	'N',	93,	NULL,	'Y',	207,	'2016-02-08',	NULL,	NULL,	NULL,	'',	NULL,	NULL,	NULL,	'rating',	NULL,	'2016-02-02',	NULL,	UNHEX('4E')),
(207,	71,	0,	167,	'Very Poor',	'1',	'202',	'2016-02-08 00:00:00',	'N',	92,	'02/10/2016',	'Y',	203,	'2016-02-08',	NULL,	NULL,	NULL,	'',	NULL,	NULL,	NULL,	'rating',	NULL,	'2016-02-02',	NULL,	UNHEX('4E')),
(208,	71,	51,	167,	'Very Poor',	'0',	'202',	'2016-02-08 00:00:00',	'N',	93,	NULL,	'Y',	207,	'2016-02-08',	NULL,	NULL,	NULL,	'',	NULL,	NULL,	NULL,	'rating',	NULL,	'2016-02-02',	NULL,	UNHEX('4E')),
(209,	71,	51,	167,	'Poor',	'0',	'202',	'2016-02-08 00:00:00',	'N',	87,	NULL,	'Y',	207,	'2016-02-08',	NULL,	NULL,	NULL,	'',	NULL,	NULL,	NULL,	'rating',	NULL,	'2016-02-02',	NULL,	UNHEX('4E')),
(210,	63,	43,	168,	'Very Poor',	'0',	'210',	'2016-02-08 00:00:00',	'Y',	95,	NULL,	'N',	212,	'2016-02-08',	NULL,	NULL,	NULL,	'',	NULL,	NULL,	NULL,	'rating',	NULL,	'2016-02-02',	NULL,	UNHEX('4E')),
(211,	63,	43,	168,	'Very Poor',	'0',	'210',	'2016-02-08 00:00:00',	'Y',	96,	NULL,	'N',	212,	'2016-02-08',	NULL,	NULL,	NULL,	'',	NULL,	NULL,	NULL,	'rating',	NULL,	'2016-02-02',	NULL,	UNHEX('4E')),
(212,	63,	43,	168,	'Very Poor',	'0',	'210',	'2016-02-08 00:00:00',	'Y',	95,	NULL,	'N',	213,	'2016-02-08',	NULL,	NULL,	NULL,	'',	NULL,	NULL,	NULL,	'rating',	NULL,	'2016-02-02',	NULL,	UNHEX('4E')),
(213,	63,	43,	168,	'Very Poor',	'0',	'210',	'2016-02-08 00:00:00',	'Y',	96,	NULL,	'N',	213,	'2016-02-08',	NULL,	NULL,	NULL,	'',	NULL,	NULL,	NULL,	'rating',	NULL,	'2016-02-02',	NULL,	UNHEX('4E')),
(214,	63,	0,	171,	'Poor',	'1',	'210',	'2016-02-09 00:00:00',	'Y',	95,	'02/09/2016',	'N',	212,	'2016-02-09',	NULL,	NULL,	NULL,	'',	NULL,	NULL,	NULL,	'rating',	NULL,	'2016-02-02',	NULL,	UNHEX('4E')),
(215,	63,	43,	171,	'Poor',	'0',	'210',	'2016-02-09 00:00:00',	'Y',	96,	NULL,	'N',	213,	'2016-02-09',	NULL,	NULL,	NULL,	'',	NULL,	NULL,	NULL,	'rating',	NULL,	'2016-02-02',	NULL,	UNHEX('4E')),
(216,	63,	43,	173,	'Very Poor',	'0',	'210',	'2016-02-09 00:00:00',	'Y',	95,	NULL,	'N',	213,	'2016-02-09',	NULL,	NULL,	NULL,	'',	NULL,	NULL,	NULL,	'rating',	NULL,	'2016-02-02',	NULL,	UNHEX('4E')),
(217,	63,	43,	173,	'Very Poor',	'0',	'210',	'2016-02-09 00:00:00',	'Y',	96,	NULL,	'N',	213,	'2016-02-09',	NULL,	NULL,	NULL,	'',	NULL,	NULL,	NULL,	'rating',	NULL,	'2016-02-02',	NULL,	UNHEX('4E')),
(218,	63,	43,	173,	'Average',	'0',	'210',	'2016-02-09 00:00:00',	'Y',	96,	NULL,	'N',	212,	'2016-02-09',	NULL,	NULL,	NULL,	'',	NULL,	NULL,	NULL,	'rating',	NULL,	'2016-02-02',	NULL,	UNHEX('4D')),
(219,	63,	43,	178,	'Very Poor',	'0',	'210',	'2016-02-09 00:00:00',	'Y',	96,	NULL,	'N',	212,	'2016-02-09',	NULL,	NULL,	NULL,	'',	NULL,	NULL,	NULL,	'rating',	NULL,	'2016-02-02',	NULL,	UNHEX('4E')),
(220,	63,	43,	178,	'Poor',	'0',	'210',	'2016-02-09 00:00:00',	'Y',	95,	NULL,	'N',	213,	'2016-02-09',	NULL,	NULL,	NULL,	'',	NULL,	NULL,	NULL,	'rating',	NULL,	'2016-02-02',	NULL,	UNHEX('4E')),
(221,	63,	43,	178,	'Poor',	'0',	'210',	'2016-02-09 00:00:00',	'Y',	96,	NULL,	'N',	213,	'2016-02-09',	NULL,	NULL,	NULL,	'',	NULL,	NULL,	NULL,	'rating',	NULL,	'2016-02-02',	NULL,	UNHEX('4E')),
(222,	63,	0,	185,	'Poor',	'1',	'210',	'2016-02-09 00:00:00',	'N',	98,	'02/09/2016',	'Y',	213,	'2016-02-09',	NULL,	NULL,	NULL,	'',	NULL,	NULL,	NULL,	'rating',	NULL,	'2016-02-02',	NULL,	UNHEX('4E')),
(223,	63,	43,	185,	'Poor',	'0',	'210',	'2016-02-09 00:00:00',	'N',	99,	'02/09/2016',	'Y',	213,	'2016-02-09',	NULL,	NULL,	NULL,	'',	NULL,	NULL,	NULL,	'rating',	NULL,	'2016-02-02',	NULL,	UNHEX('4E')),
(224,	63,	43,	185,	'Poor',	'1',	'210',	'2016-02-09 00:00:00',	'N',	100,	'02/09/2016',	'Y',	213,	'2016-02-09',	NULL,	NULL,	NULL,	'',	NULL,	NULL,	NULL,	'rating',	NULL,	'2016-02-02',	NULL,	UNHEX('4E')),
(225,	63,	43,	185,	'Poor',	'0',	'210',	'2016-02-09 00:00:00',	'N',	101,	NULL,	'Y',	212,	'2016-02-09',	NULL,	NULL,	NULL,	'',	NULL,	NULL,	NULL,	'rating',	NULL,	'2016-02-02',	NULL,	UNHEX('4E')),
(226,	63,	43,	185,	'Poor',	'0',	'210',	'2016-02-09 00:00:00',	'N',	102,	'02/09/2016',	'Y',	213,	'2016-02-09',	NULL,	NULL,	NULL,	'',	NULL,	NULL,	NULL,	'rating',	NULL,	'2016-02-02',	NULL,	UNHEX('4E')),
(227,	63,	43,	185,	'Poor',	'1',	'210',	'2016-02-09 00:00:00',	'N',	103,	'02/09/2016',	'Y',	212,	'2016-02-09',	NULL,	NULL,	NULL,	'',	NULL,	NULL,	NULL,	'rating',	NULL,	'2016-02-02',	NULL,	UNHEX('4E')),
(228,	63,	43,	185,	'Poor',	'1',	'210',	'2016-02-09 00:00:00',	'N',	104,	'02/09/2016',	'Y',	213,	'2016-02-09',	NULL,	NULL,	NULL,	'',	NULL,	NULL,	NULL,	'rating',	NULL,	'2016-02-02',	NULL,	UNHEX('4E')),
(229,	63,	43,	185,	'Poor',	'0',	'210',	'2016-02-09 00:00:00',	'N',	105,	NULL,	'Y',	212,	'2016-02-09',	NULL,	NULL,	NULL,	'',	NULL,	NULL,	NULL,	'rating',	NULL,	'2016-02-02',	NULL,	UNHEX('4E')),
(230,	63,	43,	185,	'Very Poor',	'1',	'210',	'2016-02-09 00:00:00',	'N',	101,	'02/09/2016',	'Y',	213,	'2016-02-09',	NULL,	NULL,	NULL,	'',	NULL,	NULL,	NULL,	'rating',	NULL,	'2016-02-02',	NULL,	UNHEX('4E')),
(231,	63,	43,	185,	'Very Poor',	'1',	'210',	'2016-02-09 00:00:00',	'N',	104,	'02/09/2016',	'Y',	213,	'2016-02-09',	NULL,	NULL,	NULL,	'',	NULL,	NULL,	NULL,	'rating',	NULL,	'2016-02-02',	NULL,	UNHEX('4E')),
(232,	63,	43,	187,	'Poor',	'0',	'210',	'2016-02-09 00:00:00',	'N',	98,	NULL,	'Y',	213,	'2016-02-09',	NULL,	NULL,	NULL,	'',	NULL,	NULL,	NULL,	'rating',	NULL,	'2016-02-02',	NULL,	UNHEX('4E')),
(233,	63,	43,	187,	'Poor',	'0',	'210',	'2016-02-09 00:00:00',	'N',	99,	NULL,	'Y',	212,	'2016-02-09',	NULL,	NULL,	NULL,	'',	NULL,	NULL,	NULL,	'rating',	NULL,	'2016-02-02',	NULL,	UNHEX('4E')),
(234,	63,	43,	187,	'Poor',	'0',	'210',	'2016-02-09 00:00:00',	'N',	100,	NULL,	'Y',	212,	'2016-02-09',	NULL,	NULL,	NULL,	'',	NULL,	NULL,	NULL,	'rating',	NULL,	'2016-02-02',	NULL,	UNHEX('4E')),
(235,	63,	43,	187,	'Poor',	'0',	'210',	'2016-02-09 00:00:00',	'N',	101,	NULL,	'Y',	213,	'2016-02-09',	NULL,	NULL,	NULL,	'',	NULL,	NULL,	NULL,	'rating',	NULL,	'2016-02-02',	NULL,	UNHEX('4E')),
(236,	63,	43,	187,	'Poor',	'0',	'210',	'2016-02-09 00:00:00',	'N',	102,	NULL,	'Y',	213,	'2016-02-09',	NULL,	NULL,	NULL,	'',	NULL,	NULL,	NULL,	'rating',	NULL,	'2016-02-02',	NULL,	UNHEX('4E')),
(237,	63,	43,	187,	'Poor',	'0',	'210',	'2016-02-09 00:00:00',	'N',	103,	NULL,	'Y',	212,	'2016-02-09',	NULL,	NULL,	NULL,	'',	NULL,	NULL,	NULL,	'rating',	NULL,	'2016-02-02',	NULL,	UNHEX('4E')),
(238,	63,	43,	187,	'Poor',	'0',	'210',	'2016-02-09 00:00:00',	'N',	104,	NULL,	'Y',	212,	'2016-02-09',	NULL,	NULL,	NULL,	'',	NULL,	NULL,	NULL,	'rating',	NULL,	'2016-02-02',	NULL,	UNHEX('4E')),
(239,	63,	43,	187,	'Poor',	'0',	'210',	'2016-02-09 00:00:00',	'N',	105,	NULL,	'Y',	213,	'2016-02-09',	NULL,	NULL,	NULL,	'',	NULL,	NULL,	NULL,	'rating',	NULL,	'2016-02-02',	NULL,	UNHEX('4E')),
(240,	63,	43,	187,	'Average',	'0',	'210',	'2016-02-09 00:00:00',	'N',	103,	NULL,	'Y',	213,	'2016-02-09',	NULL,	NULL,	NULL,	'',	NULL,	NULL,	NULL,	'rating',	NULL,	'2016-02-02',	NULL,	UNHEX('4D')),
(241,	63,	43,	187,	'Very Poor',	'0',	'210',	'2016-02-09 00:00:00',	'N',	105,	NULL,	'Y',	212,	'2016-02-09',	NULL,	NULL,	NULL,	'',	NULL,	NULL,	NULL,	'rating',	NULL,	'2016-02-02',	NULL,	UNHEX('4E')),
(242,	63,	43,	187,	'Very Poor',	'0',	'210',	'2016-02-09 00:00:00',	'N',	98,	NULL,	'Y',	213,	'2016-02-09',	NULL,	NULL,	NULL,	'',	NULL,	NULL,	NULL,	'rating',	NULL,	'2016-02-02',	NULL,	UNHEX('4E')),
(243,	63,	43,	187,	'Very Poor',	'0',	'210',	'2016-02-09 00:00:00',	'N',	99,	NULL,	'Y',	212,	'2016-02-09',	NULL,	NULL,	NULL,	'',	NULL,	NULL,	NULL,	'rating',	NULL,	'2016-02-02',	NULL,	UNHEX('4E')),
(244,	63,	43,	187,	'Very Poor',	'0',	'210',	'2016-02-09 00:00:00',	'N',	100,	NULL,	'Y',	212,	'2016-02-09',	NULL,	NULL,	NULL,	'',	NULL,	NULL,	NULL,	'rating',	NULL,	'2016-02-02',	NULL,	UNHEX('4E')),
(245,	63,	43,	187,	'Very Poor',	'0',	'210',	'2016-02-09 00:00:00',	'N',	101,	NULL,	'Y',	213,	'2016-02-09',	NULL,	NULL,	NULL,	'',	NULL,	NULL,	NULL,	'rating',	NULL,	'2016-02-02',	NULL,	UNHEX('4E')),
(246,	63,	43,	187,	'Very Poor',	'0',	'210',	'2016-02-09 00:00:00',	'N',	102,	NULL,	'Y',	212,	'2016-02-09',	NULL,	NULL,	NULL,	'',	NULL,	NULL,	NULL,	'rating',	NULL,	'2016-02-02',	NULL,	UNHEX('4E')),
(247,	63,	43,	187,	'Very Poor',	'0',	'210',	'2016-02-09 00:00:00',	'N',	103,	NULL,	'Y',	213,	'2016-02-09',	NULL,	NULL,	NULL,	'',	NULL,	NULL,	NULL,	'rating',	NULL,	'2016-02-02',	NULL,	UNHEX('4E')),
(248,	63,	43,	187,	'Very Poor',	'0',	'210',	'2016-02-09 00:00:00',	'N',	104,	NULL,	'Y',	213,	'2016-02-09',	NULL,	NULL,	NULL,	'',	NULL,	NULL,	NULL,	'rating',	NULL,	'2016-02-02',	NULL,	UNHEX('4E')),
(249,	63,	43,	187,	'Very Poor',	'0',	'210',	'2016-02-09 00:00:00',	'N',	105,	NULL,	'Y',	212,	'2016-02-09',	NULL,	NULL,	NULL,	'',	NULL,	NULL,	NULL,	'rating',	NULL,	'2016-02-02',	NULL,	UNHEX('4E')),
(250,	63,	43,	187,	'Very Poor',	'0',	'210',	'2016-02-09 00:00:00',	'N',	98,	NULL,	'Y',	213,	'2016-02-09',	NULL,	NULL,	NULL,	'',	NULL,	NULL,	NULL,	'rating',	NULL,	'2016-02-02',	NULL,	UNHEX('4E')),
(251,	63,	43,	187,	'Very Poor',	'0',	'210',	'2016-02-09 00:00:00',	'N',	99,	NULL,	'Y',	212,	'2016-02-09',	NULL,	NULL,	NULL,	'',	NULL,	NULL,	NULL,	'rating',	NULL,	'2016-02-02',	NULL,	UNHEX('4E')),
(252,	63,	43,	187,	'Very Poor',	'0',	'210',	'2016-02-09 00:00:00',	'N',	100,	NULL,	'Y',	212,	'2016-02-09',	NULL,	NULL,	NULL,	'',	NULL,	NULL,	NULL,	'rating',	NULL,	'2016-02-02',	NULL,	UNHEX('4E')),
(253,	63,	43,	187,	'Very Poor',	'0',	'210',	'2016-02-09 00:00:00',	'N',	101,	NULL,	'Y',	212,	'2016-02-09',	NULL,	NULL,	NULL,	'',	NULL,	NULL,	NULL,	'rating',	NULL,	'2016-02-02',	NULL,	UNHEX('4E')),
(254,	63,	43,	187,	'Very Poor',	'0',	'210',	'2016-02-09 00:00:00',	'N',	102,	NULL,	'Y',	213,	'2016-02-09',	NULL,	NULL,	NULL,	'',	NULL,	NULL,	NULL,	'rating',	NULL,	'2016-02-02',	NULL,	UNHEX('4E')),
(255,	63,	43,	187,	'Very Poor',	'0',	'210',	'2016-02-09 00:00:00',	'N',	103,	NULL,	'Y',	213,	'2016-02-09',	NULL,	NULL,	NULL,	'',	NULL,	NULL,	NULL,	'rating',	NULL,	'2016-02-02',	NULL,	UNHEX('4E')),
(256,	63,	43,	187,	'Very Poor',	'0',	'210',	'2016-02-09 00:00:00',	'N',	104,	NULL,	'Y',	213,	'2016-02-09',	NULL,	NULL,	NULL,	'',	NULL,	NULL,	NULL,	'rating',	NULL,	'2016-02-02',	NULL,	UNHEX('4E')),
(257,	63,	43,	187,	'Very Poor',	'0',	'210',	'2016-02-09 00:00:00',	'N',	105,	NULL,	'Y',	213,	'2016-02-09',	NULL,	NULL,	NULL,	'',	NULL,	NULL,	NULL,	'rating',	NULL,	'2016-02-02',	NULL,	UNHEX('4E')),
(258,	63,	43,	187,	'Very Poor',	'0',	'210',	'2016-02-09 00:00:00',	'N',	105,	NULL,	'Y',	212,	'2016-02-09',	NULL,	NULL,	NULL,	'',	NULL,	NULL,	NULL,	'rating',	NULL,	'2016-02-02',	NULL,	UNHEX('4E')),
(259,	63,	43,	187,	'Very Poor',	'0',	'210',	'2016-02-09 00:00:00',	'N',	105,	NULL,	'Y',	212,	'2016-02-09',	NULL,	NULL,	NULL,	'',	NULL,	NULL,	NULL,	'rating',	NULL,	'2016-02-02',	NULL,	UNHEX('4E')),
(260,	63,	43,	187,	'Average',	'0',	'210',	'2016-02-09 00:00:00',	'N',	100,	NULL,	'Y',	212,	'2016-02-09',	NULL,	NULL,	NULL,	'',	NULL,	NULL,	NULL,	'rating',	NULL,	'2016-02-02',	NULL,	UNHEX('4D')),
(261,	63,	43,	187,	'Average',	'0',	'210',	'2016-02-09 00:00:00',	'N',	104,	NULL,	'Y',	212,	'2016-02-09',	NULL,	NULL,	NULL,	'',	NULL,	NULL,	NULL,	'rating',	NULL,	'2016-02-02',	NULL,	UNHEX('4D')),
(262,	63,	43,	190,	'Poor',	'0',	'210',	'2016-02-09 00:00:00',	'N',	98,	NULL,	'Y',	213,	'2016-02-09',	NULL,	NULL,	NULL,	'',	NULL,	NULL,	NULL,	'rating',	NULL,	'2016-02-02',	NULL,	UNHEX('4E')),
(263,	63,	43,	190,	'Poor',	'0',	'210',	'2016-02-09 00:00:00',	'N',	102,	NULL,	'Y',	213,	'2016-02-09',	NULL,	NULL,	NULL,	'',	NULL,	NULL,	NULL,	'rating',	NULL,	'2016-02-02',	NULL,	UNHEX('4E')),
(264,	63,	43,	190,	'Poor',	'0',	'210',	'2016-02-09 00:00:00',	'N',	103,	NULL,	'Y',	212,	'2016-02-09',	NULL,	NULL,	NULL,	'',	NULL,	NULL,	NULL,	'rating',	NULL,	'2016-02-02',	NULL,	UNHEX('4E')),
(265,	63,	43,	190,	'Poor',	'0',	'210',	'2016-02-09 00:00:00',	'N',	104,	NULL,	'Y',	213,	'2016-02-09',	NULL,	NULL,	NULL,	'',	NULL,	NULL,	NULL,	'rating',	NULL,	'2016-02-02',	NULL,	UNHEX('4E')),
(266,	63,	43,	190,	'Very Poor',	'0',	'210',	'2016-02-09 00:00:00',	'N',	105,	NULL,	'Y',	212,	'2016-02-09',	NULL,	NULL,	NULL,	'',	NULL,	NULL,	NULL,	'rating',	NULL,	'2016-02-02',	NULL,	UNHEX('4E')),
(267,	63,	43,	190,	'Average',	'0',	'210',	'2016-02-09 00:00:00',	'N',	98,	NULL,	'Y',	213,	'2016-02-09',	NULL,	NULL,	NULL,	'',	NULL,	NULL,	NULL,	'rating',	NULL,	'2016-02-02',	NULL,	UNHEX('4D')),
(268,	63,	43,	190,	'Average',	'0',	'210',	'2016-02-09 00:00:00',	'N',	99,	NULL,	'Y',	213,	'2016-02-09',	NULL,	NULL,	NULL,	'',	NULL,	NULL,	NULL,	'rating',	NULL,	'2016-02-02',	NULL,	UNHEX('4D')),
(269,	63,	43,	190,	'Average',	'0',	'210',	'2016-02-09 00:00:00',	'N',	100,	NULL,	'Y',	212,	'2016-02-09',	NULL,	NULL,	NULL,	'',	NULL,	NULL,	NULL,	'rating',	NULL,	'2016-02-02',	NULL,	UNHEX('4D')),
(270,	63,	43,	190,	'Average',	'0',	'210',	'2016-02-09 00:00:00',	'N',	101,	NULL,	'Y',	213,	'2016-02-09',	NULL,	NULL,	NULL,	'',	NULL,	NULL,	NULL,	'rating',	NULL,	'2016-02-02',	NULL,	UNHEX('4D')),
(271,	63,	43,	190,	'Average',	'0',	'210',	'2016-02-09 00:00:00',	'N',	102,	NULL,	'Y',	212,	'2016-02-09',	NULL,	NULL,	NULL,	'',	NULL,	NULL,	NULL,	'rating',	NULL,	'2016-02-02',	NULL,	UNHEX('4D')),
(272,	63,	43,	190,	'Average',	'0',	'210',	'2016-02-09 00:00:00',	'N',	103,	NULL,	'Y',	212,	'2016-02-09',	NULL,	NULL,	NULL,	'',	NULL,	NULL,	NULL,	'rating',	NULL,	'2016-02-02',	NULL,	UNHEX('4D')),
(273,	63,	43,	190,	'Average',	'0',	'210',	'2016-02-09 00:00:00',	'N',	104,	NULL,	'Y',	213,	'2016-02-09',	NULL,	NULL,	NULL,	'',	NULL,	NULL,	NULL,	'rating',	NULL,	'2016-02-02',	NULL,	UNHEX('4D')),
(274,	63,	43,	190,	'Average',	'0',	'210',	'2016-02-09 00:00:00',	'N',	105,	NULL,	'Y',	213,	'2016-02-09',	NULL,	NULL,	NULL,	'',	NULL,	NULL,	NULL,	'rating',	NULL,	'2016-02-02',	NULL,	UNHEX('4D')),
(275,	63,	43,	190,	'Poor',	'0',	'210',	'2016-02-09 00:00:00',	'N',	105,	NULL,	'Y',	213,	'2016-02-09',	NULL,	NULL,	NULL,	'',	NULL,	NULL,	NULL,	'rating',	NULL,	'2016-02-02',	NULL,	UNHEX('4E')),
(276,	63,	43,	190,	'Very Poor',	'0',	'210',	'2016-02-09 00:00:00',	'N',	105,	NULL,	'Y',	213,	'2016-02-09',	NULL,	NULL,	NULL,	'',	NULL,	NULL,	NULL,	'rating',	NULL,	'2016-02-02',	NULL,	UNHEX('4E')),
(277,	63,	43,	190,	'Poor',	'0',	'210',	'2016-02-09 00:00:00',	'N',	104,	NULL,	'Y',	212,	'2016-02-09',	NULL,	NULL,	NULL,	'',	NULL,	NULL,	NULL,	'rating',	NULL,	'2016-02-02',	NULL,	UNHEX('4E')),
(278,	63,	43,	192,	'Very Poor',	'0',	'210',	'2016-02-09 00:00:00',	'N',	105,	NULL,	'Y',	212,	'2016-02-09',	NULL,	NULL,	NULL,	'',	NULL,	NULL,	NULL,	'rating',	NULL,	'2016-02-02',	NULL,	UNHEX('4E')),
(279,	63,	43,	192,	'Poor',	'0',	'210',	'2016-02-09 00:00:00',	'N',	98,	NULL,	'Y',	212,	'2016-02-09',	NULL,	NULL,	NULL,	'',	NULL,	NULL,	NULL,	'rating',	NULL,	'2016-02-02',	NULL,	UNHEX('4E')),
(280,	63,	43,	192,	'Poor',	'0',	'210',	'2016-02-09 00:00:00',	'N',	99,	NULL,	'Y',	212,	'2016-02-09',	NULL,	NULL,	NULL,	'',	NULL,	NULL,	NULL,	'rating',	NULL,	'2016-02-02',	NULL,	UNHEX('4E')),
(281,	63,	43,	192,	'Poor',	'0',	'210',	'2016-02-09 00:00:00',	'N',	100,	NULL,	'Y',	213,	'2016-02-09',	NULL,	NULL,	NULL,	'',	NULL,	NULL,	NULL,	'rating',	NULL,	'2016-02-02',	NULL,	UNHEX('4E')),
(282,	63,	43,	192,	'Poor',	'0',	'210',	'2016-02-09 00:00:00',	'N',	101,	NULL,	'Y',	213,	'2016-02-09',	NULL,	NULL,	NULL,	'',	NULL,	NULL,	NULL,	'rating',	NULL,	'2016-02-02',	NULL,	UNHEX('4E')),
(283,	63,	43,	192,	'Poor',	'0',	'210',	'2016-02-09 00:00:00',	'N',	102,	NULL,	'Y',	212,	'2016-02-09',	NULL,	NULL,	NULL,	'',	NULL,	NULL,	NULL,	'rating',	NULL,	'2016-02-02',	NULL,	UNHEX('4E')),
(284,	63,	43,	192,	'Poor',	'0',	'210',	'2016-02-09 00:00:00',	'N',	103,	NULL,	'Y',	213,	'2016-02-09',	NULL,	NULL,	NULL,	'',	NULL,	NULL,	NULL,	'rating',	NULL,	'2016-02-02',	NULL,	UNHEX('4E')),
(285,	63,	43,	192,	'Poor',	'0',	'210',	'2016-02-09 00:00:00',	'N',	104,	NULL,	'Y',	213,	'2016-02-09',	NULL,	NULL,	NULL,	'',	NULL,	NULL,	NULL,	'rating',	NULL,	'2016-02-02',	NULL,	UNHEX('4E')),
(286,	63,	43,	192,	'Poor',	'0',	'210',	'2016-02-09 00:00:00',	'N',	105,	NULL,	'Y',	212,	'2016-02-09',	NULL,	NULL,	NULL,	'',	NULL,	NULL,	NULL,	'rating',	NULL,	'2016-02-02',	NULL,	UNHEX('4E')),
(287,	63,	43,	194,	'Poor',	'0',	'210',	'2016-02-09 00:00:00',	'N',	105,	NULL,	'Y',	213,	'2016-02-09',	NULL,	NULL,	NULL,	'',	NULL,	NULL,	NULL,	'rating',	NULL,	'2016-02-02',	NULL,	UNHEX('4E')),
(288,	63,	43,	194,	'Very Poor',	'0',	'210',	'2016-02-09 00:00:00',	'N',	98,	NULL,	'Y',	213,	'2016-02-09',	NULL,	NULL,	NULL,	'',	NULL,	NULL,	NULL,	'rating',	NULL,	'2016-02-02',	NULL,	UNHEX('4E')),
(289,	63,	43,	194,	'Very Poor',	'0',	'210',	'2016-02-09 00:00:00',	'N',	99,	NULL,	'Y',	212,	'2016-02-09',	NULL,	NULL,	NULL,	'',	NULL,	NULL,	NULL,	'rating',	NULL,	'2016-02-02',	NULL,	UNHEX('4E')),
(290,	63,	43,	194,	'Very Poor',	'0',	'210',	'2016-02-09 00:00:00',	'N',	100,	NULL,	'Y',	212,	'2016-02-09',	NULL,	NULL,	NULL,	'',	NULL,	NULL,	NULL,	'rating',	NULL,	'2016-02-02',	NULL,	UNHEX('4E')),
(291,	63,	43,	194,	'Very Poor',	'0',	'210',	'2016-02-09 00:00:00',	'N',	101,	NULL,	'Y',	213,	'2016-02-09',	NULL,	NULL,	NULL,	'',	NULL,	NULL,	NULL,	'rating',	NULL,	'2016-02-02',	NULL,	UNHEX('4E')),
(292,	63,	43,	194,	'Very Poor',	'0',	'210',	'2016-02-09 00:00:00',	'N',	102,	NULL,	'Y',	212,	'2016-02-09',	NULL,	NULL,	NULL,	'',	NULL,	NULL,	NULL,	'rating',	NULL,	'2016-02-02',	NULL,	UNHEX('4E')),
(293,	63,	43,	194,	'Very Poor',	'0',	'210',	'2016-02-09 00:00:00',	'N',	103,	NULL,	'Y',	213,	'2016-02-09',	NULL,	NULL,	NULL,	'',	NULL,	NULL,	NULL,	'rating',	NULL,	'2016-02-02',	NULL,	UNHEX('4E')),
(294,	63,	43,	194,	'Very Poor',	'0',	'210',	'2016-02-09 00:00:00',	'N',	104,	NULL,	'Y',	212,	'2016-02-09',	NULL,	NULL,	NULL,	'',	NULL,	NULL,	NULL,	'rating',	NULL,	'2016-02-02',	NULL,	UNHEX('4E')),
(295,	63,	43,	194,	'Very Poor',	'0',	'210',	'2016-02-09 00:00:00',	'N',	105,	NULL,	'Y',	213,	'2016-02-09',	NULL,	NULL,	NULL,	'',	NULL,	NULL,	NULL,	'rating',	NULL,	'2016-02-02',	NULL,	UNHEX('4E')),
(296,	63,	43,	194,	'Poor',	'0',	'210',	'2016-02-09 00:00:00',	'N',	100,	NULL,	'Y',	212,	'2016-02-09',	NULL,	NULL,	NULL,	'',	NULL,	NULL,	NULL,	'rating',	NULL,	'2016-02-02',	NULL,	UNHEX('4E')),
(297,	63,	43,	194,	'Average',	'0',	'210',	'2016-02-09 00:00:00',	'N',	103,	NULL,	'Y',	213,	'2016-02-09',	NULL,	NULL,	NULL,	'',	NULL,	NULL,	NULL,	'rating',	NULL,	'2016-02-02',	NULL,	UNHEX('4D')),
(298,	63,	43,	194,	'Average',	'0',	'210',	'2016-02-09 00:00:00',	'N',	100,	NULL,	'Y',	213,	'2016-02-09',	NULL,	NULL,	NULL,	'',	NULL,	NULL,	NULL,	'rating',	NULL,	'2016-02-02',	NULL,	UNHEX('4D')),
(299,	63,	43,	194,	'Average',	'0',	'210',	'2016-02-09 00:00:00',	'N',	104,	NULL,	'Y',	212,	'2016-02-09',	NULL,	NULL,	NULL,	'',	NULL,	NULL,	NULL,	'rating',	NULL,	'2016-02-02',	NULL,	UNHEX('4D')),
(300,	63,	43,	197,	'Very Poor',	'0',	'210',	'2016-02-09 00:00:00',	'N',	103,	NULL,	'Y',	213,	'2016-02-09',	NULL,	NULL,	NULL,	'',	NULL,	NULL,	NULL,	'rating',	NULL,	'2016-02-02',	NULL,	UNHEX('4E')),
(301,	63,	43,	197,	'Very Poor',	'0',	'210',	'2016-02-09 00:00:00',	'N',	104,	NULL,	'Y',	212,	'2016-02-09',	NULL,	NULL,	NULL,	'',	NULL,	NULL,	NULL,	'rating',	NULL,	'2016-02-02',	NULL,	UNHEX('4E')),
(302,	71,	51,	198,	'Very Poor',	'0',	'202',	'2016-02-15 00:00:00',	'N',	93,	NULL,	'Y',	207,	'2016-02-15',	NULL,	NULL,	NULL,	'',	NULL,	NULL,	NULL,	'rating',	NULL,	'2016-02-03',	NULL,	UNHEX('4E')),
(303,	71,	51,	198,	'Very Poor',	'0',	'202',	'2016-02-15 00:00:00',	'N',	84,	NULL,	'Y',	207,	'2016-02-15',	NULL,	NULL,	NULL,	'',	NULL,	NULL,	NULL,	'rating',	NULL,	'2016-02-03',	NULL,	UNHEX('4E')),
(304,	71,	51,	198,	'Very Poor',	'0',	'202',	'2016-02-15 00:00:00',	'N',	92,	NULL,	'Y',	203,	'2016-02-15',	NULL,	NULL,	NULL,	'',	NULL,	NULL,	NULL,	'rating',	NULL,	'2016-02-03',	NULL,	UNHEX('4E')),
(305,	71,	51,	198,	'Very Poor',	'0',	'202',	'2016-02-15 00:00:00',	'N',	93,	NULL,	'Y',	207,	'2016-02-15',	NULL,	NULL,	NULL,	'',	NULL,	NULL,	NULL,	'rating',	NULL,	'2016-02-03',	NULL,	UNHEX('4E')),
(306,	71,	51,	199,	'Very Poor',	'0',	'202',	'2016-02-15 00:00:00',	'N',	93,	NULL,	'Y',	203,	'2016-02-15',	NULL,	NULL,	NULL,	'',	NULL,	NULL,	NULL,	'rating',	NULL,	'2016-02-03',	NULL,	UNHEX('4E')),
(307,	71,	51,	199,	'Average',	'0',	'202',	'2016-02-15 00:00:00',	'N',	85,	NULL,	'Y',	203,	'2016-02-15',	NULL,	NULL,	NULL,	'',	NULL,	NULL,	NULL,	'rating',	NULL,	'2016-02-03',	NULL,	UNHEX('4D')),
(308,	71,	51,	199,	'Average',	'0',	'202',	'2016-02-15 00:00:00',	'N',	86,	NULL,	'Y',	203,	'2016-02-15',	NULL,	NULL,	NULL,	'',	NULL,	NULL,	NULL,	'rating',	NULL,	'2016-02-03',	NULL,	UNHEX('4D')),
(309,	71,	51,	199,	'Average',	'0',	'202',	'2016-02-15 00:00:00',	'N',	87,	NULL,	'Y',	203,	'2016-02-15',	NULL,	NULL,	NULL,	'',	NULL,	NULL,	NULL,	'rating',	NULL,	'2016-02-03',	NULL,	UNHEX('4D')),
(310,	71,	51,	199,	'Average',	'0',	'202',	'2016-02-15 00:00:00',	'N',	91,	NULL,	'Y',	207,	'2016-02-15',	NULL,	NULL,	NULL,	'',	NULL,	NULL,	NULL,	'rating',	NULL,	'2016-02-03',	NULL,	UNHEX('4D')),
(311,	71,	51,	199,	'Average',	'0',	'202',	'2016-02-15 00:00:00',	'N',	92,	NULL,	'Y',	207,	'2016-02-15',	NULL,	NULL,	NULL,	'',	NULL,	NULL,	NULL,	'rating',	NULL,	'2016-02-03',	NULL,	UNHEX('4D')),
(312,	71,	51,	199,	'Average',	'0',	'202',	'2016-02-15 00:00:00',	'N',	93,	NULL,	'Y',	207,	'2016-02-15',	NULL,	NULL,	NULL,	'',	NULL,	NULL,	NULL,	'rating',	NULL,	'2016-02-03',	NULL,	UNHEX('4D')),
(313,	71,	51,	200,	'Very Poor',	'0',	'202',	'2016-02-16 00:00:00',	'N',	85,	NULL,	'Y',	203,	'2016-02-16',	NULL,	NULL,	NULL,	'',	NULL,	NULL,	NULL,	'rating',	NULL,	'2016-02-03',	NULL,	UNHEX('4E')),
(314,	71,	51,	200,	'Very Poor',	'0',	'202',	'2016-02-16 00:00:00',	'N',	86,	NULL,	'Y',	203,	'2016-02-16',	NULL,	NULL,	NULL,	'',	NULL,	NULL,	NULL,	'rating',	NULL,	'2016-02-03',	NULL,	UNHEX('4E')),
(315,	71,	51,	200,	'Very Poor',	'0',	'202',	'2016-02-16 00:00:00',	'N',	92,	NULL,	'Y',	207,	'2016-02-16',	NULL,	NULL,	NULL,	'',	NULL,	NULL,	NULL,	'rating',	NULL,	'2016-02-03',	NULL,	UNHEX('4E')),
(316,	71,	51,	200,	'Very Poor',	'0',	'202',	'2016-02-16 00:00:00',	'N',	93,	NULL,	'Y',	203,	'2016-02-16',	NULL,	NULL,	NULL,	'',	NULL,	NULL,	NULL,	'rating',	NULL,	'2016-02-03',	NULL,	UNHEX('4E')),
(317,	71,	51,	201,	'Very Poor',	'0',	'214',	'2016-02-16 00:00:00',	'Y',	93,	NULL,	'N',	215,	'2016-02-16',	NULL,	NULL,	NULL,	'',	NULL,	NULL,	NULL,	'rating',	NULL,	'2016-02-03',	NULL,	UNHEX('4E')),
(318,	71,	51,	201,	'Very Poor',	'0',	'214',	'2016-02-16 00:00:00',	'Y',	92,	NULL,	'N',	214,	'2016-02-16',	NULL,	NULL,	NULL,	'',	NULL,	NULL,	NULL,	'rating',	NULL,	'2016-02-03',	NULL,	UNHEX('4E')),
(319,	73,	53,	206,	'Very Poor',	'0',	'217',	'2016-02-17 00:00:00',	'Y',	108,	NULL,	'N',	218,	'2016-02-17',	NULL,	NULL,	NULL,	'',	NULL,	NULL,	NULL,	'rating',	NULL,	'2016-02-03',	NULL,	UNHEX('4E')),
(320,	73,	53,	207,	'Poor',	'0',	'221',	'2016-02-17 00:00:00',	'Y',	107,	NULL,	'N',	222,	'2016-02-17',	NULL,	NULL,	NULL,	'',	NULL,	NULL,	NULL,	'rating',	NULL,	'2016-02-03',	NULL,	UNHEX('4E')),
(321,	73,	53,	207,	'Very Poor',	'1',	'221',	'2016-02-17 00:00:00',	'N',	108,	'02/17/2016',	'Y',	221,	'2016-02-17',	NULL,	NULL,	NULL,	'',	NULL,	NULL,	NULL,	'rating',	NULL,	'2016-02-03',	NULL,	UNHEX('4E')),
(322,	73,	53,	207,	'Very Poor',	'0',	'221',	'2016-02-17 00:00:00',	'Y',	108,	NULL,	'N',	222,	'2016-02-17',	NULL,	NULL,	NULL,	'',	NULL,	NULL,	NULL,	'rating',	NULL,	'2016-02-03',	NULL,	UNHEX('4E')),
(323,	73,	53,	207,	'Very Poor',	'0',	'221',	'2016-02-17 00:00:00',	'N',	106,	NULL,	'Y',	221,	'2016-02-17',	NULL,	NULL,	NULL,	'',	NULL,	NULL,	NULL,	'rating',	NULL,	'2016-02-03',	NULL,	UNHEX('4E')),
(324,	73,	53,	208,	'Average',	'0',	'221',	'2016-02-17 00:00:00',	'N',	106,	NULL,	'Y',	224,	'2016-02-17',	NULL,	NULL,	NULL,	'',	NULL,	NULL,	NULL,	'rating',	NULL,	'2016-02-03',	NULL,	UNHEX('4D')),
(325,	71,	51,	209,	'Poor',	'0',	'202',	'2018-06-01 00:00:00',	'N',	85,	NULL,	'Y',	215,	'2018-06-01',	NULL,	NULL,	NULL,	'',	NULL,	NULL,	NULL,	'rating',	NULL,	'2018-06-01',	NULL,	UNHEX('4E')),
(326,	71,	51,	209,	'Poor',	'0',	'202',	'2018-06-01 00:00:00',	'N',	86,	NULL,	'Y',	215,	'2018-06-01',	NULL,	NULL,	NULL,	'',	NULL,	NULL,	NULL,	'rating',	NULL,	'2018-06-01',	NULL,	UNHEX('4E')),
(327,	71,	51,	209,	'Poor',	'0',	'202',	'2018-06-01 00:00:00',	'N',	91,	NULL,	'Y',	207,	'2018-06-01',	NULL,	NULL,	NULL,	'',	NULL,	NULL,	NULL,	'rating',	NULL,	'2018-06-01',	NULL,	UNHEX('4E')),
(328,	71,	51,	209,	'Poor',	'0',	'202',	'2018-06-01 00:00:00',	'N',	92,	NULL,	'Y',	203,	'2018-06-01',	NULL,	NULL,	NULL,	'',	NULL,	NULL,	NULL,	'rating',	NULL,	'2018-06-01',	NULL,	UNHEX('4E')),
(329,	71,	51,	209,	'Poor',	'1',	'202',	'2018-06-01 00:00:00',	'N',	85,	'06/04/2018',	'Y',	207,	'2018-06-01',	NULL,	NULL,	NULL,	'',	NULL,	NULL,	NULL,	'rating',	NULL,	'2018-06-01',	NULL,	UNHEX('4E')),
(330,	71,	51,	209,	'Poor',	'0',	'202',	'2018-06-01 00:00:00',	'N',	86,	NULL,	'Y',	215,	'2018-06-01',	NULL,	NULL,	NULL,	'',	NULL,	NULL,	NULL,	'rating',	NULL,	'2018-06-01',	NULL,	UNHEX('4E')),
(331,	71,	51,	209,	'Poor',	'0',	'202',	'2018-06-01 00:00:00',	'N',	91,	NULL,	'Y',	215,	'2018-06-01',	NULL,	NULL,	NULL,	'',	NULL,	NULL,	NULL,	'rating',	NULL,	'2018-06-01',	NULL,	UNHEX('4E')),
(332,	71,	51,	209,	'Poor',	'0',	'202',	'2018-06-01 00:00:00',	'N',	92,	NULL,	'Y',	203,	'2018-06-01',	NULL,	NULL,	NULL,	'',	NULL,	NULL,	NULL,	'rating',	NULL,	'2018-06-01',	NULL,	UNHEX('4E')),
(333,	71,	0,	209,	'Poor',	'1',	'202',	'2018-06-01 00:00:00',	'N',	93,	'06/04/2018',	'Y',	207,	'2018-06-01',	NULL,	NULL,	NULL,	'',	NULL,	NULL,	NULL,	'rating',	NULL,	'2018-06-01',	NULL,	UNHEX('4E')),
(334,	54,	34,	210,	'Average',	'1',	'148',	'2018-06-04 00:00:00',	'Y',	70,	'06/04/2018',	'N',	171,	'2018-06-04',	NULL,	NULL,	NULL,	'',	NULL,	NULL,	NULL,	'rating',	'face',	'2018-06-02',	3,	UNHEX('4D')),
(335,	54,	34,	210,	'Average',	'0',	'148',	'2018-06-04 00:00:00',	'Y',	71,	NULL,	'N',	149,	'2018-06-04',	NULL,	NULL,	NULL,	'',	NULL,	NULL,	NULL,	'rating',	'face',	'2018-06-02',	3,	UNHEX('4D')),
(336,	54,	34,	211,	'Average',	'0',	'148',	'2018-07-24 00:00:00',	'Y',	75,	NULL,	'N',	149,	'2018-07-24',	NULL,	NULL,	NULL,	'',	NULL,	NULL,	NULL,	'rating',	'face',	'2018-07-05',	3,	UNHEX('4D')),
(337,	54,	34,	211,	'Average',	'0',	'148',	'2018-07-24 00:00:00',	'Y',	81,	NULL,	'N',	171,	'2018-07-24',	NULL,	NULL,	NULL,	'',	NULL,	NULL,	NULL,	'rating',	'face',	'2018-07-05',	3,	UNHEX('4D')),
(338,	54,	34,	212,	'Very Poor',	'0',	'148',	'2018-07-24 00:00:00',	'N',	75,	NULL,	'Y',	228,	'2018-07-24',	NULL,	NULL,	NULL,	'',	NULL,	NULL,	NULL,	'rating',	'face',	'2018-07-05',	5,	UNHEX('4E')),
(339,	54,	34,	212,	'Very Poor',	'0',	'148',	'2018-07-24 00:00:00',	'N',	81,	NULL,	'Y',	150,	'2018-07-24',	NULL,	NULL,	NULL,	'',	NULL,	NULL,	NULL,	'rating',	'face',	'2018-07-05',	5,	UNHEX('4E')),
(340,	54,	34,	212,	'Very Poor',	'0',	'148',	'2018-07-24 00:00:00',	'Y',	71,	NULL,	'N',	171,	'2018-07-24',	NULL,	NULL,	NULL,	'',	NULL,	NULL,	NULL,	'rating',	'face',	'2018-07-05',	5,	UNHEX('4E')),
(341,	54,	34,	212,	'Very Poor',	'0',	'148',	'2018-07-24 00:00:00',	'N',	72,	NULL,	'Y',	228,	'2018-07-24',	NULL,	NULL,	NULL,	'',	NULL,	NULL,	NULL,	'rating',	'face',	'2018-07-05',	5,	UNHEX('4E')),
(342,	54,	34,	212,	'Very Poor',	'0',	'148',	'2018-07-24 00:00:00',	'N',	75,	NULL,	'Y',	228,	'2018-07-24',	NULL,	NULL,	NULL,	'',	NULL,	NULL,	NULL,	'rating',	'face',	'2018-07-05',	5,	UNHEX('4E')),
(343,	54,	34,	212,	'Very Poor',	'0',	'148',	'2018-07-24 00:00:00',	'N',	81,	NULL,	'Y',	228,	'2018-07-24',	NULL,	NULL,	NULL,	'',	NULL,	NULL,	NULL,	'rating',	'face',	'2018-07-05',	5,	UNHEX('4E')),
(344,	54,	34,	212,	'Poor',	'0',	'148',	'2018-08-22 00:00:00',	'Y',	69,	NULL,	'N',	171,	'2018-08-22',	NULL,	NULL,	NULL,	'',	NULL,	NULL,	NULL,	'rating',	'face',	'2018-08-04',	4,	UNHEX('4E')),
(345,	54,	34,	96,	'Poor',	'0',	'147',	'2018-08-27 00:00:00',	'Y',	69,	NULL,	'N',	171,	'2018-08-27',	NULL,	NULL,	NULL,	'',	NULL,	NULL,	NULL,	'rating',	'face',	'2018-08-05',	4,	UNHEX('4E')),
(346,	54,	34,	96,	'Good',	'1',	'147',	'2018-09-01 00:00:00',	'Y',	70,	NULL,	'N',	149,	'2018-09-01',	NULL,	NULL,	NULL,	'',	NULL,	NULL,	NULL,	'rating',	'face',	'2018-09-01',	2,	UNHEX('50')),
(347,	54,	34,	95,	'Excellent',	'1',	'147',	'2018-09-01 00:00:00',	'N',	69,	NULL,	'Y',	150,	'2018-09-01',	NULL,	NULL,	NULL,	'',	NULL,	NULL,	NULL,	'rating',	'face',	'2018-09-01',	1,	UNHEX('50')),
(348,	54,	34,	101,	'Good',	'1',	'147',	'2018-08-29 00:00:00',	'Y',	70,	NULL,	'N',	149,	'2018-08-29',	NULL,	NULL,	NULL,	'',	NULL,	NULL,	NULL,	'rating',	'face',	'2018-08-05',	2,	UNHEX('50')),
(349,	54,	34,	101,	'Excellent',	'0',	'',	'2018-08-29 00:00:00',	'N',	73,	'2018-10-19',	'Y',	228,	'2018-08-29',	NULL,	NULL,	NULL,	'',	NULL,	NULL,	NULL,	'rating',	'face',	'2018-08-05',	1,	UNHEX('50')),
(350,	54,	34,	101,	'Poor',	'1',	'147',	'2018-08-29 00:00:00',	'Y',	71,	NULL,	'N',	149,	'2018-08-29',	NULL,	NULL,	NULL,	'',	NULL,	NULL,	NULL,	'rating',	'face',	'2018-08-05',	4,	UNHEX('4E')),
(351,	54,	34,	102,	'Good',	'1',	'147',	'2018-08-29 00:00:00',	'N',	72,	NULL,	'Y',	228,	'2018-08-29',	NULL,	NULL,	NULL,	'',	NULL,	NULL,	NULL,	'rating',	'face',	'2018-08-05',	2,	UNHEX('50')),
(352,	54,	34,	101,	'Very Poor',	'0',	'',	'2018-08-30 00:00:00',	'N',	75,	'2018-10-19',	'Y',	150,	'2018-08-30',	NULL,	NULL,	NULL,	'',	NULL,	NULL,	NULL,	'rating',	'face',	'2018-08-05',	5,	UNHEX('4E')),
(353,	54,	34,	101,	'Very Poor',	'0',	'',	'2018-08-30 00:00:00',	'N',	71,	'2018-10-19',	'Y',	150,	'2018-08-30',	NULL,	NULL,	NULL,	'',	NULL,	NULL,	NULL,	'rating',	'face',	'2018-08-05',	5,	UNHEX('4E')),
(354,	54,	34,	104,	'Excellent',	'1',	'147',	'2018-08-30 00:00:00',	'Y',	71,	NULL,	'N',	149,	'2018-08-30',	NULL,	NULL,	NULL,	'',	NULL,	NULL,	NULL,	'rating',	'face',	'2018-08-05',	1,	UNHEX('50')),
(355,	54,	34,	101,	'Average',	'1',	'147',	'2018-08-29 00:00:00',	'Y',	70,	NULL,	'N',	149,	'2018-08-29',	NULL,	NULL,	NULL,	'',	NULL,	NULL,	NULL,	'rating',	'face',	'2018-08-05',	3,	UNHEX('4D')),
(356,	54,	34,	96,	'Good',	'0',	'',	'2018-08-29 00:00:00',	'N',	69,	'2018-10-19',	'Y',	150,	'2018-08-29',	NULL,	NULL,	NULL,	'',	NULL,	NULL,	NULL,	'rating',	'face',	'2018-08-05',	2,	UNHEX('50')),
(357,	54,	34,	95,	'Poor',	'0',	'147',	'2018-09-01 00:00:00',	'Y',	72,	NULL,	'N',	149,	'2018-09-01',	NULL,	NULL,	NULL,	'',	NULL,	NULL,	NULL,	'rating',	'face',	'2018-09-01',	4,	UNHEX('4E')),
(358,	54,	34,	102,	'Excellent',	'1',	'147',	'2018-09-01 00:00:00',	'Y',	70,	NULL,	'N',	149,	'2018-09-01',	NULL,	NULL,	NULL,	'',	NULL,	NULL,	NULL,	'rating',	'face',	'2018-09-01',	1,	UNHEX('50')),
(359,	54,	34,	102,	'Excellent',	'0',	'147',	'2018-09-01 00:00:00',	'Y',	71,	NULL,	'N',	149,	'2018-09-01',	NULL,	NULL,	NULL,	'',	NULL,	NULL,	NULL,	'rating',	'face',	'2018-09-01',	1,	UNHEX('50')),
(360,	54,	34,	102,	'Good',	'1',	'147',	'2018-09-01 00:00:00',	'Y',	71,	NULL,	'N',	149,	'2018-09-01',	NULL,	NULL,	NULL,	'',	NULL,	NULL,	NULL,	'rating',	'face',	'2018-09-01',	2,	UNHEX('50')),
(361,	54,	34,	109,	'Very Poor',	'0',	'',	'2018-10-19 00:00:00',	'N',	73,	'2018-10-19',	'Y',	150,	'2018-10-19',	NULL,	NULL,	NULL,	'',	NULL,	NULL,	NULL,	'rating',	'face',	'2018-10-03',	5,	UNHEX('4E')),
(362,	54,	34,	109,	'Excellent',	'0',	'',	'2018-10-19 00:00:00',	'N',	74,	'2018-10-19',	'Y',	150,	'2018-10-19',	NULL,	NULL,	NULL,	'',	NULL,	NULL,	NULL,	'rating',	'face',	'2018-10-03',	1,	UNHEX('50')),
(363,	10,	0,	19,	'Average',	'0',	'4',	NULL,	'Y',	1,	NULL,	'N',	33,	NULL,	NULL,	NULL,	NULL,	NULL,	NULL,	NULL,	NULL,	'rating',	NULL,	NULL,	NULL,	UNHEX('4D')),
(364,	10,	0,	19,	'Average',	'0',	'4',	NULL,	'Y',	1,	NULL,	'N',	33,	NULL,	NULL,	NULL,	NULL,	NULL,	NULL,	NULL,	NULL,	'rating',	NULL,	NULL,	NULL,	UNHEX('4D')),
(365,	10,	0,	19,	'Average',	'0',	'4',	NULL,	'Y',	1,	NULL,	'N',	33,	NULL,	NULL,	NULL,	NULL,	NULL,	NULL,	NULL,	NULL,	'rating',	NULL,	NULL,	NULL,	UNHEX('4D')),
(366,	54,	34,	96,	'Poor',	'0',	'148',	'2018-10-23 13:04:39',	'N',	73,	NULL,	'Y',	150,	'2018-10-23',	NULL,	NULL,	NULL,	' 12-15 2018-10-23',	NULL,	NULL,	NULL,	'rating',	'face',	'2018-10-04',	4,	UNHEX('4E')),
(367,	54,	34,	96,	'Poor',	'0',	'148',	'2018-10-23 14:13:35',	'N',	73,	NULL,	'Y',	228,	'2018-10-23',	NULL,	NULL,	NULL,	' 12-15 2018-10-23',	NULL,	NULL,	NULL,	'rating',	'face',	'2018-10-04',	4,	UNHEX('4E')),
(368,	54,	34,	96,	'Excellent',	'0',	'148',	'2018-10-24 10:00:00',	'N',	73,	NULL,	'Y',	150,	'2018-10-24',	NULL,	NULL,	NULL,	' 09-12 2018-10-24',	NULL,	NULL,	NULL,	'rating',	'face',	'2018-10-04',	1,	UNHEX('50')),
(369,	54,	34,	96,	'Excellent',	'0',	'148',	'2018-10-26 11:39:11',	'N',	73,	NULL,	'Y',	150,	'2018-10-26',	NULL,	NULL,	NULL,	' 09-12 2018-10-26',	NULL,	NULL,	NULL,	'rating',	'face',	'2018-10-04',	1,	UNHEX('50')),
(370,	54,	34,	96,	'Excellent',	'0',	'148',	'2018-10-26 16:53:32',	'N',	73,	NULL,	'Y',	150,	'2018-10-26',	'This is just fantastic',	NULL,	NULL,	' 15-18 2018-10-26',	NULL,	NULL,	NULL,	'rating',	'face',	'2018-10-04',	1,	UNHEX('50')),
(371,	54,	34,	96,	'Excellent',	'0',	'148',	'2018-10-26 16:58:55',	'N',	73,	NULL,	'Y',	150,	'2018-10-26',	'This is just fantastic',	NULL,	NULL,	' 15-18 2018-10-26',	NULL,	NULL,	NULL,	'rating',	'face',	'2018-10-04',	1,	UNHEX('50')),
(372,	54,	34,	96,	'Excellent',	'0',	'148',	'2018-10-26 16:59:14',	'N',	73,	NULL,	'Y',	150,	'2018-10-26',	'',	NULL,	NULL,	' 15-18 2018-10-26',	NULL,	NULL,	NULL,	'rating',	'face',	'2018-10-04',	1,	UNHEX('50')),
(373,	54,	34,	96,	'Excellent',	'0',	'148',	'2018-10-26 17:00:05',	'N',	73,	NULL,	'Y',	150,	'2018-10-26',	'',	NULL,	NULL,	' 15-18 2018-10-26',	NULL,	NULL,	NULL,	'rating',	'face',	'2018-10-04',	1,	UNHEX('50')),
(374,	54,	34,	96,	'Excellent',	'0',	'148',	'2018-10-26 17:01:03',	'N',	73,	NULL,	'Y',	150,	'2018-10-26',	'',	NULL,	NULL,	' 15-18 2018-10-26',	NULL,	NULL,	NULL,	'rating',	'face',	'2018-10-04',	1,	UNHEX('50')),
(375,	54,	34,	96,	'Excellent',	'0',	'148',	'2018-10-26 17:01:14',	'N',	73,	NULL,	'Y',	150,	'2018-10-26',	'',	NULL,	NULL,	' 15-18 2018-10-26',	NULL,	NULL,	NULL,	'rating',	'face',	'2018-10-04',	1,	UNHEX('50')),
(376,	54,	34,	96,	'Excellent',	'0',	'148',	'2018-10-26 17:01:37',	'N',	73,	NULL,	'Y',	150,	'2018-10-26',	' ',	NULL,	NULL,	' 15-18 2018-10-26',	NULL,	NULL,	NULL,	'rating',	'face',	'2018-10-04',	1,	UNHEX('50')),
(377,	54,	34,	96,	'Excellent',	'0',	'148',	'2018-10-29 11:00:22',	'N',	73,	NULL,	'Y',	150,	'2018-10-29',	' ',	NULL,	NULL,	' 09-12 2018-10-29',	NULL,	NULL,	NULL,	'rating',	'face',	'2018-10-05',	1,	UNHEX('50')),
(378,	54,	34,	96,	'Excellent',	'0',	'148',	'2018-10-29 12:30:48',	'N',	73,	NULL,	'Y',	150,	'2018-10-29',	' ',	NULL,	NULL,	' 12-03 2018-10-29',	NULL,	NULL,	NULL,	'rating',	'face',	'2018-10-05',	1,	UNHEX('50')),
(379,	54,	34,	96,	'Excellent',	'0',	'148',	'2018-10-29 14:32:54',	'N',	73,	NULL,	'Y',	150,	'2018-10-29',	' ',	NULL,	NULL,	' 12-15 2018-10-29',	NULL,	NULL,	NULL,	'rating',	'face',	'2018-10-05',	1,	UNHEX('50')),
(380,	54,	34,	96,	'Excellent',	'1',	'148',	'2018-10-29 15:00:53',	'N',	0,	NULL,	'Y',	150,	'2018-10-29',	' ',	NULL,	NULL,	' 15-18 2018-10-29',	NULL,	NULL,	NULL,	'rating',	'face',	'2018-10-05',	1,	UNHEX('50')),
(381,	54,	34,	96,	'Excellent',	'1',	'148',	'2018-10-29 15:01:16',	'N',	0,	NULL,	'Y',	150,	'2018-10-29',	' ',	NULL,	NULL,	' 15-18 2018-10-29',	NULL,	NULL,	NULL,	'rating',	'face',	'2018-10-05',	1,	UNHEX('50')),
(382,	54,	34,	96,	'Excellent',	'1',	'148',	'2018-10-29 15:03:36',	'N',	0,	NULL,	'Y',	150,	'2018-10-29',	' ',	NULL,	NULL,	' 15-18 2018-10-29',	NULL,	NULL,	NULL,	'rating',	'face',	'2018-10-05',	1,	UNHEX('50')),
(383,	54,	34,	96,	'Excellent',	'1',	'148',	'2018-10-29 15:04:59',	'N',	0,	NULL,	'Y',	150,	'2018-10-29',	'Fantastic',	NULL,	NULL,	' 15-18 2018-10-29',	NULL,	NULL,	NULL,	'rating',	'face',	'2018-10-05',	1,	UNHEX('50')),
(384,	54,	34,	96,	'Excellent',	'1',	'148',	'2018-10-29 15:07:13',	'N',	0,	NULL,	'Y',	150,	'2018-10-29',	'Fantastic ......',	NULL,	NULL,	' 15-18 2018-10-29',	NULL,	NULL,	NULL,	'rating',	'face',	'2018-10-05',	1,	UNHEX('50')),
(385,	54,	34,	96,	'Good',	'1',	'148',	'2018-10-30 11:52:36',	'N',	0,	NULL,	'Y',	150,	'2018-10-30',	'This is just fantastic service....',	NULL,	NULL,	' 09-12 2018-10-30',	NULL,	NULL,	NULL,	'rating',	'face',	'2018-10-05',	2,	UNHEX('50')),
(386,	54,	34,	96,	'Poor',	'0',	'148',	'2018-10-31 12:47:52',	'N',	73,	NULL,	'Y',	150,	'2018-10-31',	'Fantastic people',	NULL,	NULL,	' 12-03 2018-10-31',	NULL,	NULL,	NULL,	'rating',	'face',	'2018-10-05',	4,	UNHEX('4E')),
(387,	54,	34,	96,	'Poor',	'0',	'148',	'2018-10-31 12:48:46',	'N',	73,	NULL,	'Y',	150,	'2018-10-31',	'Fantastic people',	NULL,	NULL,	' 12-03 2018-10-31',	NULL,	NULL,	NULL,	'rating',	'face',	'2018-10-05',	4,	UNHEX('4E')),
(388,	54,	34,	96,	'Poor',	'0',	'148',	'2018-10-31 12:49:12',	'N',	73,	NULL,	'Y',	150,	'2018-10-31',	'Fantastic people',	NULL,	NULL,	' 12-03 2018-10-31',	NULL,	NULL,	NULL,	'rating',	'face',	'2018-10-05',	4,	UNHEX('4E')),
(389,	54,	34,	96,	'Poor',	'0',	'148',	'2018-10-31 12:49:24',	'N',	73,	NULL,	'Y',	150,	'2018-10-31',	'Fantastic people',	NULL,	NULL,	' 12-03 2018-10-31',	NULL,	NULL,	NULL,	'rating',	'face',	'2018-10-05',	4,	UNHEX('4E')),
(390,	54,	34,	96,	'Poor',	'0',	'148',	'2018-10-31 12:50:08',	'N',	73,	NULL,	'Y',	150,	'2018-10-31',	'Fantastic people',	NULL,	NULL,	' 12-03 2018-10-31',	NULL,	NULL,	NULL,	'rating',	'face',	'2018-10-05',	4,	UNHEX('4E')),
(391,	54,	34,	96,	'Poor',	'0',	'148',	'2018-10-31 13:10:02',	'N',	73,	NULL,	'Y',	150,	'2018-10-31',	'Fantastic people',	NULL,	NULL,	' 12-15 2018-10-31',	NULL,	NULL,	NULL,	'rating',	'face',	'2018-10-05',	4,	UNHEX('4E')),
(392,	54,	34,	96,	'Poor',	'0',	'148',	'2018-10-31 13:11:03',	'N',	73,	NULL,	'Y',	150,	'2018-10-31',	'Fantastic people',	NULL,	NULL,	' 12-15 2018-10-31',	NULL,	NULL,	NULL,	'rating',	'face',	'2018-10-05',	4,	UNHEX('4E')),
(393,	54,	34,	96,	'Poor',	'0',	'148',	'2018-10-31 13:12:39',	'N',	73,	NULL,	'Y',	150,	'2018-10-31',	'Fantastic people',	NULL,	NULL,	' 12-15 2018-10-31',	NULL,	NULL,	NULL,	'rating',	'face',	'2018-10-05',	4,	UNHEX('4E')),
(394,	54,	34,	96,	'Poor',	'0',	'148',	'2018-10-31 13:16:47',	'N',	73,	NULL,	'Y',	150,	'2018-10-31',	'Fantastic people',	NULL,	NULL,	' 12-15 2018-10-31',	NULL,	NULL,	NULL,	'rating',	'face',	'2018-10-05',	4,	UNHEX('4E')),
(395,	54,	34,	96,	'Poor',	'0',	'148',	'2018-10-31 13:21:44',	'N',	73,	NULL,	'Y',	150,	'2018-10-31',	'Fantastic people',	NULL,	NULL,	' 12-15 2018-10-31',	NULL,	NULL,	NULL,	'rating',	'face',	'2018-10-05',	4,	UNHEX('4E')),
(396,	54,	34,	96,	'Poor',	'0',	'148',	'2018-10-31 13:22:30',	'N',	73,	NULL,	'Y',	150,	'2018-10-31',	'Fantastic people',	NULL,	NULL,	' 12-15 2018-10-31',	NULL,	NULL,	NULL,	'rating',	'face',	'2018-10-05',	4,	UNHEX('4E')),
(397,	54,	34,	96,	'Poor',	'0',	'148',	'2018-10-31 13:23:31',	'N',	73,	NULL,	'Y',	150,	'2018-10-31',	'Fantastic people',	NULL,	NULL,	' 12-15 2018-10-31',	NULL,	NULL,	NULL,	'rating',	'face',	'2018-10-05',	4,	UNHEX('4E')),
(398,	54,	34,	96,	'Poor',	'0',	'148',	'2018-10-31 13:23:47',	'N',	73,	NULL,	'Y',	150,	'2018-10-31',	'Fantastic people',	NULL,	NULL,	' 12-15 2018-10-31',	NULL,	NULL,	NULL,	'rating',	'face',	'2018-10-05',	4,	UNHEX('4E')),
(399,	54,	34,	96,	'Poor',	'0',	'148',	'2018-10-31 13:34:46',	'N',	73,	NULL,	'Y',	150,	'2018-10-31',	'Fantastic people',	NULL,	NULL,	' 12-15 2018-10-31',	NULL,	NULL,	NULL,	'rating',	'face',	'2018-10-05',	4,	UNHEX('4E')),
(400,	54,	34,	96,	'Poor',	'0',	'148',	'2018-10-31 13:46:10',	'N',	73,	NULL,	'Y',	150,	'2018-10-31',	'Fantastic people',	NULL,	NULL,	' 12-15 2018-10-31',	NULL,	NULL,	NULL,	'rating',	'face',	'2018-10-05',	4,	UNHEX('4E')),
(401,	54,	34,	96,	'Poor',	'0',	'148',	'2018-10-31 13:46:24',	'N',	73,	NULL,	'Y',	150,	'2018-10-31',	'Fantastic people',	NULL,	NULL,	' 12-15 2018-10-31',	NULL,	NULL,	NULL,	'rating',	'face',	'2018-10-05',	4,	UNHEX('4E')),
(402,	54,	34,	96,	'Poor',	'0',	'148',	'2018-10-31 13:56:29',	'N',	73,	NULL,	'Y',	150,	'2018-10-31',	'Fantastic people',	NULL,	NULL,	' 12-15 2018-10-31',	NULL,	NULL,	NULL,	'rating',	'face',	'2018-10-05',	4,	UNHEX('4E')),
(403,	54,	34,	96,	'Poor',	'0',	'148',	'2018-10-31 13:57:15',	'N',	73,	NULL,	'Y',	150,	'2018-10-31',	'Fantastic people',	NULL,	NULL,	' 12-15 2018-10-31',	NULL,	NULL,	NULL,	'rating',	'face',	'2018-10-05',	4,	UNHEX('4E')),
(404,	54,	34,	96,	'Poor',	'0',	'148',	'2018-10-31 13:57:37',	'N',	73,	NULL,	'Y',	150,	'2018-10-31',	'Fantastic people',	NULL,	NULL,	' 12-15 2018-10-31',	NULL,	NULL,	NULL,	'rating',	'face',	'2018-10-05',	4,	UNHEX('4E')),
(405,	54,	34,	96,	'Poor',	'0',	'148',	'2018-10-31 13:58:33',	'N',	73,	NULL,	'Y',	150,	'2018-10-31',	'Fantastic people',	NULL,	NULL,	' 12-15 2018-10-31',	NULL,	NULL,	NULL,	'rating',	'face',	'2018-10-05',	4,	UNHEX('4E')),
(406,	54,	34,	96,	'Poor',	'0',	'148',	'2018-10-31 14:05:48',	'N',	73,	NULL,	'Y',	150,	'2018-10-31',	'Fantastic people',	NULL,	NULL,	' 12-15 2018-10-31',	NULL,	NULL,	NULL,	'rating',	'face',	'2018-10-05',	4,	UNHEX('4E')),
(407,	54,	34,	96,	'Average',	'0',	'148',	'2018-10-31 14:05:48',	'N',	73,	NULL,	'Y',	150,	'2018-10-31',	'Fantastic people',	NULL,	NULL,	' 12-15 2018-10-31',	NULL,	NULL,	NULL,	'rating',	'face',	'2018-10-05',	3,	UNHEX('4D')),
(408,	54,	34,	96,	'Poor',	'0',	'148',	'2018-10-31 14:12:02',	'N',	73,	NULL,	'Y',	150,	'2018-10-31',	'Fantastic people',	NULL,	NULL,	' 12-15 2018-10-31',	NULL,	NULL,	NULL,	'rating',	'face',	'2018-10-05',	4,	UNHEX('4E')),
(409,	54,	34,	96,	'Average',	'0',	'148',	'2018-10-31 14:12:02',	'N',	73,	NULL,	'Y',	150,	'2018-10-31',	'Fantastic people',	NULL,	NULL,	' 12-15 2018-10-31',	NULL,	NULL,	NULL,	'rating',	'face',	'2018-10-05',	3,	UNHEX('4D')),
(410,	54,	34,	96,	'Poor',	'0',	'148',	'2018-10-31 14:16:10',	'N',	73,	NULL,	'Y',	150,	'2018-10-31',	'Fantastic people',	NULL,	NULL,	' 12-15 2018-10-31',	NULL,	NULL,	NULL,	'rating',	'face',	'2018-10-05',	4,	UNHEX('4E')),
(411,	54,	34,	96,	'Average',	'0',	'148',	'2018-10-31 14:16:10',	'N',	73,	NULL,	'Y',	150,	'2018-10-31',	'Fantastic people',	NULL,	NULL,	' 12-15 2018-10-31',	NULL,	NULL,	NULL,	'rating',	'face',	'2018-10-05',	3,	UNHEX('4D')),
(412,	54,	34,	96,	'Poor',	'0',	'148',	'2018-10-31 14:27:15',	'N',	73,	NULL,	'Y',	150,	'2018-10-31',	'Fantastic people',	NULL,	NULL,	' 12-15 2018-10-31',	NULL,	NULL,	NULL,	'rating',	'face',	'2018-10-05',	4,	UNHEX('4E')),
(413,	54,	34,	96,	'Average',	'0',	'148',	'2018-10-31 14:27:15',	'N',	73,	NULL,	'Y',	150,	'2018-10-31',	'Fantastic people',	NULL,	NULL,	' 12-15 2018-10-31',	NULL,	NULL,	NULL,	'rating',	'face',	'2018-10-05',	3,	UNHEX('4D')),
(414,	54,	34,	96,	'Poor',	'0',	'148',	'2018-10-31 14:29:11',	'N',	73,	NULL,	'Y',	150,	'2018-10-31',	'Fantastic people',	NULL,	NULL,	' 12-15 2018-10-31',	NULL,	NULL,	NULL,	'rating',	'face',	'2018-10-05',	4,	UNHEX('4E')),
(415,	54,	34,	96,	'Average',	'0',	'148',	'2018-10-31 14:29:12',	'N',	73,	NULL,	'Y',	150,	'2018-10-31',	'Fantastic people',	NULL,	NULL,	' 12-15 2018-10-31',	NULL,	NULL,	NULL,	'rating',	'face',	'2018-10-05',	3,	UNHEX('4D')),
(416,	54,	34,	96,	'Poor',	'0',	'148',	'2018-10-31 14:29:27',	'N',	73,	NULL,	'Y',	150,	'2018-10-31',	'Fantastic people',	NULL,	NULL,	' 12-15 2018-10-31',	NULL,	NULL,	NULL,	'rating',	'face',	'2018-10-05',	4,	UNHEX('4E')),
(417,	54,	34,	96,	'Average',	'0',	'148',	'2018-10-31 14:29:28',	'N',	73,	NULL,	'Y',	150,	'2018-10-31',	'Fantastic people',	NULL,	NULL,	' 12-15 2018-10-31',	NULL,	NULL,	NULL,	'rating',	'face',	'2018-10-05',	3,	UNHEX('4D')),
(418,	54,	34,	96,	'Poor',	'0',	'148',	'2018-10-31 14:29:52',	'N',	73,	NULL,	'Y',	150,	'2018-10-31',	'Fantastic people',	NULL,	NULL,	' 12-15 2018-10-31',	NULL,	NULL,	NULL,	'rating',	'face',	'2018-10-05',	4,	UNHEX('4E')),
(419,	54,	34,	96,	'Average',	'1',	'148',	'2018-10-31 14:29:52',	'N',	0,	NULL,	'Y',	150,	'2018-10-31',	'Fantastic people',	NULL,	NULL,	' 12-15 2018-10-31',	NULL,	NULL,	NULL,	'rating',	'face',	'2018-10-05',	3,	UNHEX('4D')),
(420,	54,	34,	96,	'Poor',	'0',	'148',	'2018-10-31 14:33:05',	'N',	73,	NULL,	'Y',	150,	'2018-10-31',	'Fantastic people',	NULL,	NULL,	' 12-15 2018-10-31',	NULL,	NULL,	NULL,	'rating',	'face',	'2018-10-05',	4,	UNHEX('4E')),
(421,	54,	34,	96,	'Average',	'1',	'148',	'2018-10-31 14:33:05',	'N',	0,	NULL,	'Y',	150,	'2018-10-31',	'Fantastic people',	NULL,	NULL,	' 12-15 2018-10-31',	NULL,	NULL,	NULL,	'rating',	'face',	'2018-10-05',	3,	UNHEX('4D')),
(422,	54,	34,	96,	'Poor',	'0',	'148',	'2018-10-31 14:33:24',	'N',	73,	NULL,	'Y',	150,	'2018-10-31',	'Fantastic people',	NULL,	NULL,	' 12-15 2018-10-31',	NULL,	NULL,	NULL,	'rating',	'face',	'2018-10-05',	4,	UNHEX('4E')),
(423,	54,	34,	96,	'Average',	'1',	'148',	'2018-10-31 14:33:24',	'N',	0,	NULL,	'Y',	150,	'2018-10-31',	'Fantastic people',	NULL,	NULL,	' 12-15 2018-10-31',	NULL,	NULL,	NULL,	'rating',	'face',	'2018-10-05',	3,	UNHEX('4D')),
(424,	54,	34,	96,	'Poor',	'0',	'148',	'2018-10-31 14:33:39',	'N',	73,	NULL,	'Y',	150,	'2018-10-31',	'Fantastic people',	NULL,	NULL,	' 12-15 2018-10-31',	NULL,	NULL,	NULL,	'rating',	'face',	'2018-10-05',	4,	UNHEX('4E')),
(425,	54,	34,	96,	'Average',	'0',	'148',	'2018-10-31 14:33:39',	'N',	73,	NULL,	'Y',	150,	'2018-10-31',	'Fantastic people',	NULL,	NULL,	' 12-15 2018-10-31',	NULL,	NULL,	NULL,	'rating',	'face',	'2018-10-05',	3,	UNHEX('4D')),
(426,	54,	34,	96,	'Poor',	'0',	'148',	'2018-10-31 14:45:54',	'N',	73,	NULL,	'Y',	150,	'2018-10-31',	'Fantastic people',	NULL,	NULL,	' 12-15 2018-10-31',	NULL,	NULL,	NULL,	'rating',	'face',	'2018-10-05',	4,	UNHEX('4E')),
(427,	54,	34,	96,	'Average',	'0',	'148',	'2018-10-31 14:45:54',	'N',	73,	NULL,	'Y',	150,	'2018-10-31',	'Fantastic people',	NULL,	NULL,	' 12-15 2018-10-31',	NULL,	NULL,	NULL,	'rating',	'face',	'2018-10-05',	3,	UNHEX('4D')),
(428,	54,	34,	96,	'Poor',	'0',	'148',	'2018-10-31 14:47:06',	'N',	73,	NULL,	'Y',	150,	'2018-10-31',	'Fantastic people',	NULL,	NULL,	' 12-15 2018-10-31',	NULL,	NULL,	NULL,	'rating',	'face',	'2018-10-05',	4,	UNHEX('4E')),
(429,	54,	34,	96,	'Average',	'0',	'148',	'2018-10-31 14:47:07',	'N',	73,	NULL,	'Y',	150,	'2018-10-31',	'Fantastic people',	NULL,	NULL,	' 12-15 2018-10-31',	NULL,	NULL,	NULL,	'rating',	'face',	'2018-10-05',	3,	UNHEX('4D')),
(430,	54,	34,	96,	'Poor',	'0',	'148',	'2018-10-31 14:47:34',	'N',	73,	NULL,	'Y',	150,	'2018-10-31',	'Fantastic people',	NULL,	NULL,	' 12-15 2018-10-31',	NULL,	NULL,	NULL,	'rating',	'face',	'2018-10-05',	4,	UNHEX('4E')),
(431,	54,	34,	96,	'Average',	'0',	'148',	'2018-10-31 14:47:34',	'N',	73,	NULL,	'Y',	150,	'2018-10-31',	'Fantastic people',	NULL,	NULL,	' 12-15 2018-10-31',	NULL,	NULL,	NULL,	'rating',	'face',	'2018-10-05',	3,	UNHEX('4D')),
(432,	54,	34,	96,	'Poor',	'0',	'148',	'2018-11-01 10:28:50',	'N',	73,	NULL,	'Y',	150,	'2018-11-01',	'Fantastic people',	NULL,	NULL,	' 09-12 2018-11-01',	NULL,	NULL,	NULL,	'rating',	'face',	'2018-11-01',	4,	UNHEX('4E')),
(433,	54,	34,	96,	'Average',	'0',	'148',	'2018-11-01 10:28:50',	'N',	73,	NULL,	'Y',	150,	'2018-11-01',	'Fantastic people',	NULL,	NULL,	' 09-12 2018-11-01',	NULL,	NULL,	NULL,	'rating',	'face',	'2018-11-01',	3,	UNHEX('4D')),
(434,	54,	34,	96,	'Poor',	'0',	'148',	'2018-11-01 11:18:20',	'N',	73,	NULL,	'Y',	150,	'2018-11-01',	'Fantastic people',	NULL,	NULL,	' 09-12 2018-11-01',	NULL,	NULL,	NULL,	'rating',	'face',	'2018-11-01',	4,	UNHEX('4E')),
(435,	54,	34,	96,	'Average',	'0',	'148',	'2018-11-01 11:18:21',	'N',	73,	NULL,	'Y',	150,	'2018-11-01',	'Fantastic people',	NULL,	NULL,	' 09-12 2018-11-01',	NULL,	NULL,	NULL,	'rating',	'face',	'2018-11-01',	3,	UNHEX('4D')),
(436,	54,	34,	226,	'Average',	'0',	'148',	'2018-11-02 17:31:23',	'N',	70,	NULL,	'Y',	150,	'2018-11-02',	'mhvkhv',	NULL,	NULL,	' 15-18 2018-11-02',	NULL,	NULL,	NULL,	'rating',	'face',	'2018-11-01',	3,	UNHEX('4D')),
(437,	54,	34,	226,	'Poor',	'0',	'148',	'2018-11-02 17:32:50',	'N',	71,	NULL,	'Y',	150,	'2018-11-02',	'rr4',	NULL,	NULL,	' 15-18 2018-11-02',	NULL,	NULL,	NULL,	'rating',	'face',	'2018-11-01',	4,	UNHEX('4E')),
(438,	54,	34,	226,	'Poor',	'0',	'148',	'2018-11-02 17:35:04',	'N',	71,	NULL,	'Y',	150,	'2018-11-02',	'',	NULL,	NULL,	' 15-18 2018-11-02',	NULL,	NULL,	NULL,	'rating',	'face',	'2018-11-01',	4,	UNHEX('4E')),
(439,	54,	34,	226,	'Poor',	'0',	'148',	'2018-11-02 17:35:04',	'N',	72,	NULL,	'Y',	150,	'2018-11-02',	'',	NULL,	NULL,	' 15-18 2018-11-02',	NULL,	NULL,	NULL,	'rating',	'face',	'2018-11-01',	4,	UNHEX('4E')),
(440,	54,	34,	226,	'Poor',	'0',	'148',	'2018-11-02 17:53:23',	'N',	75,	NULL,	'Y',	150,	'2018-11-02',	'',	NULL,	NULL,	' 15-18 2018-11-02',	NULL,	NULL,	NULL,	'rating',	'face',	'2018-11-01',	4,	UNHEX('4E')),
(441,	54,	34,	226,	'Average',	'0',	'148',	'2018-11-05 14:26:39',	'N',	75,	NULL,	'Y',	150,	'2018-11-05',	'',	NULL,	NULL,	' 12-15 2018-11-05',	NULL,	NULL,	NULL,	'rating',	'face',	'2018-11-02',	3,	UNHEX('4D')),
(442,	54,	34,	226,	'Average',	'0',	'148',	'2018-11-05 14:26:39',	'N',	81,	NULL,	'Y',	150,	'2018-11-05',	'',	NULL,	NULL,	' 12-15 2018-11-05',	NULL,	NULL,	NULL,	'rating',	'face',	'2018-11-02',	3,	UNHEX('4D')),
(443,	54,	34,	226,	'Average',	'0',	'148',	'2018-11-05 14:26:39',	'N',	75,	NULL,	'Y',	150,	'2018-11-05',	'',	NULL,	NULL,	' 12-15 2018-11-05',	NULL,	NULL,	NULL,	'rating',	'face',	'2018-11-02',	3,	UNHEX('4D')),
(444,	54,	34,	226,	'Average',	'0',	'148',	'2018-11-05 14:26:39',	'N',	81,	NULL,	'Y',	150,	'2018-11-05',	'',	NULL,	NULL,	' 12-15 2018-11-05',	NULL,	NULL,	NULL,	'rating',	'face',	'2018-11-02',	3,	UNHEX('4D')),
(445,	54,	34,	226,	'Average',	'0',	'148',	'2018-11-05 14:26:39',	'N',	75,	NULL,	'Y',	150,	'2018-11-05',	'',	NULL,	NULL,	' 12-15 2018-11-05',	NULL,	NULL,	NULL,	'rating',	'face',	'2018-11-02',	3,	UNHEX('4D')),
(446,	54,	34,	226,	'Average',	'0',	'148',	'2018-11-05 14:26:39',	'N',	81,	NULL,	'Y',	150,	'2018-11-05',	'',	NULL,	NULL,	' 12-15 2018-11-05',	NULL,	NULL,	NULL,	'rating',	'face',	'2018-11-02',	3,	UNHEX('4D')),
(447,	54,	34,	226,	'Average',	'1',	'148',	'2018-11-05 14:34:10',	'N',	0,	NULL,	'Y',	150,	'2018-11-05',	'',	NULL,	NULL,	' 12-15 2018-11-05',	NULL,	NULL,	NULL,	'rating',	'face',	'2018-11-02',	3,	UNHEX('4D')),
(448,	54,	34,	226,	'Average',	'0',	'148',	'2018-11-05 14:38:32',	'N',	70,	NULL,	'Y',	150,	'2018-11-05',	'',	NULL,	NULL,	' 12-15 2018-11-05',	NULL,	NULL,	NULL,	'rating',	'face',	'2018-11-02',	3,	UNHEX('4D')),
(449,	54,	34,	226,	'Average',	'0',	'148',	'2018-11-05 14:38:32',	'N',	74,	NULL,	'Y',	150,	'2018-11-05',	'',	NULL,	NULL,	' 12-15 2018-11-05',	NULL,	NULL,	NULL,	'rating',	'face',	'2018-11-02',	3,	UNHEX('4D')),
(450,	54,	34,	226,	'Average',	'0',	'148',	'2018-11-05 16:17:18',	'N',	70,	NULL,	'Y',	150,	'2018-11-05',	'',	NULL,	NULL,	' 15-18 2018-11-05',	NULL,	NULL,	NULL,	'rating',	'face',	'2018-11-02',	3,	UNHEX('4D')),
(451,	54,	34,	226,	'Average',	'0',	'148',	'2018-11-05 16:17:18',	'N',	71,	NULL,	'Y',	150,	'2018-11-05',	'',	NULL,	NULL,	' 15-18 2018-11-05',	NULL,	NULL,	NULL,	'rating',	'face',	'2018-11-02',	3,	UNHEX('4D')),
(452,	54,	34,	96,	'Excellent',	'0',	'148',	'2018-11-09 09:55:07',	'N',	73,	NULL,	'Y',	150,	'2018-11-09',	'Fantastic people',	NULL,	NULL,	' 09-12 2018-11-09',	NULL,	NULL,	NULL,	'rating',	'face',	'2018-11-02',	1,	UNHEX('50')),
(453,	54,	34,	96,	'Average',	'0',	'148',	'2018-11-09 09:55:07',	'N',	73,	NULL,	'Y',	150,	'2018-11-09',	'Fantastic people',	NULL,	NULL,	' 09-12 2018-11-09',	NULL,	NULL,	NULL,	'rating',	'face',	'2018-11-02',	3,	UNHEX('4D')),
(454,	54,	34,	96,	'Excellent',	'0',	'148',	'2018-11-09 10:02:04',	'N',	73,	NULL,	'Y',	150,	'2018-11-09',	'Fantastic people',	NULL,	NULL,	' 09-12 2018-11-09',	NULL,	NULL,	NULL,	'rating',	'face',	'2018-11-02',	1,	UNHEX('50')),
(455,	54,	34,	96,	'Average',	'0',	'148',	'2018-11-09 10:02:04',	'N',	73,	NULL,	'Y',	150,	'2018-11-09',	'Fantastic people',	NULL,	NULL,	' 09-12 2018-11-09',	NULL,	NULL,	NULL,	'rating',	'face',	'2018-11-02',	3,	UNHEX('4D')),
(456,	54,	34,	96,	'Excellent',	'0',	'148',	'2018-11-09 10:04:35',	'N',	73,	NULL,	'Y',	150,	'2018-11-09',	'Fantastic people',	NULL,	NULL,	' 09-12 2018-11-09',	NULL,	NULL,	NULL,	'rating',	'face',	'2018-11-02',	1,	UNHEX('50')),
(457,	54,	34,	96,	'Good',	'0',	'148',	'2018-11-09 10:04:35',	'N',	73,	NULL,	'Y',	150,	'2018-11-09',	'Fantastic people',	NULL,	NULL,	' 09-12 2018-11-09',	NULL,	NULL,	NULL,	'rating',	'face',	'2018-11-02',	2,	UNHEX('50')),
(458,	54,	34,	96,	'Excellent',	'0',	'148',	'2018-11-09 20:17:13',	'N',	73,	NULL,	'Y',	150,	'2018-11-09',	'Fantastic people',	NULL,	NULL,	' 18-21 2018-11-09',	NULL,	NULL,	NULL,	'rating',	'face',	'2018-11-02',	1,	UNHEX('50')),
(459,	54,	34,	96,	'Good',	'0',	'148',	'2018-11-09 20:17:13',	'N',	73,	NULL,	'Y',	150,	'2018-11-09',	'Fantastic people',	NULL,	NULL,	' 18-21 2018-11-09',	NULL,	NULL,	NULL,	'rating',	'face',	'2018-11-02',	2,	UNHEX('50')),
(460,	54,	34,	96,	'Poor',	'0',	'148',	'2018-11-10 05:51:30',	'N',	73,	NULL,	'Y',	150,	'2018-11-10',	'Fantastic people',	' ',	' ',	' 03-06 2018-11-10',	NULL,	NULL,	NULL,	'rating',	'face',	'2018-11-02',	4,	UNHEX('4E')),
(461,	54,	34,	96,	'Average',	'0',	'148',	'2018-11-10 05:51:30',	'N',	73,	NULL,	'Y',	150,	'2018-11-10',	'Fantastic people',	' ',	' ',	' 03-06 2018-11-10',	NULL,	NULL,	NULL,	'rating',	'face',	'2018-11-02',	3,	UNHEX('4D')),
(462,	54,	34,	226,	'Average',	'0',	'148',	'2018-11-12 12:03:12',	'N',	69,	NULL,	'Y',	150,	'2018-11-12',	'',	' ',	' ',	' 12-03 2018-11-12',	NULL,	NULL,	NULL,	'rating',	'face',	'2018-11-03',	3,	UNHEX('4D')),
(463,	54,	34,	226,	'Average',	'0',	'148',	'2018-11-12 12:03:12',	'N',	73,	NULL,	'Y',	150,	'2018-11-12',	'',	' ',	' ',	' 12-03 2018-11-12',	NULL,	NULL,	NULL,	'rating',	'face',	'2018-11-03',	3,	UNHEX('4D')),
(464,	54,	34,	226,	'Average',	'0',	'148',	'2018-11-12 12:03:13',	'N',	69,	NULL,	'Y',	150,	'2018-11-12',	'',	' ',	' ',	' 12-03 2018-11-12',	NULL,	NULL,	NULL,	'rating',	'face',	'2018-11-03',	3,	UNHEX('4D')),
(465,	54,	34,	226,	'Average',	'0',	'148',	'2018-11-12 12:03:13',	'N',	73,	NULL,	'Y',	150,	'2018-11-12',	'',	' ',	' ',	' 12-03 2018-11-12',	NULL,	NULL,	NULL,	'rating',	'face',	'2018-11-03',	3,	UNHEX('4D')),
(466,	54,	34,	226,	'Average',	'0',	'148',	'2018-11-12 12:03:13',	'N',	69,	NULL,	'Y',	150,	'2018-11-12',	'',	' ',	' ',	' 12-03 2018-11-12',	NULL,	NULL,	NULL,	'rating',	'face',	'2018-11-03',	3,	UNHEX('4D')),
(467,	54,	34,	226,	'Average',	'0',	'148',	'2018-11-12 12:03:13',	'N',	73,	NULL,	'Y',	150,	'2018-11-12',	'',	' ',	' ',	' 12-03 2018-11-12',	NULL,	NULL,	NULL,	'rating',	'face',	'2018-11-03',	3,	UNHEX('4D')),
(468,	54,	34,	226,	'Average',	'0',	'148',	'2018-11-12 13:01:31',	'N',	71,	NULL,	'Y',	150,	'2018-11-12',	'',	' ',	' ',	' 12-15 2018-11-12',	NULL,	NULL,	NULL,	'rating',	'face',	'2018-11-03',	3,	UNHEX('4D')),
(469,	54,	34,	226,	'Average',	'0',	'148',	'2018-11-12 13:32:34',	'N',	72,	NULL,	'Y',	150,	'2018-11-12',	'',	' ',	' ',	' 12-15 2018-11-12',	NULL,	NULL,	NULL,	'rating',	'face',	'2018-11-03',	3,	UNHEX('4D')),
(470,	54,	34,	226,	'Average',	'0',	'148',	'2018-11-12 13:32:34',	'N',	73,	NULL,	'Y',	150,	'2018-11-12',	'',	' ',	' ',	' 12-15 2018-11-12',	NULL,	NULL,	NULL,	'rating',	'face',	'2018-11-03',	3,	UNHEX('4D')),
(471,	54,	34,	226,	'Average',	'0',	'148',	'2018-11-12 13:35:50',	'N',	71,	NULL,	'Y',	150,	'2018-11-12',	'',	' ',	' ',	' 12-15 2018-11-12',	NULL,	NULL,	NULL,	'rating',	'face',	'2018-11-03',	3,	UNHEX('4D')),
(472,	54,	34,	226,	'Average',	'0',	'148',	'2018-11-12 13:37:28',	'N',	73,	NULL,	'Y',	150,	'2018-11-12',	'',	' ',	' ',	' 12-15 2018-11-12',	NULL,	NULL,	NULL,	'rating',	'face',	'2018-11-03',	3,	UNHEX('4D')),
(473,	54,	34,	226,	'Average',	'0',	'148',	'2018-11-12 13:41:48',	'N',	73,	NULL,	'Y',	150,	'2018-11-12',	'',	' ',	' ',	' 12-15 2018-11-12',	NULL,	NULL,	NULL,	'rating',	'face',	'2018-11-03',	3,	UNHEX('4D')),
(474,	54,	34,	226,	'Average',	'0',	'148',	'2018-11-12 13:53:53',	'N',	71,	NULL,	'Y',	150,	'2018-11-12',	'',	' ',	' ',	' 12-15 2018-11-12',	NULL,	NULL,	NULL,	'rating',	'face',	'2018-11-03',	3,	UNHEX('4D')),
(475,	54,	34,	226,	'Average',	'0',	'148',	'2018-11-12 13:53:53',	'N',	72,	NULL,	'Y',	150,	'2018-11-12',	'',	' ',	' ',	' 12-15 2018-11-12',	NULL,	NULL,	NULL,	'rating',	'face',	'2018-11-03',	3,	UNHEX('4D')),
(476,	54,	34,	226,	'Average',	'0',	'148',	'2018-11-12 13:53:53',	'N',	73,	NULL,	'Y',	150,	'2018-11-12',	'',	' ',	' ',	' 12-15 2018-11-12',	NULL,	NULL,	NULL,	'rating',	'face',	'2018-11-03',	3,	UNHEX('4D')),
(477,	54,	34,	226,	'Average',	'0',	'148',	'2018-11-12 16:19:52',	'N',	122,	NULL,	'Y',	150,	'2018-11-12',	'',	' ',	' ',	' 15-18 2018-11-12',	NULL,	NULL,	NULL,	'rating',	'face',	'2018-11-03',	3,	UNHEX('4D')),
(478,	54,	34,	228,	'Average',	'0',	'148',	'2018-11-12 17:08:04',	'N',	130,	NULL,	'Y',	150,	'2018-11-12',	'',	' ',	' ',	' 15-18 2018-11-12',	NULL,	NULL,	NULL,	'rating',	'face',	'2018-11-03',	3,	UNHEX('4D')),
(479,	54,	34,	228,	'Average',	'0',	'148',	'2018-11-12 17:09:39',	'N',	130,	NULL,	'Y',	150,	'2018-11-12',	'',	' ',	' ',	' 15-18 2018-11-12',	NULL,	NULL,	NULL,	'rating',	'face',	'2018-11-03',	3,	UNHEX('4D')),
(480,	54,	34,	228,	'Average',	'0',	'148',	'2018-11-12 17:09:39',	'N',	129,	NULL,	'Y',	150,	'2018-11-12',	'',	' ',	' ',	' 15-18 2018-11-12',	NULL,	NULL,	NULL,	'rating',	'face',	'2018-11-03',	3,	UNHEX('4D')),
(481,	54,	34,	228,	'Average',	'0',	'148',	'2018-11-12 17:41:21',	'N',	130,	NULL,	'Y',	150,	'2018-11-12',	'',	' ',	' ',	' 15-18 2018-11-12',	NULL,	NULL,	NULL,	'rating',	'face',	'2018-11-03',	3,	UNHEX('4D')),
(482,	54,	34,	228,	'Average',	'0',	'148',	'2018-11-12 18:13:48',	'N',	130,	NULL,	'Y',	150,	'2018-11-12',	'',	' ',	' ',	' 18-21 2018-11-12',	NULL,	NULL,	NULL,	'rating',	'face',	'2018-11-03',	3,	UNHEX('4D')),
(483,	54,	34,	228,	'Average',	'0',	'148',	'2018-11-12 18:14:45',	'N',	130,	NULL,	'Y',	150,	'2018-11-12',	'',	' ',	' ',	' 18-21 2018-11-12',	NULL,	NULL,	NULL,	'rating',	'face',	'2018-11-03',	3,	UNHEX('4D')),
(484,	54,	34,	228,	'Average',	'0',	'148',	'2018-11-12 18:14:45',	'N',	130,	NULL,	'Y',	150,	'2018-11-12',	'',	' ',	' ',	' 18-21 2018-11-12',	NULL,	NULL,	NULL,	'rating',	'face',	'2018-11-03',	3,	UNHEX('4D')),
(485,	54,	34,	228,	'Average',	'0',	'148',	'2018-11-12 18:14:45',	'N',	130,	NULL,	'Y',	150,	'2018-11-12',	'',	' ',	' ',	' 18-21 2018-11-12',	NULL,	NULL,	NULL,	'rating',	'face',	'2018-11-03',	3,	UNHEX('4D')),
(486,	54,	34,	228,	'Average',	'0',	'148',	'2018-11-12 18:16:42',	'N',	130,	NULL,	'Y',	150,	'2018-11-12',	'',	' ',	' ',	' 18-21 2018-11-12',	NULL,	NULL,	NULL,	'rating',	'face',	'2018-11-03',	3,	UNHEX('4D')),
(487,	54,	34,	228,	'Average',	'0',	'148',	'2018-11-12 18:38:25',	'N',	130,	NULL,	'Y',	150,	'2018-11-12',	'',	' ',	' ',	' 18-21 2018-11-12',	NULL,	NULL,	NULL,	'rating',	'face',	'2018-11-03',	3,	UNHEX('4D')),
(488,	54,	34,	228,	'Average',	'1',	'148',	'2018-11-12 18:39:26',	'N',	0,	NULL,	'Y',	150,	'2018-11-12',	'',	' ',	' ',	' 18-21 2018-11-12',	NULL,	NULL,	NULL,	'rating',	'face',	'2018-11-03',	3,	UNHEX('4D')),
(489,	54,	34,	228,	'Average',	'0',	'148',	'2018-11-12 18:40:26',	'N',	130,	NULL,	'Y',	150,	'2018-11-12',	'',	' ',	' ',	' 18-21 2018-11-12',	NULL,	NULL,	NULL,	'rating',	'face',	'2018-11-03',	3,	UNHEX('4D')),
(490,	54,	34,	228,	'Average',	'0',	'148',	'2018-11-12 18:44:37',	'N',	126,	NULL,	'Y',	150,	'2018-11-12',	'',	' ',	' ',	' 18-21 2018-11-12',	NULL,	NULL,	NULL,	'rating',	'face',	'2018-11-03',	3,	UNHEX('4D')),
(491,	54,	34,	228,	'Average',	'1',	'148',	'2018-11-12 18:48:45',	'N',	0,	NULL,	'Y',	150,	'2018-11-12',	'',	' ',	' ',	' 18-21 2018-11-12',	NULL,	NULL,	NULL,	'rating',	'face',	'2018-11-03',	3,	UNHEX('4D')),
(492,	54,	34,	228,	'Average',	'0',	'148',	'2018-11-13 11:57:16',	'N',	130,	NULL,	'Y',	150,	'2018-11-13',	'',	' ',	' ',	' 09-12 2018-11-13',	NULL,	NULL,	NULL,	'rating',	'face',	'2018-11-03',	3,	UNHEX('4D')),
(493,	54,	34,	228,	'Average',	'0',	'148',	'2018-11-13 11:58:37',	'N',	130,	NULL,	'Y',	150,	'2018-11-13',	'',	' ',	' ',	' 09-12 2018-11-13',	NULL,	NULL,	NULL,	'rating',	'face',	'2018-11-03',	3,	UNHEX('4D')),
(494,	54,	34,	228,	'Average',	'0',	'148',	'2018-11-13 12:00:00',	'N',	130,	NULL,	'Y',	150,	'2018-11-13',	'',	' ',	' ',	' 12-03 2018-11-13',	NULL,	NULL,	NULL,	'rating',	'face',	'2018-11-03',	3,	UNHEX('4D')),
(495,	54,	34,	228,	'Very Poor',	'0',	'148',	'2018-11-13 12:04:51',	'N',	130,	NULL,	'Y',	150,	'2018-11-13',	'',	' ',	' ',	' 12-03 2018-11-13',	NULL,	NULL,	NULL,	'rating',	'face',	'2018-11-03',	5,	UNHEX('4E')),
(496,	54,	34,	228,	'Average',	'0',	'148',	'2018-11-13 12:06:10',	'N',	125,	NULL,	'Y',	150,	'2018-11-13',	'',	' ',	' ',	' 12-03 2018-11-13',	NULL,	NULL,	NULL,	'rating',	'face',	'2018-11-03',	3,	UNHEX('4D')),
(497,	54,	34,	228,	'Average',	'0',	'148',	'2018-11-13 12:08:26',	'N',	130,	NULL,	'Y',	150,	'2018-11-13',	'',	' ',	' ',	' 12-03 2018-11-13',	NULL,	NULL,	NULL,	'rating',	'face',	'2018-11-03',	3,	UNHEX('4D')),
(498,	54,	34,	228,	'Very Poor',	'0',	'148',	'2018-11-13 12:12:37',	'N',	129,	NULL,	'Y',	150,	'2018-11-13',	'',	' ',	' ',	' 12-03 2018-11-13',	NULL,	NULL,	NULL,	'rating',	'face',	'2018-11-03',	5,	UNHEX('4E')),
(499,	54,	34,	228,	'Average',	'0',	'148',	'2018-11-13 12:54:58',	'N',	124,	NULL,	'Y',	150,	'2018-11-13',	'',	' ',	' ',	' 12-03 2018-11-13',	NULL,	NULL,	NULL,	'rating',	'face',	'2018-11-03',	3,	UNHEX('4D')),
(500,	54,	34,	228,	'Average',	'0',	'148',	'2018-11-13 13:04:42',	'N',	125,	NULL,	'Y',	150,	'2018-11-13',	'',	' ',	' ',	' 12-15 2018-11-13',	NULL,	NULL,	NULL,	'rating',	'face',	'2018-11-03',	3,	UNHEX('4D')),
(501,	54,	34,	228,	'Average',	'0',	'148',	'2018-11-13 13:09:42',	'N',	129,	NULL,	'Y',	150,	'2018-11-13',	'',	' ',	' ',	' 12-15 2018-11-13',	NULL,	NULL,	NULL,	'rating',	'face',	'2018-11-03',	3,	UNHEX('4D')),
(502,	54,	34,	228,	'Average',	'0',	'148',	'2018-11-13 13:09:42',	'N',	125,	NULL,	'Y',	150,	'2018-11-13',	'',	' ',	' ',	' 12-15 2018-11-13',	NULL,	NULL,	NULL,	'rating',	'face',	'2018-11-03',	3,	UNHEX('4D')),
(503,	54,	34,	228,	'Average',	'1',	'148',	'2018-11-13 13:09:42',	'N',	0,	NULL,	'Y',	150,	'2018-11-13',	'',	' ',	' ',	' 12-15 2018-11-13',	NULL,	NULL,	NULL,	'rating',	'face',	'2018-11-03',	3,	UNHEX('4D')),
(504,	54,	34,	228,	'Average',	'0',	'148',	'2018-11-13 13:19:30',	'N',	123,	NULL,	'Y',	150,	'2018-11-13',	'',	' ',	' ',	' 12-15 2018-11-13',	NULL,	NULL,	NULL,	'rating',	'face',	'2018-11-03',	3,	UNHEX('4D')),
(505,	54,	34,	228,	'Average',	'1',	'148',	'2018-11-13 14:20:42',	'N',	0,	NULL,	'Y',	150,	'2018-11-13',	' fsabtea',	' ',	' ',	' 12-15 2018-11-13',	NULL,	NULL,	NULL,	'rating',	'face',	'2018-11-03',	3,	UNHEX('4D')),
(506,	54,	34,	228,	'Average',	'0',	'148',	'2018-11-13 14:53:58',	'N',	123,	NULL,	'Y',	150,	'2018-11-13',	'srgfsvsf',	' ',	' ',	' 12-15 2018-11-13',	NULL,	NULL,	NULL,	'rating',	'face',	'2018-11-03',	3,	UNHEX('4D')),
(507,	54,	34,	228,	'Poor',	'0',	'148',	'2018-11-13 14:54:23',	'N',	129,	NULL,	'Y',	150,	'2018-11-13',	'',	' ',	' ',	' 12-15 2018-11-13',	NULL,	NULL,	NULL,	'rating',	'face',	'2018-11-03',	4,	UNHEX('4E')),
(508,	54,	34,	228,	'Poor',	'0',	'148',	'2018-11-13 14:54:24',	'N',	129,	NULL,	'Y',	150,	'2018-11-13',	'',	' ',	' ',	' 12-15 2018-11-13',	NULL,	NULL,	NULL,	'rating',	'face',	'2018-11-03',	4,	UNHEX('4E')),
(509,	54,	34,	228,	'Poor',	'0',	'148',	'2018-11-13 14:54:24',	'N',	129,	NULL,	'Y',	150,	'2018-11-13',	'',	' ',	' ',	' 12-15 2018-11-13',	NULL,	NULL,	NULL,	'rating',	'face',	'2018-11-03',	4,	UNHEX('4E')),
(510,	54,	34,	228,	'Average',	'0',	'148',	'2018-11-13 14:55:36',	'N',	124,	NULL,	'Y',	150,	'2018-11-13',	'',	' ',	' ',	' 12-15 2018-11-13',	NULL,	NULL,	NULL,	'rating',	'face',	'2018-11-03',	3,	UNHEX('4D')),
(511,	54,	34,	228,	'Average',	'1',	'148',	'2018-11-13 16:25:42',	'N',	0,	NULL,	'Y',	150,	'2018-11-13',	'jnk',	' ',	' ',	' 15-18 2018-11-13',	NULL,	NULL,	NULL,	'rating',	'face',	'2018-11-03',	3,	UNHEX('4D')),
(512,	54,	34,	228,	'Very Poor',	'0',	'148',	'2018-11-13 16:45:59',	'N',	130,	NULL,	'Y',	150,	'2018-11-13',	'',	' ',	' ',	' 15-18 2018-11-13',	NULL,	NULL,	NULL,	'rating',	'face',	'2018-11-03',	5,	UNHEX('4E')),
(513,	54,	34,	228,	'Very Poor',	'0',	'148',	'2018-11-13 16:45:59',	'N',	130,	NULL,	'Y',	150,	'2018-11-13',	'',	' ',	' ',	' 15-18 2018-11-13',	NULL,	NULL,	NULL,	'rating',	'face',	'2018-11-03',	5,	UNHEX('4E')),
(514,	54,	34,	228,	'Average',	'0',	'148',	'2018-11-13 16:50:40',	'N',	130,	NULL,	'Y',	150,	'2018-11-13',	'',	' ',	' ',	' 15-18 2018-11-13',	NULL,	NULL,	NULL,	'rating',	'face',	'2018-11-03',	3,	UNHEX('4D')),
(515,	54,	34,	228,	'Very Poor',	'0',	'148',	'2018-11-13 16:51:45',	'N',	130,	NULL,	'Y',	150,	'2018-11-13',	'',	' ',	' ',	' 15-18 2018-11-13',	NULL,	NULL,	NULL,	'rating',	'face',	'2018-11-03',	5,	UNHEX('4E')),
(516,	54,	34,	228,	'Average',	'0',	'148',	'2018-11-13 16:52:04',	'N',	129,	NULL,	'Y',	150,	'2018-11-13',	'',	' ',	' ',	' 15-18 2018-11-13',	NULL,	NULL,	NULL,	'rating',	'face',	'2018-11-03',	3,	UNHEX('4D')),
(517,	54,	34,	228,	'Very Poor',	'0',	'148',	'2018-11-13 16:55:50',	'N',	129,	NULL,	'Y',	150,	'2018-11-13',	'',	' ',	' ',	' 15-18 2018-11-13',	NULL,	NULL,	NULL,	'rating',	'face',	'2018-11-03',	5,	UNHEX('4E')),
(518,	54,	34,	228,	'Average',	'0',	'148',	'2018-11-13 16:57:35',	'N',	130,	NULL,	'Y',	150,	'2018-11-13',	'',	' ',	' ',	' 15-18 2018-11-13',	NULL,	NULL,	NULL,	'rating',	'face',	'2018-11-03',	3,	UNHEX('4D')),
(519,	54,	34,	228,	'Average',	'0',	'148',	'2018-11-13 18:46:07',	'N',	129,	NULL,	'Y',	150,	'2018-11-13',	'',	' ',	' ',	' 18-21 2018-11-13',	NULL,	NULL,	NULL,	'rating',	'face',	'2018-11-03',	3,	UNHEX('4D')),
(520,	54,	34,	228,	'Average',	'0',	'148',	'2018-11-13 18:46:07',	'N',	130,	NULL,	'Y',	150,	'2018-11-13',	'',	' ',	' ',	' 18-21 2018-11-13',	NULL,	NULL,	NULL,	'rating',	'face',	'2018-11-03',	3,	UNHEX('4D')),
(521,	54,	34,	228,	'Very Poor',	'0',	'148',	'2018-11-13 18:46:07',	'N',	129,	NULL,	'Y',	150,	'2018-11-13',	'',	' ',	' ',	' 18-21 2018-11-13',	NULL,	NULL,	NULL,	'rating',	'face',	'2018-11-03',	5,	UNHEX('4E')),
(522,	54,	34,	228,	'Average',	'0',	'148',	'2018-11-13 18:46:07',	'N',	130,	NULL,	'Y',	150,	'2018-11-13',	'',	' ',	' ',	' 18-21 2018-11-13',	NULL,	NULL,	NULL,	'rating',	'face',	'2018-11-03',	3,	UNHEX('4D')),
(523,	54,	34,	228,	'Average',	'0',	'148',	'2018-11-13 18:46:07',	'N',	130,	NULL,	'Y',	150,	'2018-11-13',	'',	' ',	' ',	' 18-21 2018-11-13',	NULL,	NULL,	NULL,	'rating',	'face',	'2018-11-03',	3,	UNHEX('4D')),
(524,	54,	34,	228,	'Average',	'0',	'148',	'2018-11-13 18:46:07',	'N',	129,	NULL,	'Y',	150,	'2018-11-13',	'',	' ',	' ',	' 18-21 2018-11-13',	NULL,	NULL,	NULL,	'rating',	'face',	'2018-11-03',	3,	UNHEX('4D')),
(525,	54,	34,	228,	'Average',	'0',	'148',	'2018-11-13 18:46:07',	'N',	130,	NULL,	'Y',	150,	'2018-11-13',	'',	' ',	' ',	' 18-21 2018-11-13',	NULL,	NULL,	NULL,	'rating',	'face',	'2018-11-03',	3,	UNHEX('4D')),
(526,	54,	34,	96,	'Poor',	'1',	'148',	'2018-11-13 21:17:37',	'N',	0,	NULL,	'Y',	150,	'2018-11-13',	'Fantastic people',	' ',	' ',	' 21-23 2018-11-13',	NULL,	NULL,	NULL,	'rating',	'face',	'2018-11-03',	4,	UNHEX('4E')),
(527,	54,	34,	96,	'Average',	'1',	'148',	'2018-11-13 21:17:37',	'N',	0,	NULL,	'Y',	150,	'2018-11-13',	'Fantastic people',	' ',	' ',	' 21-23 2018-11-13',	NULL,	NULL,	NULL,	'rating',	'face',	'2018-11-03',	3,	UNHEX('4D')),
(528,	54,	34,	96,	'Excellent',	'1',	'148',	'2018-11-13 21:18:12',	'N',	0,	NULL,	'Y',	150,	'2018-11-13',	'Fantastic people',	' ',	' ',	' 21-23 2018-11-13',	NULL,	NULL,	NULL,	'rating',	'face',	'2018-11-03',	1,	UNHEX('50')),
(529,	54,	34,	96,	'Good',	'1',	'148',	'2018-11-13 21:18:12',	'N',	0,	NULL,	'Y',	150,	'2018-11-13',	'Fantastic people',	' ',	' ',	' 21-23 2018-11-13',	NULL,	NULL,	NULL,	'rating',	'face',	'2018-11-03',	2,	UNHEX('50')),
(530,	54,	34,	96,	'Excellent',	'1',	'148',	'2018-11-13 21:21:11',	'N',	0,	NULL,	'Y',	150,	'2018-11-13',	'Fantastic people',	' ',	' ',	' 21-23 2018-11-13',	NULL,	NULL,	NULL,	'rating',	'face',	'2018-11-03',	1,	UNHEX('50')),
(531,	54,	34,	96,	'Excellent',	'1',	'148',	'2018-11-13 21:29:26',	'N',	0,	NULL,	'Y',	150,	'2018-11-13',	'Fantastic people',	' ',	' ',	' 21-23 2018-11-13',	NULL,	NULL,	NULL,	'rating',	'face',	'2018-11-03',	1,	UNHEX('50')),
(532,	54,	34,	96,	'Good',	'1',	'148',	'2018-11-13 21:29:26',	'N',	0,	NULL,	'Y',	150,	'2018-11-13',	'Fantastic people',	' ',	' ',	' 21-23 2018-11-13',	NULL,	NULL,	NULL,	'rating',	'face',	'2018-11-03',	2,	UNHEX('50')),
(533,	54,	34,	96,	'Excellent',	'1',	'148',	'2018-11-13 21:38:16',	'N',	0,	NULL,	'Y',	150,	'2018-11-13',	'Fantastic people',	' ',	' ',	' 21-23 2018-11-13',	NULL,	NULL,	NULL,	'rating',	'face',	'2018-11-03',	1,	UNHEX('50')),
(534,	54,	34,	96,	'Good',	'1',	'148',	'2018-11-13 21:38:16',	'N',	0,	NULL,	'Y',	150,	'2018-11-13',	'Fantastic people',	' ',	' ',	' 21-23 2018-11-13',	NULL,	NULL,	NULL,	'rating',	'face',	'2018-11-03',	2,	UNHEX('50')),
(535,	54,	34,	96,	'Excellent',	'1',	'148',	'2018-11-13 22:59:01',	'N',	0,	NULL,	'Y',	150,	'2018-11-13',	' ',	' ',	' ',	' 21-23 2018-11-13',	NULL,	NULL,	NULL,	'rating',	'face',	'2018-11-03',	1,	UNHEX('50')),
(536,	54,	34,	96,	'Good',	'1',	'148',	'2018-11-13 22:59:01',	'N',	0,	NULL,	'Y',	150,	'2018-11-13',	' ',	' ',	' ',	' 21-23 2018-11-13',	NULL,	NULL,	NULL,	'rating',	'face',	'2018-11-03',	2,	UNHEX('50')),
(539,	54,	34,	96,	'Poor',	'0',	'148',	'2018-11-13 23:08:00',	'N',	73,	NULL,	'Y',	150,	'2018-11-13',	' ',	' ',	' ',	' 21-23 2018-11-13',	NULL,	NULL,	NULL,	'rating',	'face',	'2018-11-03',	4,	UNHEX('4E')),
(540,	54,	34,	96,	'Very Poor',	'0',	'148',	'2018-11-13 23:08:00',	'N',	73,	NULL,	'Y',	150,	'2018-11-13',	' ',	' ',	' ',	' 21-23 2018-11-13',	NULL,	NULL,	NULL,	'rating',	'face',	'2018-11-03',	5,	UNHEX('4E')),
(541,	54,	34,	96,	'Excellent',	'1',	'148',	'2018-11-13 23:08:48',	'N',	0,	NULL,	'Y',	150,	'2018-11-13',	' ',	' ',	' ',	' 21-23 2018-11-13',	NULL,	NULL,	NULL,	'rating',	'face',	'2018-11-03',	1,	UNHEX('50')),
(542,	54,	34,	96,	'Very Poor',	'0',	'148',	'2018-11-13 23:08:48',	'N',	73,	NULL,	'Y',	150,	'2018-11-13',	' ',	' ',	' ',	' 21-23 2018-11-13',	NULL,	NULL,	NULL,	'rating',	'face',	'2018-11-03',	5,	UNHEX('4E')),
(543,	54,	34,	228,	'excellent',	'1',	'148',	'2018-11-14 10:58:06',	'N',	0,	NULL,	'Y',	150,	'2018-11-14',	'',	' ',	' ',	' 09-12 2018-11-14',	NULL,	NULL,	NULL,	'rating',	'face',	'2018-11-03',	1,	UNHEX('50')),
(544,	54,	34,	228,	'good',	'1',	'148',	'2018-11-14 10:58:28',	'N',	0,	NULL,	'Y',	150,	'2018-11-14',	'',	' ',	' ',	' 09-12 2018-11-14',	NULL,	NULL,	NULL,	'rating',	'face',	'2018-11-03',	2,	UNHEX('50')),
(545,	54,	34,	228,	'good',	'1',	'148',	'2018-11-14 10:59:21',	'N',	0,	NULL,	'Y',	150,	'2018-11-14',	'',	' ',	' ',	' 09-12 2018-11-14',	NULL,	NULL,	NULL,	'rating',	'face',	'2018-11-03',	2,	UNHEX('50')),
(546,	54,	34,	228,	'good',	'1',	'148',	'2018-11-14 10:59:21',	'N',	0,	NULL,	'Y',	150,	'2018-11-14',	'',	' ',	' ',	' 09-12 2018-11-14',	NULL,	NULL,	NULL,	'rating',	'face',	'2018-11-03',	2,	UNHEX('50')),
(547,	54,	34,	228,	'good',	'1',	'148',	'2018-11-14 10:59:21',	'N',	0,	NULL,	'Y',	150,	'2018-11-14',	'',	' ',	' ',	' 09-12 2018-11-14',	NULL,	NULL,	NULL,	'rating',	'face',	'2018-11-03',	2,	UNHEX('50')),
(548,	54,	34,	228,	'good',	'1',	'148',	'2018-11-14 10:59:21',	'N',	0,	NULL,	'Y',	150,	'2018-11-14',	'',	' ',	' ',	' 09-12 2018-11-14',	NULL,	NULL,	NULL,	'rating',	'face',	'2018-11-03',	2,	UNHEX('50')),
(549,	54,	34,	228,	'good',	'1',	'148',	'2018-11-14 10:59:21',	'N',	0,	NULL,	'Y',	150,	'2018-11-14',	'',	' ',	' ',	' 09-12 2018-11-14',	NULL,	NULL,	NULL,	'rating',	'face',	'2018-11-03',	2,	UNHEX('50')),
(550,	54,	34,	228,	'good',	'1',	'148',	'2018-11-14 10:59:21',	'N',	0,	NULL,	'Y',	150,	'2018-11-14',	'',	' ',	' ',	' 09-12 2018-11-14',	NULL,	NULL,	NULL,	'rating',	'face',	'2018-11-03',	2,	UNHEX('50')),
(551,	54,	34,	228,	'good',	'1',	'148',	'2018-11-14 10:59:22',	'N',	0,	NULL,	'Y',	150,	'2018-11-14',	'',	' ',	' ',	' 09-12 2018-11-14',	NULL,	NULL,	NULL,	'rating',	'face',	'2018-11-03',	2,	UNHEX('50')),
(552,	54,	34,	228,	'good',	'1',	'148',	'2018-11-14 11:01:57',	'N',	0,	NULL,	'Y',	150,	'2018-11-14',	'',	' ',	' ',	' 09-12 2018-11-14',	NULL,	NULL,	NULL,	'rating',	'face',	'2018-11-03',	2,	UNHEX('50')),
(553,	54,	34,	228,	'excellent',	'1',	'148',	'2018-11-14 11:05:39',	'N',	0,	NULL,	'Y',	150,	'2018-11-14',	'',	' ',	' ',	' 09-12 2018-11-14',	NULL,	NULL,	NULL,	'rating',	'face',	'2018-11-03',	1,	UNHEX('50')),
(554,	54,	34,	228,	'excellent',	'1',	'148',	'2018-11-14 11:07:33',	'N',	0,	NULL,	'Y',	150,	'2018-11-14',	'',	' ',	' ',	' 09-12 2018-11-14',	NULL,	NULL,	NULL,	'rating',	'face',	'2018-11-03',	1,	UNHEX('50')),
(555,	54,	34,	228,	'good',	'1',	'148',	'2018-11-14 11:08:20',	'N',	0,	NULL,	'Y',	150,	'2018-11-14',	'',	' ',	' ',	' 09-12 2018-11-14',	NULL,	NULL,	NULL,	'rating',	'face',	'2018-11-03',	2,	UNHEX('50')),
(556,	54,	34,	228,	'good',	'1',	'148',	'2018-11-14 11:09:44',	'N',	0,	NULL,	'Y',	150,	'2018-11-14',	'',	' ',	' ',	' 09-12 2018-11-14',	NULL,	NULL,	NULL,	'rating',	'face',	'2018-11-03',	2,	UNHEX('50')),
(557,	54,	34,	228,	'good',	'1',	'148',	'2018-11-14 11:11:09',	'N',	0,	NULL,	'Y',	150,	'2018-11-14',	'',	' ',	' ',	' 09-12 2018-11-14',	NULL,	NULL,	NULL,	'rating',	'face',	'2018-11-03',	2,	UNHEX('50')),
(558,	54,	34,	228,	'excellent',	'1',	'148',	'2018-11-14 11:12:04',	'N',	0,	NULL,	'Y',	150,	'2018-11-14',	'',	' ',	' ',	' 09-12 2018-11-14',	NULL,	NULL,	NULL,	'rating',	'face',	'2018-11-03',	1,	UNHEX('50')),
(559,	54,	34,	228,	'good',	'1',	'148',	'2018-11-14 11:12:17',	'N',	0,	NULL,	'Y',	150,	'2018-11-14',	'',	' ',	' ',	' 09-12 2018-11-14',	NULL,	NULL,	NULL,	'rating',	'face',	'2018-11-03',	2,	UNHEX('50')),
(560,	54,	34,	228,	'excellent',	'1',	'148',	'2018-11-14 11:12:55',	'N',	0,	NULL,	'Y',	150,	'2018-11-14',	'',	' ',	' ',	' 09-12 2018-11-14',	NULL,	NULL,	NULL,	'rating',	'face',	'2018-11-03',	1,	UNHEX('50')),
(561,	54,	34,	228,	'good',	'1',	'148',	'2018-11-14 11:13:02',	'N',	0,	NULL,	'Y',	150,	'2018-11-14',	'',	'demo@mailinator.com',	'1471477411',	' 09-12 2018-11-14',	NULL,	NULL,	NULL,	'rating',	'face',	'2018-11-03',	2,	UNHEX('50')),
(562,	54,	34,	228,	'excellent',	'1',	'148',	'2018-11-14 11:13:42',	'N',	0,	NULL,	'Y',	150,	'2018-11-14',	'',	' ',	' ',	' 09-12 2018-11-14',	NULL,	NULL,	NULL,	'rating',	'face',	'2018-11-03',	1,	UNHEX('50')),
(563,	54,	34,	228,	'good',	'1',	'148',	'2018-11-14 11:13:50',	'N',	0,	NULL,	'Y',	150,	'2018-11-14',	'',	'demo@mailinator.com',	'1471477411',	' 09-12 2018-11-14',	NULL,	NULL,	NULL,	'rating',	'face',	'2018-11-03',	2,	UNHEX('50')),
(564,	54,	34,	228,	'Average',	'0',	'148',	'2018-11-14 11:14:02',	'N',	129,	NULL,	'Y',	150,	'2018-11-14',	'',	' ',	' ',	' 09-12 2018-11-14',	NULL,	NULL,	NULL,	'rating',	'face',	'2018-11-03',	3,	UNHEX('4D')),
(565,	54,	34,	96,	'Excellent',	'0',	'148',	'2018-11-28 16:11:04',	'N',	73,	NULL,	'Y',	150,	'2018-11-28',	'Fantastic people',	' ',	' ',	'15-18 2018-11-28',	NULL,	NULL,	NULL,	'rating',	'face',	'2018-11-05',	1,	UNHEX('50')),
(566,	54,	34,	96,	'Good',	'0',	'148',	'2018-11-28 16:11:04',	'N',	73,	NULL,	'Y',	150,	'2018-11-28',	'Fantastic people',	'demo@mailinator.com',	'1471477411',	'15-18 2018-11-28',	NULL,	NULL,	NULL,	'rating',	'face',	'2018-11-05',	2,	UNHEX('50')),
(567,	54,	34,	228,	'excellent',	'1',	'148',	'2018-12-01 11:14:18',	'N',	0,	NULL,	'Y',	150,	'2018-12-01',	'',	'demo@mailinator.com',	'1471477411',	'09-12 2018-12-01',	NULL,	NULL,	NULL,	'rating',	'face',	'2018-12-01',	1,	UNHEX('50')),
(568,	54,	34,	228,	'excellent',	'1',	'148',	'2018-12-01 11:14:18',	'N',	0,	NULL,	'Y',	150,	'2018-12-01',	'',	'demo@mailinator.com',	'1471477411',	'09-12 2018-12-01',	NULL,	NULL,	NULL,	'rating',	'face',	'2018-12-01',	1,	UNHEX('50')),
(569,	54,	34,	228,	'Very Poor',	'0',	'148',	'2018-12-01 11:14:19',	'N',	123,	NULL,	'Y',	150,	'2018-12-01',	'',	'demo@mailinator.com',	'1471477411',	'09-12 2018-12-01',	NULL,	NULL,	NULL,	'rating',	'face',	'2018-12-01',	5,	UNHEX('4E')),
(570,	54,	34,	228,	'Very Poor',	'0',	'148',	'2018-12-01 11:14:19',	'N',	124,	NULL,	'Y',	150,	'2018-12-01',	'',	'demo@mailinator.com',	'1471477411',	'09-12 2018-12-01',	NULL,	NULL,	NULL,	'rating',	'face',	'2018-12-01',	5,	UNHEX('4E')),
(571,	54,	34,	228,	'Very Poor',	'0',	'148',	'2018-12-01 11:14:19',	'N',	125,	NULL,	'Y',	150,	'2018-12-01',	'',	'demo@mailinator.com',	'1471477411',	'09-12 2018-12-01',	NULL,	NULL,	NULL,	'rating',	'face',	'2018-12-01',	5,	UNHEX('4E')),
(572,	54,	34,	228,	'Very Poor',	'0',	'148',	'2018-12-01 11:14:19',	'N',	126,	NULL,	'Y',	150,	'2018-12-01',	'',	'demo@mailinator.com',	'1471477411',	'09-12 2018-12-01',	NULL,	NULL,	NULL,	'rating',	'face',	'2018-12-01',	5,	UNHEX('4E')),
(573,	54,	34,	228,	'Very Poor',	'0',	'148',	'2018-12-01 11:14:19',	'N',	127,	NULL,	'Y',	150,	'2018-12-01',	'',	'demo@mailinator.com',	'1471477411',	'09-12 2018-12-01',	NULL,	NULL,	NULL,	'rating',	'face',	'2018-12-01',	5,	UNHEX('4E')),
(574,	54,	34,	228,	'Very Poor',	'0',	'148',	'2018-12-01 11:14:19',	'N',	128,	NULL,	'Y',	150,	'2018-12-01',	'',	'demo@mailinator.com',	'1471477411',	'09-12 2018-12-01',	NULL,	NULL,	NULL,	'rating',	'face',	'2018-12-01',	5,	UNHEX('4E')),
(575,	54,	34,	228,	'Very Poor',	'0',	'148',	'2018-12-01 11:14:19',	'N',	129,	NULL,	'Y',	150,	'2018-12-01',	'',	'demo1@mailinator.com',	'1471477411',	'09-12 2018-12-01',	NULL,	NULL,	NULL,	'rating',	'face',	'2018-12-01',	5,	UNHEX('4E')),
(576,	54,	34,	228,	'Very Poor',	'0',	'148',	'2018-12-01 11:14:19',	'N',	130,	NULL,	'Y',	150,	'2018-12-01',	'',	'demo1@mailinator.com',	'1471477411',	'09-12 2018-12-01',	NULL,	NULL,	NULL,	'rating',	'face',	'2018-12-01',	5,	UNHEX('4E')),
(577,	54,	34,	228,	'excellent',	'1',	'148',	'2018-12-01 11:14:19',	'N',	0,	NULL,	'Y',	150,	'2018-12-01',	'',	'demo1@mailinator.com',	'1471477411',	'09-12 2018-12-01',	NULL,	NULL,	NULL,	'rating',	'face',	'2018-12-01',	1,	UNHEX('50')),
(578,	54,	34,	228,	'excellent',	'1',	'148',	'2018-12-01 11:16:52',	'N',	0,	NULL,	'Y',	150,	'2018-12-01',	'',	'demo1@mailinator.com',	'1471477411',	'09-12 2018-12-01',	NULL,	NULL,	NULL,	'rating',	'face',	'2018-12-01',	1,	UNHEX('50')),
(579,	54,	34,	228,	'excellent',	'1',	'148',	'2018-12-01 11:17:25',	'N',	0,	NULL,	'Y',	150,	'2018-12-01',	'',	'demo1@mailinator.com',	'1471477411',	'09-12 2018-12-01',	NULL,	NULL,	NULL,	'rating',	'face',	'2018-12-01',	1,	UNHEX('50')),
(580,	54,	34,	232,	'good',	'1',	'148',	'2018-12-13 16:36:40',	'Y',	0,	NULL,	'N',	150,	'2018-12-13',	'',	' ',	' ',	'15-18 2018-12-13',	NULL,	NULL,	NULL,	'rating',	'face',	'2018-12-03',	2,	UNHEX('50')),
(581,	54,	34,	236,	'good',	'1',	'148',	'2018-12-13 17:31:41',	'Y',	0,	NULL,	'N',	150,	'2018-12-13',	'',	' ',	' ',	'15-18 2018-12-13',	NULL,	NULL,	NULL,	'rating',	'face',	'2018-12-03',	2,	UNHEX('50')),
(582,	54,	34,	236,	'Average',	'0',	'148',	'2018-12-13 17:32:33',	'Y',	139,	NULL,	'N',	150,	'2018-12-13',	'',	' ',	' ',	'15-18 2018-12-13',	NULL,	NULL,	NULL,	'rating',	'face',	'2018-12-03',	3,	UNHEX('4D')),
(583,	54,	34,	236,	'Average',	'0',	'148',	'2018-12-13 17:32:33',	'Y',	140,	NULL,	'N',	150,	'2018-12-13',	'',	' ',	' ',	'15-18 2018-12-13',	NULL,	NULL,	NULL,	'rating',	'face',	'2018-12-03',	3,	UNHEX('4D')),
(584,	54,	34,	236,	'Average',	'0',	'148',	'2018-12-13 17:32:33',	'Y',	141,	NULL,	'N',	150,	'2018-12-13',	'',	' ',	' ',	'15-18 2018-12-13',	NULL,	NULL,	NULL,	'rating',	'face',	'2018-12-03',	3,	UNHEX('4D')),
(585,	54,	34,	236,	'Average',	'0',	'148',	'2018-12-13 17:32:33',	'Y',	143,	NULL,	'N',	150,	'2018-12-13',	'',	' ',	' ',	'15-18 2018-12-13',	NULL,	NULL,	NULL,	'rating',	'face',	'2018-12-03',	3,	UNHEX('4D')),
(586,	54,	34,	236,	'Average',	'0',	'148',	'2018-12-13 17:32:33',	'Y',	144,	NULL,	'N',	150,	'2018-12-13',	'',	' ',	' ',	'15-18 2018-12-13',	NULL,	NULL,	NULL,	'rating',	'face',	'2018-12-03',	3,	UNHEX('4D')),
(587,	54,	34,	236,	'Average',	'0',	'148',	'2018-12-13 17:32:33',	'Y',	145,	NULL,	'N',	150,	'2018-12-13',	'',	' ',	' ',	'15-18 2018-12-13',	NULL,	NULL,	NULL,	'rating',	'face',	'2018-12-03',	3,	UNHEX('4D')),
(588,	54,	34,	239,	'Very Poor',	'0',	'148',	'2018-12-13 18:03:54',	'N',	138,	NULL,	'Y',	150,	'2018-12-13',	'',	' ',	' ',	'18-21 2018-12-13',	NULL,	NULL,	NULL,	'rating',	'face',	'2018-12-03',	5,	UNHEX('4E')),
(589,	54,	34,	239,	'Very Poor',	'0',	'148',	'2018-12-13 18:03:54',	'N',	139,	NULL,	'Y',	150,	'2018-12-13',	'',	' ',	' ',	'18-21 2018-12-13',	NULL,	NULL,	NULL,	'rating',	'face',	'2018-12-03',	5,	UNHEX('4E')),
(590,	54,	34,	239,	'Very Poor',	'0',	'148',	'2018-12-13 18:05:14',	'N',	138,	NULL,	'Y',	150,	'2018-12-13',	'',	' ',	' ',	'18-21 2018-12-13',	NULL,	NULL,	NULL,	'rating',	'face',	'2018-12-03',	5,	UNHEX('4E')),
(591,	54,	34,	239,	'Very Poor',	'0',	'148',	'2018-12-13 18:05:14',	'N',	139,	NULL,	'Y',	150,	'2018-12-13',	'',	' ',	' ',	'18-21 2018-12-13',	NULL,	NULL,	NULL,	'rating',	'face',	'2018-12-03',	5,	UNHEX('4E')),
(592,	54,	34,	239,	'Very Poor',	'1',	'148',	'2018-12-13 18:05:46',	'N',	0,	NULL,	'Y',	150,	'2018-12-13',	'',	' ',	' ',	'18-21 2018-12-13',	NULL,	NULL,	NULL,	'rating',	'face',	'2018-12-03',	5,	UNHEX('4E')),
(593,	54,	34,	239,	'Very Poor',	'1',	'148',	'2018-12-13 18:06:23',	'N',	0,	NULL,	'Y',	150,	'2018-12-13',	'fgghhh',	' ',	' ',	'18-21 2018-12-13',	NULL,	NULL,	NULL,	'rating',	'face',	'2018-12-03',	5,	UNHEX('4E')),
(594,	89,	69,	240,	'Poor',	'0',	'',	'2018-12-14 10:53:33',	'N',	146,	'2018-12-14',	'Y',	249,	'2018-12-14',	NULL,	NULL,	NULL,	'09-12 2018-12-14',	NULL,	NULL,	NULL,	'rating',	NULL,	'2018-12-03',	NULL,	UNHEX('4E')),
(595,	89,	69,	240,	'Average',	'1',	'247',	'2018-12-14 11:00:35',	'Y',	147,	NULL,	'N',	249,	'2018-12-14',	NULL,	NULL,	NULL,	'09-12 2018-12-14',	NULL,	NULL,	NULL,	'rating',	NULL,	'2018-12-03',	NULL,	UNHEX('4D')),
(596,	89,	69,	240,	'Poor',	'1',	'',	'2018-12-14 11:02:28',	'N',	147,	'2018-12-14',	'Y',	249,	'2018-12-14',	NULL,	NULL,	NULL,	'09-12 2018-12-14',	NULL,	NULL,	NULL,	'rating',	NULL,	'2018-12-03',	NULL,	UNHEX('4E')),
(597,	89,	69,	240,	'Poor',	'0',	'247',	'2018-12-14 11:03:07',	'N',	146,	NULL,	'Y',	249,	'2018-12-14',	NULL,	NULL,	NULL,	'09-12 2018-12-14',	NULL,	NULL,	NULL,	'rating',	NULL,	'2018-12-03',	NULL,	UNHEX('4E')),
(598,	89,	69,	240,	'Good',	'0',	'',	'2018-12-14 11:03:41',	'N',	147,	'2018-12-14',	'Y',	249,	'2018-12-14',	NULL,	NULL,	NULL,	'09-12 2018-12-14',	NULL,	NULL,	NULL,	'rating',	NULL,	'2018-12-03',	NULL,	UNHEX('50')),
(599,	89,	69,	240,	'Excellent',	'1',	'',	'2018-12-14 11:04:22',	'N',	146,	'2018-12-14',	'Y',	249,	'2018-12-14',	NULL,	NULL,	NULL,	'09-12 2018-12-14',	NULL,	NULL,	NULL,	'rating',	NULL,	'2018-12-03',	NULL,	UNHEX('50')),
(600,	89,	69,	240,	'Poor',	'1',	'247',	'2018-12-14 11:12:37',	'N',	146,	NULL,	'Y',	249,	'2018-12-14',	NULL,	NULL,	NULL,	'09-12 2018-12-14',	NULL,	NULL,	NULL,	'rating',	NULL,	'2018-12-03',	NULL,	UNHEX('4E')),
(601,	89,	69,	240,	'Excellent',	'1',	'247',	'2018-12-14 11:14:26',	'N',	146,	NULL,	'Y',	249,	'2018-12-14',	NULL,	NULL,	NULL,	'09-12 2018-12-14',	NULL,	NULL,	NULL,	'rating',	NULL,	'2018-12-03',	NULL,	UNHEX('50')),
(602,	89,	69,	240,	'Good',	'0',	'247',	'2018-12-14 11:31:49',	'N',	146,	NULL,	'Y',	249,	'2018-12-14',	NULL,	NULL,	NULL,	'09-12 2018-12-14',	NULL,	NULL,	NULL,	'rating',	NULL,	'2018-12-03',	NULL,	UNHEX('50')),
(603,	54,	34,	239,	'good',	'1',	'148',	'2018-12-14 11:39:43',	'N',	0,	NULL,	'Y',	150,	'2018-12-14',	'',	' ',	' ',	'09-12 2018-12-14',	NULL,	NULL,	NULL,	'rating',	'face',	'2018-12-03',	2,	UNHEX('50')),
(604,	54,	34,	239,	'Average',	'1',	'148',	'2018-12-14 12:12:11',	'N',	0,	NULL,	'Y',	150,	'2018-12-14',	'?bmhbhm',	' ',	' ',	'12-03 2018-12-14',	NULL,	NULL,	NULL,	'rating',	'face',	'2018-12-03',	3,	UNHEX('4D')),
(605,	54,	34,	239,	'good',	'1',	'148',	'2018-12-15 15:19:14',	'N',	0,	NULL,	'Y',	150,	'2018-12-15',	'',	' ',	' ',	'15-18 2018-12-15',	NULL,	NULL,	NULL,	'rating',	'face',	'2018-12-03',	2,	UNHEX('50')),
(606,	54,	34,	239,	'good',	'1',	'148',	'2018-12-15 15:19:35',	'N',	0,	NULL,	'Y',	150,	'2018-12-15',	'',	' ',	' ',	'15-18 2018-12-15',	NULL,	NULL,	NULL,	'rating',	'face',	'2018-12-03',	2,	UNHEX('50')),
(607,	54,	34,	239,	'good',	'1',	'148',	'2018-12-15 15:47:21',	'N',	0,	NULL,	'Y',	150,	'2018-12-15',	'',	' ',	' ',	'15-18 2018-12-15',	NULL,	NULL,	NULL,	'rating',	'face',	'2018-12-03',	2,	UNHEX('50')),
(608,	54,	34,	239,	'excellent',	'1',	'148',	'2018-12-15 15:47:25',	'N',	0,	NULL,	'Y',	150,	'2018-12-15',	'',	' ',	' ',	'15-18 2018-12-15',	NULL,	NULL,	NULL,	'rating',	'face',	'2018-12-03',	1,	UNHEX('50')),
(609,	54,	34,	239,	'Average',	'0',	'148',	'2018-12-15 17:26:50',	'N',	138,	NULL,	'Y',	150,	'2018-12-15',	'',	' ',	' ',	'15-18 2018-12-15',	NULL,	NULL,	NULL,	'rating',	'face',	'2018-12-03',	3,	UNHEX('4D')),
(610,	54,	34,	239,	'Average',	'0',	'148',	'2018-12-15 17:26:50',	'N',	144,	NULL,	'Y',	150,	'2018-12-15',	'',	' ',	' ',	'15-18 2018-12-15',	NULL,	NULL,	NULL,	'rating',	'face',	'2018-12-03',	3,	UNHEX('4D')),
(611,	54,	34,	239,	'Average',	'0',	'148',	'2018-12-15 17:26:50',	'N',	145,	NULL,	'Y',	150,	'2018-12-15',	'',	' ',	' ',	'15-18 2018-12-15',	NULL,	NULL,	NULL,	'rating',	'face',	'2018-12-03',	3,	UNHEX('4D')),
(612,	54,	34,	239,	'Very Poor',	'0',	'148',	'2018-12-15 17:39:04',	'N',	139,	NULL,	'Y',	150,	'2018-12-15',	'',	' ',	' ',	'15-18 2018-12-15',	NULL,	NULL,	NULL,	'rating',	'face',	'2018-12-03',	5,	UNHEX('4E')),
(613,	54,	34,	239,	'Very Poor',	'0',	'148',	'2018-12-15 17:39:04',	'Y',	142,	NULL,	'N',	150,	'2018-12-15',	'',	' ',	' ',	'15-18 2018-12-15',	NULL,	NULL,	NULL,	'rating',	'face',	'2018-12-03',	5,	UNHEX('4E')),
(614,	54,	34,	239,	'Very Poor',	'0',	'148',	'2018-12-15 17:39:04',	'Y',	143,	NULL,	'N',	150,	'2018-12-15',	'',	' ',	' ',	'15-18 2018-12-15',	NULL,	NULL,	NULL,	'rating',	'face',	'2018-12-03',	5,	UNHEX('4E')),
(615,	54,	34,	241,	'Very Poor',	'0',	'148',	'2018-12-15 17:45:54',	'Y',	138,	NULL,	'N',	150,	'2018-12-15',	'',	' ',	' ',	'15-18 2018-12-15',	NULL,	NULL,	NULL,	'rating',	'face',	'2018-12-03',	5,	UNHEX('4E')),
(616,	54,	34,	241,	'Very Poor',	'0',	'148',	'2018-12-15 17:45:54',	'Y',	139,	NULL,	'N',	150,	'2018-12-15',	'',	' ',	' ',	'15-18 2018-12-15',	NULL,	NULL,	NULL,	'rating',	'face',	'2018-12-03',	5,	UNHEX('4E')),
(617,	54,	34,	241,	'Very Poor',	'0',	'148',	'2018-12-15 17:45:55',	'Y',	138,	NULL,	'N',	150,	'2018-12-15',	'',	' ',	' ',	'15-18 2018-12-15',	NULL,	NULL,	NULL,	'rating',	'face',	'2018-12-03',	5,	UNHEX('4E')),
(618,	54,	34,	241,	'Very Poor',	'0',	'148',	'2018-12-15 17:45:55',	'Y',	139,	NULL,	'N',	150,	'2018-12-15',	'',	' ',	' ',	'15-18 2018-12-15',	NULL,	NULL,	NULL,	'rating',	'face',	'2018-12-03',	5,	UNHEX('4E')),
(619,	54,	34,	241,	'Very Poor',	'0',	'148',	'2018-12-15 17:45:55',	'Y',	138,	NULL,	'N',	150,	'2018-12-15',	'',	' ',	' ',	'15-18 2018-12-15',	NULL,	NULL,	NULL,	'rating',	'face',	'2018-12-03',	5,	UNHEX('4E')),
(620,	54,	34,	241,	'Very Poor',	'0',	'148',	'2018-12-15 17:45:55',	'Y',	139,	NULL,	'N',	150,	'2018-12-15',	'',	' ',	' ',	'15-18 2018-12-15',	NULL,	NULL,	NULL,	'rating',	'face',	'2018-12-03',	5,	UNHEX('4E')),
(621,	54,	34,	239,	'excellent',	'1',	'148',	'2018-12-18 15:13:31',	'Y',	0,	NULL,	'N',	150,	'2018-12-18',	'',	' ',	' ',	'15-18 2018-12-18',	NULL,	NULL,	NULL,	'rating',	'face',	'2018-12-04',	1,	UNHEX('50')),
(622,	54,	34,	239,	'excellent',	'1',	'148',	'2018-12-18 15:13:31',	'Y',	0,	NULL,	'N',	150,	'2018-12-18',	'',	' ',	' ',	'15-18 2018-12-18',	NULL,	NULL,	NULL,	'rating',	'face',	'2018-12-04',	1,	UNHEX('50')),
(623,	54,	34,	239,	'Average',	'0',	'148',	'2018-12-18 15:13:31',	'Y',	144,	NULL,	'N',	150,	'2018-12-18',	'',	' ',	' ',	'15-18 2018-12-18',	NULL,	NULL,	NULL,	'rating',	'face',	'2018-12-04',	3,	UNHEX('4D')),
(624,	54,	34,	239,	'Average',	'0',	'148',	'2018-12-18 15:13:31',	'Y',	144,	NULL,	'N',	150,	'2018-12-18',	'',	' ',	' ',	'15-18 2018-12-18',	NULL,	NULL,	NULL,	'rating',	'face',	'2018-12-04',	3,	UNHEX('4D')),
(625,	54,	34,	239,	'Average',	'0',	'148',	'2018-12-18 15:13:31',	'Y',	144,	NULL,	'N',	150,	'2018-12-18',	'',	' ',	' ',	'15-18 2018-12-18',	NULL,	NULL,	NULL,	'rating',	'face',	'2018-12-04',	3,	UNHEX('4D')),
(626,	54,	34,	239,	'Average',	'0',	'148',	'2018-12-18 15:13:31',	'Y',	144,	NULL,	'N',	150,	'2018-12-18',	'',	' ',	' ',	'15-18 2018-12-18',	NULL,	NULL,	NULL,	'rating',	'face',	'2018-12-04',	3,	UNHEX('4D')),
(627,	54,	34,	239,	'Poor',	'0',	'148',	'2018-12-18 15:13:31',	'Y',	144,	NULL,	'N',	150,	'2018-12-18',	'',	' ',	' ',	'15-18 2018-12-18',	NULL,	NULL,	NULL,	'rating',	'face',	'2018-12-04',	4,	UNHEX('4E')),
(628,	54,	34,	239,	'Poor',	'0',	'148',	'2018-12-18 15:13:31',	'Y',	145,	NULL,	'N',	150,	'2018-12-18',	'',	' ',	' ',	'15-18 2018-12-18',	NULL,	NULL,	NULL,	'rating',	'face',	'2018-12-04',	4,	UNHEX('4E')),
(629,	54,	34,	239,	'Poor',	'0',	'148',	'2018-12-18 15:13:31',	'Y',	144,	NULL,	'N',	150,	'2018-12-18',	'',	' ',	' ',	'15-18 2018-12-18',	NULL,	NULL,	NULL,	'rating',	'face',	'2018-12-04',	4,	UNHEX('4E')),
(630,	54,	34,	239,	'Poor',	'0',	'148',	'2018-12-18 15:13:31',	'Y',	145,	NULL,	'N',	150,	'2018-12-18',	'',	' ',	' ',	'15-18 2018-12-18',	NULL,	NULL,	NULL,	'rating',	'face',	'2018-12-04',	4,	UNHEX('4E')),
(631,	54,	34,	239,	'Poor',	'0',	'148',	'2018-12-18 15:13:31',	'Y',	144,	NULL,	'N',	150,	'2018-12-18',	'',	' ',	' ',	'15-18 2018-12-18',	NULL,	NULL,	NULL,	'rating',	'face',	'2018-12-04',	4,	UNHEX('4E')),
(632,	54,	34,	239,	'Poor',	'0',	'148',	'2018-12-18 15:13:31',	'Y',	145,	NULL,	'N',	150,	'2018-12-18',	'',	' ',	' ',	'15-18 2018-12-18',	NULL,	NULL,	NULL,	'rating',	'face',	'2018-12-04',	4,	UNHEX('4E')),
(633,	54,	34,	239,	'Poor',	'0',	'148',	'2018-12-18 15:13:31',	'Y',	144,	NULL,	'N',	150,	'2018-12-18',	'',	' ',	' ',	'15-18 2018-12-18',	NULL,	NULL,	NULL,	'rating',	'face',	'2018-12-04',	4,	UNHEX('4E')),
(634,	54,	34,	239,	'Poor',	'0',	'148',	'2018-12-18 15:13:31',	'Y',	145,	NULL,	'N',	150,	'2018-12-18',	'',	' ',	' ',	'15-18 2018-12-18',	NULL,	NULL,	NULL,	'rating',	'face',	'2018-12-04',	4,	UNHEX('4E')),
(635,	54,	34,	239,	'Poor',	'0',	'148',	'2018-12-18 15:13:31',	'Y',	144,	NULL,	'N',	150,	'2018-12-18',	'',	' ',	' ',	'15-18 2018-12-18',	NULL,	NULL,	NULL,	'rating',	'face',	'2018-12-04',	4,	UNHEX('4E')),
(636,	54,	34,	239,	'Poor',	'0',	'148',	'2018-12-18 15:13:31',	'Y',	145,	NULL,	'N',	150,	'2018-12-18',	'',	' ',	' ',	'15-18 2018-12-18',	NULL,	NULL,	NULL,	'rating',	'face',	'2018-12-04',	4,	UNHEX('4E')),
(637,	54,	34,	239,	'Poor',	'0',	'148',	'2018-12-18 15:13:31',	'Y',	144,	NULL,	'N',	150,	'2018-12-18',	'',	' ',	' ',	'15-18 2018-12-18',	NULL,	NULL,	NULL,	'rating',	'face',	'2018-12-04',	4,	UNHEX('4E')),
(638,	54,	34,	239,	'Poor',	'0',	'148',	'2018-12-18 15:13:31',	'Y',	145,	NULL,	'N',	150,	'2018-12-18',	'',	' ',	' ',	'15-18 2018-12-18',	NULL,	NULL,	NULL,	'rating',	'face',	'2018-12-04',	4,	UNHEX('4E')),
(639,	54,	34,	239,	'Very Poor',	'0',	'148',	'2018-12-18 15:13:31',	'Y',	144,	NULL,	'N',	150,	'2018-12-18',	'',	' ',	' ',	'15-18 2018-12-18',	NULL,	NULL,	NULL,	'rating',	'face',	'2018-12-04',	5,	UNHEX('4E')),
(640,	54,	34,	239,	'Very Poor',	'0',	'148',	'2018-12-18 15:13:31',	'Y',	145,	NULL,	'N',	150,	'2018-12-18',	'',	' ',	' ',	'15-18 2018-12-18',	NULL,	NULL,	NULL,	'rating',	'face',	'2018-12-04',	5,	UNHEX('4E')),
(641,	54,	34,	239,	'Very Poor',	'0',	'148',	'2018-12-18 15:13:31',	'Y',	144,	NULL,	'N',	150,	'2018-12-18',	'',	' ',	' ',	'15-18 2018-12-18',	NULL,	NULL,	NULL,	'rating',	'face',	'2018-12-04',	5,	UNHEX('4E')),
(642,	54,	34,	239,	'Very Poor',	'0',	'148',	'2018-12-18 15:13:31',	'Y',	145,	NULL,	'N',	150,	'2018-12-18',	'',	' ',	' ',	'15-18 2018-12-18',	NULL,	NULL,	NULL,	'rating',	'face',	'2018-12-04',	5,	UNHEX('4E')),
(643,	54,	34,	239,	'Very Poor',	'0',	'148',	'2018-12-18 15:13:31',	'Y',	144,	NULL,	'N',	150,	'2018-12-18',	'',	' ',	' ',	'15-18 2018-12-18',	NULL,	NULL,	NULL,	'rating',	'face',	'2018-12-04',	5,	UNHEX('4E')),
(644,	54,	34,	239,	'Very Poor',	'0',	'148',	'2018-12-18 15:13:31',	'Y',	145,	NULL,	'N',	150,	'2018-12-18',	'',	' ',	' ',	'15-18 2018-12-18',	NULL,	NULL,	NULL,	'rating',	'face',	'2018-12-04',	5,	UNHEX('4E')),
(645,	54,	34,	239,	'Very Poor',	'0',	'148',	'2018-12-18 15:13:31',	'Y',	144,	NULL,	'N',	150,	'2018-12-18',	'',	' ',	' ',	'15-18 2018-12-18',	NULL,	NULL,	NULL,	'rating',	'face',	'2018-12-04',	5,	UNHEX('4E')),
(646,	54,	34,	239,	'Very Poor',	'0',	'148',	'2018-12-18 15:13:31',	'Y',	145,	NULL,	'N',	150,	'2018-12-18',	'',	' ',	' ',	'15-18 2018-12-18',	NULL,	NULL,	NULL,	'rating',	'face',	'2018-12-04',	5,	UNHEX('4E')),
(647,	54,	34,	239,	'Very Poor',	'0',	'148',	'2018-12-18 15:13:31',	'Y',	144,	NULL,	'N',	150,	'2018-12-18',	'',	' ',	' ',	'15-18 2018-12-18',	NULL,	NULL,	NULL,	'rating',	'face',	'2018-12-04',	5,	UNHEX('4E')),
(648,	54,	34,	239,	'Very Poor',	'0',	'148',	'2018-12-18 15:13:31',	'Y',	145,	NULL,	'N',	150,	'2018-12-18',	'',	' ',	' ',	'15-18 2018-12-18',	NULL,	NULL,	NULL,	'rating',	'face',	'2018-12-04',	5,	UNHEX('4E')),
(649,	54,	34,	239,	'Very Poor',	'0',	'148',	'2018-12-18 15:13:31',	'Y',	144,	NULL,	'N',	150,	'2018-12-18',	'',	' ',	' ',	'15-18 2018-12-18',	NULL,	NULL,	NULL,	'rating',	'face',	'2018-12-04',	5,	UNHEX('4E')),
(650,	54,	34,	239,	'Very Poor',	'0',	'148',	'2018-12-18 15:13:31',	'Y',	145,	NULL,	'N',	150,	'2018-12-18',	'',	' ',	' ',	'15-18 2018-12-18',	NULL,	NULL,	NULL,	'rating',	'face',	'2018-12-04',	5,	UNHEX('4E')),
(651,	54,	34,	239,	'Very Poor',	'0',	'148',	'2018-12-18 15:13:31',	'Y',	144,	NULL,	'N',	150,	'2018-12-18',	'',	' ',	' ',	'15-18 2018-12-18',	NULL,	NULL,	NULL,	'rating',	'face',	'2018-12-04',	5,	UNHEX('4E')),
(652,	54,	34,	239,	'Very Poor',	'0',	'148',	'2018-12-18 15:13:31',	'Y',	145,	NULL,	'N',	150,	'2018-12-18',	'',	' ',	' ',	'15-18 2018-12-18',	NULL,	NULL,	NULL,	'rating',	'face',	'2018-12-04',	5,	UNHEX('4E')),
(653,	54,	34,	239,	'Very Poor',	'0',	'148',	'2018-12-18 15:13:31',	'Y',	144,	NULL,	'N',	150,	'2018-12-18',	'',	' ',	' ',	'15-18 2018-12-18',	NULL,	NULL,	NULL,	'rating',	'face',	'2018-12-04',	5,	UNHEX('4E')),
(654,	54,	34,	239,	'Very Poor',	'0',	'148',	'2018-12-18 15:13:31',	'Y',	145,	NULL,	'N',	150,	'2018-12-18',	'',	' ',	' ',	'15-18 2018-12-18',	NULL,	NULL,	NULL,	'rating',	'face',	'2018-12-04',	5,	UNHEX('4E')),
(655,	54,	34,	239,	'Very Poor',	'0',	'148',	'2018-12-18 15:13:31',	'Y',	144,	NULL,	'N',	150,	'2018-12-18',	'',	' ',	' ',	'15-18 2018-12-18',	NULL,	NULL,	NULL,	'rating',	'face',	'2018-12-04',	5,	UNHEX('4E')),
(656,	54,	34,	239,	'Very Poor',	'0',	'148',	'2018-12-18 15:13:31',	'Y',	145,	NULL,	'N',	150,	'2018-12-18',	'',	' ',	' ',	'15-18 2018-12-18',	NULL,	NULL,	NULL,	'rating',	'face',	'2018-12-04',	5,	UNHEX('4E')),
(657,	54,	34,	239,	'Very Poor',	'0',	'148',	'2018-12-18 15:13:31',	'Y',	144,	NULL,	'N',	150,	'2018-12-18',	'khkjbbku',	' ',	' ',	'15-18 2018-12-18',	NULL,	NULL,	NULL,	'rating',	'face',	'2018-12-04',	5,	UNHEX('4E')),
(658,	54,	34,	239,	'Very Poor',	'0',	'148',	'2018-12-18 15:13:31',	'Y',	145,	NULL,	'N',	150,	'2018-12-18',	'khkjbbku',	' ',	' ',	'15-18 2018-12-18',	NULL,	NULL,	NULL,	'rating',	'face',	'2018-12-04',	5,	UNHEX('4E')),
(659,	54,	34,	239,	'Very Poor',	'0',	'148',	'2018-12-18 15:13:32',	'Y',	144,	NULL,	'N',	150,	'2018-12-18',	'',	' ',	' ',	'15-18 2018-12-18',	NULL,	NULL,	NULL,	'rating',	'face',	'2018-12-04',	5,	UNHEX('4E')),
(660,	54,	34,	239,	'Very Poor',	'0',	'148',	'2018-12-18 15:13:32',	'Y',	145,	NULL,	'N',	150,	'2018-12-18',	'',	' ',	' ',	'15-18 2018-12-18',	NULL,	NULL,	NULL,	'rating',	'face',	'2018-12-04',	5,	UNHEX('4E')),
(661,	54,	34,	239,	'Very Poor',	'0',	'148',	'2018-12-18 15:13:32',	'Y',	144,	NULL,	'N',	150,	'2018-12-18',	'',	' ',	' ',	'15-18 2018-12-18',	NULL,	NULL,	NULL,	'rating',	'face',	'2018-12-04',	5,	UNHEX('4E')),
(662,	54,	34,	239,	'Very Poor',	'0',	'148',	'2018-12-18 15:13:32',	'Y',	145,	NULL,	'N',	150,	'2018-12-18',	'',	' ',	' ',	'15-18 2018-12-18',	NULL,	NULL,	NULL,	'rating',	'face',	'2018-12-04',	5,	UNHEX('4E')),
(663,	54,	34,	239,	'Very Poor',	'0',	'148',	'2018-12-18 15:13:32',	'Y',	144,	NULL,	'N',	150,	'2018-12-18',	'',	' ',	' ',	'15-18 2018-12-18',	NULL,	NULL,	NULL,	'rating',	'face',	'2018-12-04',	5,	UNHEX('4E')),
(664,	54,	34,	239,	'Very Poor',	'0',	'148',	'2018-12-18 15:13:32',	'Y',	145,	NULL,	'N',	150,	'2018-12-18',	'',	' ',	' ',	'15-18 2018-12-18',	NULL,	NULL,	NULL,	'rating',	'face',	'2018-12-04',	5,	UNHEX('4E')),
(665,	54,	34,	239,	'Very Poor',	'0',	'148',	'2018-12-18 15:13:32',	'Y',	144,	NULL,	'N',	150,	'2018-12-18',	'',	' ',	' ',	'15-18 2018-12-18',	NULL,	NULL,	NULL,	'rating',	'face',	'2018-12-04',	5,	UNHEX('4E')),
(666,	54,	34,	239,	'Very Poor',	'0',	'148',	'2018-12-18 15:13:32',	'Y',	145,	NULL,	'N',	150,	'2018-12-18',	'',	' ',	' ',	'15-18 2018-12-18',	NULL,	NULL,	NULL,	'rating',	'face',	'2018-12-04',	5,	UNHEX('4E')),
(667,	54,	34,	239,	'Very Poor',	'0',	'148',	'2018-12-18 15:13:32',	'Y',	144,	NULL,	'N',	150,	'2018-12-18',	'',	' ',	' ',	'15-18 2018-12-18',	NULL,	NULL,	NULL,	'rating',	'face',	'2018-12-04',	5,	UNHEX('4E')),
(668,	54,	34,	239,	'Very Poor',	'0',	'148',	'2018-12-18 15:13:32',	'Y',	145,	NULL,	'N',	150,	'2018-12-18',	'',	' ',	' ',	'15-18 2018-12-18',	NULL,	NULL,	NULL,	'rating',	'face',	'2018-12-04',	5,	UNHEX('4E')),
(669,	54,	34,	239,	'Very Poor',	'0',	'148',	'2018-12-18 15:13:32',	'Y',	144,	NULL,	'N',	150,	'2018-12-18',	'',	' ',	' ',	'15-18 2018-12-18',	NULL,	NULL,	NULL,	'rating',	'face',	'2018-12-04',	5,	UNHEX('4E')),
(670,	54,	34,	239,	'Very Poor',	'0',	'148',	'2018-12-18 15:13:32',	'Y',	145,	NULL,	'N',	150,	'2018-12-18',	'',	' ',	' ',	'15-18 2018-12-18',	NULL,	NULL,	NULL,	'rating',	'face',	'2018-12-04',	5,	UNHEX('4E')),
(671,	54,	34,	239,	'Very Poor',	'0',	'148',	'2018-12-18 15:13:32',	'Y',	144,	NULL,	'N',	150,	'2018-12-18',	'',	' ',	' ',	'15-18 2018-12-18',	NULL,	NULL,	NULL,	'rating',	'face',	'2018-12-04',	5,	UNHEX('4E')),
(672,	54,	34,	239,	'Very Poor',	'0',	'148',	'2018-12-18 15:13:32',	'Y',	145,	NULL,	'N',	150,	'2018-12-18',	'',	' ',	' ',	'15-18 2018-12-18',	NULL,	NULL,	NULL,	'rating',	'face',	'2018-12-04',	5,	UNHEX('4E')),
(673,	54,	34,	239,	'Very Poor',	'0',	'148',	'2018-12-18 15:13:32',	'Y',	144,	NULL,	'N',	150,	'2018-12-18',	'',	' ',	' ',	'15-18 2018-12-18',	NULL,	NULL,	NULL,	'rating',	'face',	'2018-12-04',	5,	UNHEX('4E')),
(674,	54,	34,	239,	'Very Poor',	'0',	'148',	'2018-12-18 15:13:32',	'Y',	145,	NULL,	'N',	150,	'2018-12-18',	'',	' ',	' ',	'15-18 2018-12-18',	NULL,	NULL,	NULL,	'rating',	'face',	'2018-12-04',	5,	UNHEX('4E')),
(675,	54,	34,	239,	'Very Poor',	'0',	'148',	'2018-12-18 15:13:32',	'Y',	144,	NULL,	'N',	150,	'2018-12-18',	'',	' ',	' ',	'15-18 2018-12-18',	NULL,	NULL,	NULL,	'rating',	'face',	'2018-12-04',	5,	UNHEX('4E')),
(676,	54,	34,	239,	'Very Poor',	'0',	'148',	'2018-12-18 15:13:32',	'Y',	145,	NULL,	'N',	150,	'2018-12-18',	'',	' ',	' ',	'15-18 2018-12-18',	NULL,	NULL,	NULL,	'rating',	'face',	'2018-12-04',	5,	UNHEX('4E')),
(677,	54,	34,	239,	'Very Poor',	'0',	'148',	'2018-12-18 15:13:32',	'Y',	144,	NULL,	'N',	150,	'2018-12-18',	'',	' ',	' ',	'15-18 2018-12-18',	NULL,	NULL,	NULL,	'rating',	'face',	'2018-12-04',	5,	UNHEX('4E')),
(678,	54,	34,	239,	'Very Poor',	'0',	'148',	'2018-12-18 15:13:32',	'Y',	145,	NULL,	'N',	150,	'2018-12-18',	'',	' ',	' ',	'15-18 2018-12-18',	NULL,	NULL,	NULL,	'rating',	'face',	'2018-12-04',	5,	UNHEX('4E')),
(679,	54,	34,	239,	'Very Poor',	'0',	'148',	'2018-12-18 15:13:32',	'Y',	144,	NULL,	'N',	150,	'2018-12-18',	'',	' ',	' ',	'15-18 2018-12-18',	NULL,	NULL,	NULL,	'rating',	'face',	'2018-12-04',	5,	UNHEX('4E')),
(680,	54,	34,	239,	'Very Poor',	'0',	'148',	'2018-12-18 15:13:32',	'Y',	145,	NULL,	'N',	150,	'2018-12-18',	'',	' ',	' ',	'15-18 2018-12-18',	NULL,	NULL,	NULL,	'rating',	'face',	'2018-12-04',	5,	UNHEX('4E')),
(681,	54,	34,	239,	'Very Poor',	'0',	'148',	'2018-12-18 15:13:32',	'Y',	144,	NULL,	'N',	150,	'2018-12-18',	'',	' ',	' ',	'15-18 2018-12-18',	NULL,	NULL,	NULL,	'rating',	'face',	'2018-12-04',	5,	UNHEX('4E')),
(682,	54,	34,	239,	'Very Poor',	'0',	'148',	'2018-12-18 15:13:32',	'Y',	145,	NULL,	'N',	150,	'2018-12-18',	'',	' ',	' ',	'15-18 2018-12-18',	NULL,	NULL,	NULL,	'rating',	'face',	'2018-12-04',	5,	UNHEX('4E')),
(683,	54,	34,	239,	'Very Poor',	'0',	'148',	'2018-12-18 15:13:32',	'Y',	144,	NULL,	'N',	150,	'2018-12-18',	'',	' ',	' ',	'15-18 2018-12-18',	NULL,	NULL,	NULL,	'rating',	'face',	'2018-12-04',	5,	UNHEX('4E')),
(684,	54,	34,	239,	'Very Poor',	'0',	'148',	'2018-12-18 15:13:32',	'Y',	145,	NULL,	'N',	150,	'2018-12-18',	'',	' ',	' ',	'15-18 2018-12-18',	NULL,	NULL,	NULL,	'rating',	'face',	'2018-12-04',	5,	UNHEX('4E')),
(685,	54,	34,	239,	'Very Poor',	'0',	'148',	'2018-12-18 15:13:32',	'Y',	144,	NULL,	'N',	150,	'2018-12-18',	'',	' ',	' ',	'15-18 2018-12-18',	NULL,	NULL,	NULL,	'rating',	'face',	'2018-12-04',	5,	UNHEX('4E')),
(686,	54,	34,	239,	'Very Poor',	'0',	'148',	'2018-12-18 15:13:32',	'Y',	145,	NULL,	'N',	150,	'2018-12-18',	'',	' ',	' ',	'15-18 2018-12-18',	NULL,	NULL,	NULL,	'rating',	'face',	'2018-12-04',	5,	UNHEX('4E')),
(687,	54,	34,	239,	'Very Poor',	'0',	'148',	'2018-12-18 15:13:32',	'Y',	144,	NULL,	'N',	150,	'2018-12-18',	'',	' ',	' ',	'15-18 2018-12-18',	NULL,	NULL,	NULL,	'rating',	'face',	'2018-12-04',	5,	UNHEX('4E')),
(688,	54,	34,	239,	'Very Poor',	'0',	'148',	'2018-12-18 15:13:32',	'Y',	145,	NULL,	'N',	150,	'2018-12-18',	'',	' ',	' ',	'15-18 2018-12-18',	NULL,	NULL,	NULL,	'rating',	'face',	'2018-12-04',	5,	UNHEX('4E')),
(689,	54,	34,	239,	'Very Poor',	'0',	'148',	'2018-12-18 15:13:32',	'Y',	144,	NULL,	'N',	150,	'2018-12-18',	'',	' ',	' ',	'15-18 2018-12-18',	NULL,	NULL,	NULL,	'rating',	'face',	'2018-12-04',	5,	UNHEX('4E')),
(690,	54,	34,	239,	'Very Poor',	'0',	'148',	'2018-12-18 15:13:32',	'Y',	145,	NULL,	'N',	150,	'2018-12-18',	'',	' ',	' ',	'15-18 2018-12-18',	NULL,	NULL,	NULL,	'rating',	'face',	'2018-12-04',	5,	UNHEX('4E')),
(691,	54,	34,	239,	'Very Poor',	'0',	'148',	'2018-12-18 15:13:32',	'Y',	144,	NULL,	'N',	150,	'2018-12-18',	'',	' ',	' ',	'15-18 2018-12-18',	NULL,	NULL,	NULL,	'rating',	'face',	'2018-12-04',	5,	UNHEX('4E')),
(692,	54,	34,	239,	'Very Poor',	'0',	'148',	'2018-12-18 15:13:32',	'Y',	145,	NULL,	'N',	150,	'2018-12-18',	'',	' ',	' ',	'15-18 2018-12-18',	NULL,	NULL,	NULL,	'rating',	'face',	'2018-12-04',	5,	UNHEX('4E')),
(693,	54,	34,	239,	'Very Poor',	'0',	'148',	'2018-12-18 15:13:32',	'Y',	144,	NULL,	'N',	150,	'2018-12-18',	'',	' ',	' ',	'15-18 2018-12-18',	NULL,	NULL,	NULL,	'rating',	'face',	'2018-12-04',	5,	UNHEX('4E')),
(694,	54,	34,	239,	'Very Poor',	'0',	'148',	'2018-12-18 15:13:32',	'Y',	145,	NULL,	'N',	150,	'2018-12-18',	'',	' ',	' ',	'15-18 2018-12-18',	NULL,	NULL,	NULL,	'rating',	'face',	'2018-12-04',	5,	UNHEX('4E')),
(695,	54,	34,	239,	'Very Poor',	'0',	'148',	'2018-12-18 15:13:32',	'Y',	144,	NULL,	'N',	150,	'2018-12-18',	'',	' ',	' ',	'15-18 2018-12-18',	NULL,	NULL,	NULL,	'rating',	'face',	'2018-12-04',	5,	UNHEX('4E')),
(696,	54,	34,	239,	'Very Poor',	'0',	'148',	'2018-12-18 15:13:32',	'Y',	145,	NULL,	'N',	150,	'2018-12-18',	'',	' ',	' ',	'15-18 2018-12-18',	NULL,	NULL,	NULL,	'rating',	'face',	'2018-12-04',	5,	UNHEX('4E')),
(697,	54,	34,	239,	'Very Poor',	'0',	'148',	'2018-12-18 15:13:32',	'Y',	144,	NULL,	'N',	150,	'2018-12-18',	'',	' ',	' ',	'15-18 2018-12-18',	NULL,	NULL,	NULL,	'rating',	'face',	'2018-12-04',	5,	UNHEX('4E')),
(698,	54,	34,	239,	'Very Poor',	'0',	'148',	'2018-12-18 15:13:32',	'Y',	145,	NULL,	'N',	150,	'2018-12-18',	'',	' ',	' ',	'15-18 2018-12-18',	NULL,	NULL,	NULL,	'rating',	'face',	'2018-12-04',	5,	UNHEX('4E')),
(699,	54,	34,	239,	'Very Poor',	'0',	'148',	'2018-12-18 15:13:32',	'Y',	144,	NULL,	'N',	150,	'2018-12-18',	'',	' ',	' ',	'15-18 2018-12-18',	NULL,	NULL,	NULL,	'rating',	'face',	'2018-12-04',	5,	UNHEX('4E')),
(700,	54,	34,	239,	'Very Poor',	'0',	'148',	'2018-12-18 15:13:32',	'Y',	145,	NULL,	'N',	150,	'2018-12-18',	'',	' ',	' ',	'15-18 2018-12-18',	NULL,	NULL,	NULL,	'rating',	'face',	'2018-12-04',	5,	UNHEX('4E')),
(701,	54,	34,	239,	'Very Poor',	'0',	'148',	'2018-12-18 15:13:32',	'Y',	144,	NULL,	'N',	150,	'2018-12-18',	'',	' ',	' ',	'15-18 2018-12-18',	NULL,	NULL,	NULL,	'rating',	'face',	'2018-12-04',	5,	UNHEX('4E')),
(702,	54,	34,	239,	'Very Poor',	'0',	'148',	'2018-12-18 15:13:32',	'Y',	145,	NULL,	'N',	150,	'2018-12-18',	'',	' ',	' ',	'15-18 2018-12-18',	NULL,	NULL,	NULL,	'rating',	'face',	'2018-12-04',	5,	UNHEX('4E')),
(703,	54,	34,	239,	'Very Poor',	'0',	'148',	'2018-12-18 15:13:32',	'Y',	144,	NULL,	'N',	150,	'2018-12-18',	'',	' ',	' ',	'15-18 2018-12-18',	NULL,	NULL,	NULL,	'rating',	'face',	'2018-12-04',	5,	UNHEX('4E')),
(704,	54,	34,	239,	'Very Poor',	'0',	'148',	'2018-12-18 15:13:32',	'Y',	145,	NULL,	'N',	150,	'2018-12-18',	'',	' ',	' ',	'15-18 2018-12-18',	NULL,	NULL,	NULL,	'rating',	'face',	'2018-12-04',	5,	UNHEX('4E')),
(705,	54,	34,	239,	'Very Poor',	'0',	'148',	'2018-12-18 15:14:20',	'Y',	145,	NULL,	'N',	150,	'2018-12-18',	'',	' ',	' ',	'15-18 2018-12-18',	NULL,	NULL,	NULL,	'rating',	'face',	'2018-12-04',	5,	UNHEX('4E')),
(706,	54,	34,	239,	'Very Poor',	'0',	'148',	'2018-12-18 15:14:20',	'Y',	145,	NULL,	'N',	150,	'2018-12-18',	'',	' ',	' ',	'15-18 2018-12-18',	NULL,	NULL,	NULL,	'rating',	'face',	'2018-12-04',	5,	UNHEX('4E')),
(707,	54,	34,	239,	'Very Poor',	'0',	'148',	'2018-12-18 15:14:20',	'Y',	145,	NULL,	'N',	150,	'2018-12-18',	'',	' ',	' ',	'15-18 2018-12-18',	NULL,	NULL,	NULL,	'rating',	'face',	'2018-12-04',	5,	UNHEX('4E')),
(708,	54,	34,	239,	'Very Poor',	'0',	'148',	'2018-12-18 15:14:20',	'Y',	145,	NULL,	'N',	150,	'2018-12-18',	'',	' ',	' ',	'15-18 2018-12-18',	NULL,	NULL,	NULL,	'rating',	'face',	'2018-12-04',	5,	UNHEX('4E')),
(709,	54,	34,	239,	'Very Poor',	'0',	'148',	'2018-12-18 15:14:20',	'Y',	145,	NULL,	'N',	150,	'2018-12-18',	'',	' ',	' ',	'15-18 2018-12-18',	NULL,	NULL,	NULL,	'rating',	'face',	'2018-12-04',	5,	UNHEX('4E')),
(710,	54,	34,	239,	'Very Poor',	'0',	'148',	'2018-12-18 15:14:20',	'Y',	145,	NULL,	'N',	150,	'2018-12-18',	'',	' ',	' ',	'15-18 2018-12-18',	NULL,	NULL,	NULL,	'rating',	'face',	'2018-12-04',	5,	UNHEX('4E')),
(711,	54,	34,	239,	'Very Poor',	'0',	'148',	'2018-12-18 15:14:20',	'Y',	145,	NULL,	'N',	150,	'2018-12-18',	'',	' ',	' ',	'15-18 2018-12-18',	NULL,	NULL,	NULL,	'rating',	'face',	'2018-12-04',	5,	UNHEX('4E')),
(712,	54,	34,	239,	'Very Poor',	'0',	'148',	'2018-12-18 15:14:20',	'Y',	145,	NULL,	'N',	150,	'2018-12-18',	'',	' ',	' ',	'15-18 2018-12-18',	NULL,	NULL,	NULL,	'rating',	'face',	'2018-12-04',	5,	UNHEX('4E')),
(713,	54,	34,	239,	'Very Poor',	'0',	'148',	'2018-12-18 15:14:20',	'Y',	145,	NULL,	'N',	150,	'2018-12-18',	'',	' ',	' ',	'15-18 2018-12-18',	NULL,	NULL,	NULL,	'rating',	'face',	'2018-12-04',	5,	UNHEX('4E')),
(714,	54,	34,	239,	'Very Poor',	'0',	'148',	'2018-12-18 15:14:20',	'Y',	145,	NULL,	'N',	150,	'2018-12-18',	'',	' ',	' ',	'15-18 2018-12-18',	NULL,	NULL,	NULL,	'rating',	'face',	'2018-12-04',	5,	UNHEX('4E')),
(715,	54,	34,	239,	'Very Poor',	'0',	'148',	'2018-12-18 15:14:23',	'Y',	145,	NULL,	'N',	150,	'2018-12-18',	'',	' ',	' ',	'15-18 2018-12-18',	NULL,	NULL,	NULL,	'rating',	'face',	'2018-12-04',	5,	UNHEX('4E')),
(716,	54,	34,	239,	'Very Poor',	'0',	'148',	'2018-12-18 15:14:23',	'Y',	145,	NULL,	'N',	150,	'2018-12-18',	'',	' ',	' ',	'15-18 2018-12-18',	NULL,	NULL,	NULL,	'rating',	'face',	'2018-12-04',	5,	UNHEX('4E')),
(717,	54,	34,	239,	'Very Poor',	'0',	'148',	'2018-12-18 15:14:23',	'Y',	145,	NULL,	'N',	150,	'2018-12-18',	'',	' ',	' ',	'15-18 2018-12-18',	NULL,	NULL,	NULL,	'rating',	'face',	'2018-12-04',	5,	UNHEX('4E')),
(718,	54,	34,	239,	'Very Poor',	'0',	'148',	'2018-12-18 15:14:23',	'Y',	145,	NULL,	'N',	150,	'2018-12-18',	'',	' ',	' ',	'15-18 2018-12-18',	NULL,	NULL,	NULL,	'rating',	'face',	'2018-12-04',	5,	UNHEX('4E')),
(719,	54,	34,	239,	'Very Poor',	'0',	'148',	'2018-12-18 15:14:23',	'Y',	145,	NULL,	'N',	150,	'2018-12-18',	'',	' ',	' ',	'15-18 2018-12-18',	NULL,	NULL,	NULL,	'rating',	'face',	'2018-12-04',	5,	UNHEX('4E')),
(720,	54,	34,	239,	'Very Poor',	'0',	'148',	'2018-12-18 15:14:23',	'Y',	145,	NULL,	'N',	150,	'2018-12-18',	'',	' ',	' ',	'15-18 2018-12-18',	NULL,	NULL,	NULL,	'rating',	'face',	'2018-12-04',	5,	UNHEX('4E')),
(721,	54,	34,	239,	'Very Poor',	'0',	'148',	'2018-12-18 15:14:23',	'Y',	145,	NULL,	'N',	150,	'2018-12-18',	'',	' ',	' ',	'15-18 2018-12-18',	NULL,	NULL,	NULL,	'rating',	'face',	'2018-12-04',	5,	UNHEX('4E')),
(722,	54,	34,	239,	'Very Poor',	'0',	'148',	'2018-12-18 15:14:23',	'Y',	145,	NULL,	'N',	150,	'2018-12-18',	'',	' ',	' ',	'15-18 2018-12-18',	NULL,	NULL,	NULL,	'rating',	'face',	'2018-12-04',	5,	UNHEX('4E')),
(723,	54,	34,	239,	'Very Poor',	'0',	'148',	'2018-12-18 15:14:23',	'Y',	145,	NULL,	'N',	150,	'2018-12-18',	'',	' ',	' ',	'15-18 2018-12-18',	NULL,	NULL,	NULL,	'rating',	'face',	'2018-12-04',	5,	UNHEX('4E')),
(724,	54,	34,	239,	'Very Poor',	'0',	'148',	'2018-12-18 15:14:23',	'Y',	145,	NULL,	'N',	150,	'2018-12-18',	'',	' ',	' ',	'15-18 2018-12-18',	NULL,	NULL,	NULL,	'rating',	'face',	'2018-12-04',	5,	UNHEX('4E')),
(725,	54,	34,	239,	'Very Poor',	'0',	'148',	'2018-12-18 15:14:23',	'Y',	144,	NULL,	'N',	150,	'2018-12-18',	'',	' ',	' ',	'15-18 2018-12-18',	NULL,	NULL,	NULL,	'rating',	'face',	'2018-12-04',	5,	UNHEX('4E')),
(726,	54,	34,	239,	'Very Poor',	'0',	'148',	'2018-12-18 15:14:23',	'Y',	145,	NULL,	'N',	150,	'2018-12-18',	'',	' ',	' ',	'15-18 2018-12-18',	NULL,	NULL,	NULL,	'rating',	'face',	'2018-12-04',	5,	UNHEX('4E')),
(727,	54,	34,	239,	'Very Poor',	'0',	'148',	'2018-12-18 15:14:23',	'Y',	145,	NULL,	'N',	150,	'2018-12-18',	'',	' ',	' ',	'15-18 2018-12-18',	NULL,	NULL,	NULL,	'rating',	'face',	'2018-12-04',	5,	UNHEX('4E')),
(728,	54,	34,	239,	'Very Poor',	'0',	'148',	'2018-12-18 15:14:23',	'Y',	145,	NULL,	'N',	150,	'2018-12-18',	'',	' ',	' ',	'15-18 2018-12-18',	NULL,	NULL,	NULL,	'rating',	'face',	'2018-12-04',	5,	UNHEX('4E')),
(729,	54,	34,	239,	'Very Poor',	'0',	'148',	'2018-12-18 15:14:23',	'Y',	145,	NULL,	'N',	150,	'2018-12-18',	'',	' ',	' ',	'15-18 2018-12-18',	NULL,	NULL,	NULL,	'rating',	'face',	'2018-12-04',	5,	UNHEX('4E')),
(730,	54,	34,	239,	'Very Poor',	'0',	'148',	'2018-12-18 15:14:23',	'Y',	145,	NULL,	'N',	150,	'2018-12-18',	'',	' ',	' ',	'15-18 2018-12-18',	NULL,	NULL,	NULL,	'rating',	'face',	'2018-12-04',	5,	UNHEX('4E')),
(731,	54,	34,	239,	'Very Poor',	'0',	'148',	'2018-12-18 15:14:23',	'Y',	145,	NULL,	'N',	150,	'2018-12-18',	'',	' ',	' ',	'15-18 2018-12-18',	NULL,	NULL,	NULL,	'rating',	'face',	'2018-12-04',	5,	UNHEX('4E')),
(732,	54,	34,	239,	'Very Poor',	'0',	'148',	'2018-12-18 15:14:23',	'Y',	145,	NULL,	'N',	150,	'2018-12-18',	'',	' ',	' ',	'15-18 2018-12-18',	NULL,	NULL,	NULL,	'rating',	'face',	'2018-12-04',	5,	UNHEX('4E')),
(733,	54,	34,	239,	'Very Poor',	'0',	'148',	'2018-12-18 15:14:23',	'Y',	145,	NULL,	'N',	150,	'2018-12-18',	'',	' ',	' ',	'15-18 2018-12-18',	NULL,	NULL,	NULL,	'rating',	'face',	'2018-12-04',	5,	UNHEX('4E')),
(734,	54,	34,	239,	'Very Poor',	'0',	'148',	'2018-12-18 15:14:23',	'Y',	145,	NULL,	'N',	150,	'2018-12-18',	'',	' ',	' ',	'15-18 2018-12-18',	NULL,	NULL,	NULL,	'rating',	'face',	'2018-12-04',	5,	UNHEX('4E')),
(735,	54,	34,	239,	'Very Poor',	'0',	'148',	'2018-12-18 15:14:23',	'Y',	145,	NULL,	'N',	150,	'2018-12-18',	'',	' ',	' ',	'15-18 2018-12-18',	NULL,	NULL,	NULL,	'rating',	'face',	'2018-12-04',	5,	UNHEX('4E')),
(736,	54,	34,	239,	'Very Poor',	'0',	'148',	'2018-12-18 15:14:24',	'Y',	145,	NULL,	'N',	150,	'2018-12-18',	'',	' ',	' ',	'15-18 2018-12-18',	NULL,	NULL,	NULL,	'rating',	'face',	'2018-12-04',	5,	UNHEX('4E')),
(737,	54,	34,	239,	'Very Poor',	'0',	'148',	'2018-12-18 15:14:24',	'Y',	145,	NULL,	'N',	150,	'2018-12-18',	'',	' ',	' ',	'15-18 2018-12-18',	NULL,	NULL,	NULL,	'rating',	'face',	'2018-12-04',	5,	UNHEX('4E')),
(738,	54,	34,	239,	'Very Poor',	'0',	'148',	'2018-12-18 15:14:24',	'Y',	145,	NULL,	'N',	150,	'2018-12-18',	'',	' ',	' ',	'15-18 2018-12-18',	NULL,	NULL,	NULL,	'rating',	'face',	'2018-12-04',	5,	UNHEX('4E')),
(739,	54,	34,	239,	'Very Poor',	'0',	'148',	'2018-12-18 15:14:24',	'Y',	145,	NULL,	'N',	150,	'2018-12-18',	'',	' ',	' ',	'15-18 2018-12-18',	NULL,	NULL,	NULL,	'rating',	'face',	'2018-12-04',	5,	UNHEX('4E')),
(740,	54,	34,	239,	'Very Poor',	'0',	'148',	'2018-12-18 15:14:24',	'Y',	145,	NULL,	'N',	150,	'2018-12-18',	'',	' ',	' ',	'15-18 2018-12-18',	NULL,	NULL,	NULL,	'rating',	'face',	'2018-12-04',	5,	UNHEX('4E')),
(741,	54,	34,	239,	'Very Poor',	'0',	'148',	'2018-12-18 15:14:24',	'Y',	145,	NULL,	'N',	150,	'2018-12-18',	'',	' ',	' ',	'15-18 2018-12-18',	NULL,	NULL,	NULL,	'rating',	'face',	'2018-12-04',	5,	UNHEX('4E')),
(742,	54,	34,	239,	'Very Poor',	'0',	'148',	'2018-12-18 15:14:24',	'Y',	145,	NULL,	'N',	150,	'2018-12-18',	'',	' ',	' ',	'15-18 2018-12-18',	NULL,	NULL,	NULL,	'rating',	'face',	'2018-12-04',	5,	UNHEX('4E')),
(743,	54,	34,	239,	'Very Poor',	'0',	'148',	'2018-12-18 15:14:24',	'Y',	145,	NULL,	'N',	150,	'2018-12-18',	'',	' ',	' ',	'15-18 2018-12-18',	NULL,	NULL,	NULL,	'rating',	'face',	'2018-12-04',	5,	UNHEX('4E')),
(744,	54,	34,	239,	'Very Poor',	'0',	'148',	'2018-12-18 15:14:24',	'Y',	145,	NULL,	'N',	150,	'2018-12-18',	'',	' ',	' ',	'15-18 2018-12-18',	NULL,	NULL,	NULL,	'rating',	'face',	'2018-12-04',	5,	UNHEX('4E')),
(745,	54,	34,	239,	'Very Poor',	'0',	'148',	'2018-12-18 15:14:24',	'Y',	145,	NULL,	'N',	150,	'2018-12-18',	'',	' ',	' ',	'15-18 2018-12-18',	NULL,	NULL,	NULL,	'rating',	'face',	'2018-12-04',	5,	UNHEX('4E')),
(746,	54,	34,	239,	'Very Poor',	'0',	'148',	'2018-12-18 15:14:24',	'Y',	145,	NULL,	'N',	150,	'2018-12-18',	'',	' ',	' ',	'15-18 2018-12-18',	NULL,	NULL,	NULL,	'rating',	'face',	'2018-12-04',	5,	UNHEX('4E')),
(747,	54,	34,	239,	'Very Poor',	'0',	'148',	'2018-12-18 15:14:25',	'Y',	145,	NULL,	'N',	150,	'2018-12-18',	'',	' ',	' ',	'15-18 2018-12-18',	NULL,	NULL,	NULL,	'rating',	'face',	'2018-12-04',	5,	UNHEX('4E')),
(748,	54,	34,	239,	'Very Poor',	'0',	'148',	'2018-12-18 15:14:30',	'Y',	145,	NULL,	'N',	150,	'2018-12-18',	'',	' ',	' ',	'15-18 2018-12-18',	NULL,	NULL,	NULL,	'rating',	'face',	'2018-12-04',	5,	UNHEX('4E')),
(749,	54,	34,	239,	'Very Poor',	'0',	'148',	'2018-12-18 15:14:30',	'Y',	145,	NULL,	'N',	150,	'2018-12-18',	'',	' ',	' ',	'15-18 2018-12-18',	NULL,	NULL,	NULL,	'rating',	'face',	'2018-12-04',	5,	UNHEX('4E')),
(750,	54,	34,	239,	'Very Poor',	'0',	'148',	'2018-12-18 15:14:30',	'Y',	145,	NULL,	'N',	150,	'2018-12-18',	'',	' ',	' ',	'15-18 2018-12-18',	NULL,	NULL,	NULL,	'rating',	'face',	'2018-12-04',	5,	UNHEX('4E')),
(751,	54,	34,	239,	'Very Poor',	'0',	'148',	'2018-12-18 15:14:30',	'Y',	145,	NULL,	'N',	150,	'2018-12-18',	'',	' ',	' ',	'15-18 2018-12-18',	NULL,	NULL,	NULL,	'rating',	'face',	'2018-12-04',	5,	UNHEX('4E')),
(752,	54,	34,	239,	'Very Poor',	'0',	'148',	'2018-12-18 15:14:30',	'Y',	145,	NULL,	'N',	150,	'2018-12-18',	'',	' ',	' ',	'15-18 2018-12-18',	NULL,	NULL,	NULL,	'rating',	'face',	'2018-12-04',	5,	UNHEX('4E')),
(753,	54,	34,	239,	'Very Poor',	'0',	'148',	'2018-12-18 15:14:30',	'Y',	145,	NULL,	'N',	150,	'2018-12-18',	'',	' ',	' ',	'15-18 2018-12-18',	NULL,	NULL,	NULL,	'rating',	'face',	'2018-12-04',	5,	UNHEX('4E')),
(754,	54,	34,	239,	'Very Poor',	'0',	'148',	'2018-12-18 15:14:30',	'Y',	145,	NULL,	'N',	150,	'2018-12-18',	'',	' ',	' ',	'15-18 2018-12-18',	NULL,	NULL,	NULL,	'rating',	'face',	'2018-12-04',	5,	UNHEX('4E')),
(755,	54,	34,	239,	'Very Poor',	'0',	'148',	'2018-12-18 15:14:30',	'Y',	145,	NULL,	'N',	150,	'2018-12-18',	'',	' ',	' ',	'15-18 2018-12-18',	NULL,	NULL,	NULL,	'rating',	'face',	'2018-12-04',	5,	UNHEX('4E')),
(756,	54,	34,	239,	'Very Poor',	'0',	'148',	'2018-12-18 15:14:30',	'Y',	145,	NULL,	'N',	150,	'2018-12-18',	'',	' ',	' ',	'15-18 2018-12-18',	NULL,	NULL,	NULL,	'rating',	'face',	'2018-12-04',	5,	UNHEX('4E')),
(757,	54,	34,	239,	'Very Poor',	'0',	'148',	'2018-12-18 15:14:30',	'Y',	145,	NULL,	'N',	150,	'2018-12-18',	'',	' ',	' ',	'15-18 2018-12-18',	NULL,	NULL,	NULL,	'rating',	'face',	'2018-12-04',	5,	UNHEX('4E')),
(758,	54,	34,	239,	'Very Poor',	'0',	'148',	'2018-12-18 15:14:30',	'Y',	145,	NULL,	'N',	150,	'2018-12-18',	'',	' ',	' ',	'15-18 2018-12-18',	NULL,	NULL,	NULL,	'rating',	'face',	'2018-12-04',	5,	UNHEX('4E')),
(759,	54,	34,	239,	'Very Poor',	'0',	'148',	'2018-12-18 15:14:30',	'Y',	145,	NULL,	'N',	150,	'2018-12-18',	'',	' ',	' ',	'15-18 2018-12-18',	NULL,	NULL,	NULL,	'rating',	'face',	'2018-12-04',	5,	UNHEX('4E')),
(760,	54,	34,	239,	'Very Poor',	'0',	'148',	'2018-12-18 15:14:30',	'Y',	145,	NULL,	'N',	150,	'2018-12-18',	'',	' ',	' ',	'15-18 2018-12-18',	NULL,	NULL,	NULL,	'rating',	'face',	'2018-12-04',	5,	UNHEX('4E')),
(761,	54,	34,	239,	'Very Poor',	'0',	'148',	'2018-12-18 15:14:30',	'Y',	145,	NULL,	'N',	150,	'2018-12-18',	'',	' ',	' ',	'15-18 2018-12-18',	NULL,	NULL,	NULL,	'rating',	'face',	'2018-12-04',	5,	UNHEX('4E')),
(762,	54,	34,	239,	'Very Poor',	'0',	'148',	'2018-12-18 15:14:31',	'Y',	145,	NULL,	'N',	150,	'2018-12-18',	'',	' ',	' ',	'15-18 2018-12-18',	NULL,	NULL,	NULL,	'rating',	'face',	'2018-12-04',	5,	UNHEX('4E')),
(763,	54,	34,	239,	'Very Poor',	'0',	'148',	'2018-12-18 15:14:31',	'Y',	145,	NULL,	'N',	150,	'2018-12-18',	'',	' ',	' ',	'15-18 2018-12-18',	NULL,	NULL,	NULL,	'rating',	'face',	'2018-12-04',	5,	UNHEX('4E')),
(764,	54,	34,	239,	'Very Poor',	'0',	'148',	'2018-12-18 15:14:31',	'Y',	145,	NULL,	'N',	150,	'2018-12-18',	'',	' ',	' ',	'15-18 2018-12-18',	NULL,	NULL,	NULL,	'rating',	'face',	'2018-12-04',	5,	UNHEX('4E')),
(765,	54,	34,	239,	'Very Poor',	'0',	'148',	'2018-12-18 15:14:31',	'Y',	145,	NULL,	'N',	150,	'2018-12-18',	'',	' ',	' ',	'15-18 2018-12-18',	NULL,	NULL,	NULL,	'rating',	'face',	'2018-12-04',	5,	UNHEX('4E')),
(766,	54,	34,	239,	'Very Poor',	'0',	'148',	'2018-12-18 15:14:31',	'Y',	145,	NULL,	'N',	150,	'2018-12-18',	'',	' ',	' ',	'15-18 2018-12-18',	NULL,	NULL,	NULL,	'rating',	'face',	'2018-12-04',	5,	UNHEX('4E')),
(767,	54,	34,	239,	'Very Poor',	'0',	'148',	'2018-12-18 15:14:35',	'Y',	145,	NULL,	'N',	150,	'2018-12-18',	'',	' ',	' ',	'15-18 2018-12-18',	NULL,	NULL,	NULL,	'rating',	'face',	'2018-12-04',	5,	UNHEX('4E')),
(768,	54,	34,	239,	'Very Poor',	'0',	'148',	'2018-12-18 15:14:35',	'Y',	145,	NULL,	'N',	150,	'2018-12-18',	'',	' ',	' ',	'15-18 2018-12-18',	NULL,	NULL,	NULL,	'rating',	'face',	'2018-12-04',	5,	UNHEX('4E')),
(769,	54,	34,	239,	'Very Poor',	'0',	'148',	'2018-12-18 15:14:35',	'Y',	145,	NULL,	'N',	150,	'2018-12-18',	'',	' ',	' ',	'15-18 2018-12-18',	NULL,	NULL,	NULL,	'rating',	'face',	'2018-12-04',	5,	UNHEX('4E')),
(770,	54,	34,	239,	'Very Poor',	'0',	'148',	'2018-12-18 15:14:35',	'Y',	145,	NULL,	'N',	150,	'2018-12-18',	'',	' ',	' ',	'15-18 2018-12-18',	NULL,	NULL,	NULL,	'rating',	'face',	'2018-12-04',	5,	UNHEX('4E')),
(771,	54,	34,	239,	'Very Poor',	'0',	'148',	'2018-12-18 15:14:35',	'Y',	145,	NULL,	'N',	150,	'2018-12-18',	'',	' ',	' ',	'15-18 2018-12-18',	NULL,	NULL,	NULL,	'rating',	'face',	'2018-12-04',	5,	UNHEX('4E')),
(772,	54,	34,	239,	'excellent',	'1',	'148',	'2018-12-18 15:15:00',	'Y',	0,	NULL,	'N',	150,	'2018-12-18',	'',	' ',	' ',	'15-18 2018-12-18',	NULL,	NULL,	NULL,	'rating',	'face',	'2018-12-04',	1,	UNHEX('50')),
(773,	54,	34,	239,	'Poor',	'0',	'148',	'2018-12-18 15:15:10',	'Y',	143,	NULL,	'N',	150,	'2018-12-18',	'',	' ',	' ',	'15-18 2018-12-18',	NULL,	NULL,	NULL,	'rating',	'face',	'2018-12-04',	4,	UNHEX('4E')),
(774,	54,	34,	239,	'good',	'1',	'148',	'2018-12-18 15:15:26',	'Y',	0,	NULL,	'N',	150,	'2018-12-18',	'',	' ',	' ',	'15-18 2018-12-18',	NULL,	NULL,	NULL,	'rating',	'face',	'2018-12-04',	2,	UNHEX('50')),
(775,	54,	34,	239,	'Very Poor',	'0',	'148',	'2018-12-18 15:15:56',	'Y',	144,	NULL,	'N',	150,	'2018-12-18',	'',	' ',	' ',	'15-18 2018-12-18',	NULL,	NULL,	NULL,	'rating',	'face',	'2018-12-04',	5,	UNHEX('4E')),
(776,	54,	34,	239,	'Average',	'0',	'148',	'2018-12-18 15:18:29',	'Y',	140,	NULL,	'N',	150,	'2018-12-18',	'',	' ',	' ',	'15-18 2018-12-18',	NULL,	NULL,	NULL,	'rating',	'face',	'2018-12-04',	3,	UNHEX('4D')),
(777,	54,	34,	239,	'Average',	'0',	'148',	'2018-12-18 15:18:34',	'Y',	140,	NULL,	'N',	150,	'2018-12-18',	'',	' ',	' ',	'15-18 2018-12-18',	NULL,	NULL,	NULL,	'rating',	'face',	'2018-12-04',	3,	UNHEX('4D')),
(778,	54,	34,	239,	'Average',	'0',	'148',	'2018-12-18 15:18:34',	'Y',	140,	NULL,	'N',	150,	'2018-12-18',	'',	' ',	' ',	'15-18 2018-12-18',	NULL,	NULL,	NULL,	'rating',	'face',	'2018-12-04',	3,	UNHEX('4D')),
(779,	54,	34,	239,	'Poor',	'0',	'148',	'2018-12-18 15:19:05',	'Y',	144,	NULL,	'N',	150,	'2018-12-18',	'',	' ',	' ',	'15-18 2018-12-18',	NULL,	NULL,	NULL,	'rating',	'face',	'2018-12-04',	4,	UNHEX('4E')),
(780,	54,	34,	239,	'Poor',	'0',	'148',	'2018-12-18 15:19:05',	'Y',	145,	NULL,	'N',	150,	'2018-12-18',	'',	' ',	' ',	'15-18 2018-12-18',	NULL,	NULL,	NULL,	'rating',	'face',	'2018-12-04',	4,	UNHEX('4E')),
(781,	54,	34,	239,	'Poor',	'0',	'148',	'2018-12-18 15:19:38',	'Y',	144,	NULL,	'N',	150,	'2018-12-18',	'',	' ',	' ',	'15-18 2018-12-18',	NULL,	NULL,	NULL,	'rating',	'face',	'2018-12-04',	4,	UNHEX('4E')),
(782,	54,	34,	239,	'Poor',	'0',	'148',	'2018-12-18 15:19:38',	'Y',	144,	NULL,	'N',	150,	'2018-12-18',	'',	' ',	' ',	'15-18 2018-12-18',	NULL,	NULL,	NULL,	'rating',	'face',	'2018-12-04',	4,	UNHEX('4E')),
(783,	54,	0,	239,	'Poor',	'0',	'150',	'2018-12-18 15:19:39',	'Y',	144,	'2019-01-01',	'N',	150,	'2018-12-18',	'',	' ',	' ',	'15-18 2018-12-18',	NULL,	NULL,	NULL,	'rating',	'face',	'2018-12-04',	4,	UNHEX('4E')),
(784,	54,	34,	239,	'Very Poor',	'0',	'148',	'2018-12-18 15:20:21',	'Y',	145,	NULL,	'N',	150,	'2018-12-18',	'',	' ',	' ',	'15-18 2018-12-18',	NULL,	NULL,	NULL,	'rating',	'face',	'2018-12-04',	5,	UNHEX('4E')),
(785,	54,	34,	239,	'Average',	'0',	'148',	'2018-12-18 15:20:57',	'Y',	142,	NULL,	'N',	150,	'2018-12-18',	'',	' ',	' ',	'15-18 2018-12-18',	NULL,	NULL,	NULL,	'rating',	'face',	'2018-12-04',	3,	UNHEX('4D')),
(791,	54,	34,	241,	'Very Poor',	'0',	'148',	'2018-12-18 20:07:34',	'Y',	138,	NULL,	'N',	150,	'2018-12-18',	'',	' ',	' ',	'18-21 2018-12-18',	NULL,	NULL,	NULL,	'rating',	'face',	'2018-12-04',	5,	UNHEX('4E')),
(792,	54,	34,	241,	'Very Poor',	'0',	'148',	'2018-12-18 20:07:36',	'Y',	138,	NULL,	'N',	150,	'2018-12-18',	'',	' ',	' ',	'18-21 2018-12-18',	NULL,	NULL,	NULL,	'rating',	'face',	'2018-12-04',	5,	UNHEX('4E')),
(793,	54,	0,	241,	'Very Poor',	'1',	'150',	'2018-12-18 20:07:36',	'Y',	138,	'2018-12-31',	'N',	150,	'2018-12-18',	'',	' ',	' ',	'18-21 2018-12-18',	NULL,	NULL,	NULL,	'rating',	'face',	'2018-12-04',	5,	UNHEX('4E')),
(794,	91,	71,	243,	'Very Poor',	'0',	'252',	'2019-01-11 10:33:39',	'Y',	150,	NULL,	'N',	253,	'2019-01-11',	'',	' ',	' ',	'09-12 2019-01-11',	NULL,	NULL,	NULL,	'rating',	NULL,	'2019-01-02',	NULL,	UNHEX('4E')),
(795,	91,	71,	243,	'Very Poor',	'1',	'252',	'2019-01-11 10:35:12',	'Y',	0,	NULL,	'N',	253,	'2019-01-11',	'',	' ',	' ',	'09-12 2019-01-11',	NULL,	NULL,	NULL,	'rating',	NULL,	'2019-01-02',	NULL,	UNHEX('4E')),
(796,	91,	71,	243,	'Average',	'0',	'252',	'2019-01-11 10:54:12',	'Y',	150,	NULL,	'N',	253,	'2019-01-11',	'',	' ',	' ',	'09-12 2019-01-11',	NULL,	NULL,	NULL,	'rating',	NULL,	'2019-01-02',	NULL,	UNHEX('4D')),
(797,	91,	71,	243,	'Very Poor',	'0',	'252',	'2019-01-13 15:57:22',	'Y',	150,	NULL,	'N',	253,	'2019-01-13',	'',	' ',	' ',	'15-18 2019-01-13',	NULL,	NULL,	NULL,	'rating',	NULL,	'2019-01-02',	NULL,	UNHEX('4E')),
(798,	54,	34,	250,	'Average',	'0',	'148',	'2019-01-24 13:51:22',	'Y',	141,	NULL,	'N',	150,	'2019-01-24',	'',	' ',	' ',	'12-15 2019-01-24',	NULL,	NULL,	NULL,	'rating',	'face',	'2019-01-04',	3,	UNHEX('4D')),
(799,	54,	34,	250,	'Average',	'0',	'148',	'2019-01-24 13:51:22',	'Y',	145,	NULL,	'N',	150,	'2019-01-24',	'',	' ',	' ',	'12-15 2019-01-24',	NULL,	NULL,	NULL,	'rating',	'face',	'2019-01-04',	3,	UNHEX('4D')),
(800,	54,	34,	250,	'Average',	'0',	'148',	'2019-01-24 13:51:22',	'Y',	144,	NULL,	'N',	150,	'2019-01-24',	'',	' ',	' ',	'12-15 2019-01-24',	NULL,	NULL,	NULL,	'rating',	'face',	'2019-01-04',	3,	UNHEX('4D')),
(801,	54,	34,	250,	'Average',	'0',	'148',	'2019-01-24 13:51:22',	'Y',	145,	NULL,	'N',	150,	'2019-01-24',	'',	' ',	' ',	'12-15 2019-01-24',	NULL,	NULL,	NULL,	'rating',	'face',	'2019-01-04',	3,	UNHEX('4D')),
(802,	92,	72,	249,	'',	'1',	'255',	'2019-01-24 17:16:32',	'N',	0,	NULL,	'Y',	256,	'2019-01-24',	'',	' ',	' ',	'15-18 2019-01-24',	NULL,	NULL,	NULL,	'rating',	NULL,	'2019-01-04',	NULL,	NULL),
(804,	92,	72,	249,	'',	'1',	'255',	'2019-01-24 22:15:54',	'N',	0,	NULL,	'Y',	256,	'2019-01-24',	'',	' ',	' ',	'21-24 2019-01-24',	NULL,	NULL,	NULL,	'rating',	NULL,	'2019-01-04',	NULL,	NULL),
(805,	92,	72,	249,	'',	'1',	'255',	'2019-01-24 22:20:21',	'N',	0,	NULL,	'Y',	256,	'2019-01-24',	'',	' ',	' ',	'21-24 2019-01-24',	NULL,	NULL,	NULL,	'rating',	NULL,	'2019-01-04',	NULL,	NULL),
(806,	92,	72,	249,	'',	'1',	'255',	'2019-01-24 22:23:40',	'N',	0,	NULL,	'Y',	256,	'2019-01-24',	'',	' ',	' ',	'21-24 2019-01-24',	NULL,	NULL,	NULL,	'rating',	NULL,	'2019-01-04',	NULL,	NULL),
(807,	92,	72,	249,	'',	'1',	'255',	'2019-01-24 22:48:00',	'N',	0,	NULL,	'Y',	256,	'2019-01-24',	'',	' ',	' ',	'21-24 2019-01-24',	NULL,	NULL,	NULL,	'rating',	NULL,	'2019-01-04',	NULL,	NULL),
(808,	92,	72,	249,	'',	'1',	'255',	'2019-01-24 22:52:18',	'N',	0,	NULL,	'Y',	256,	'2019-01-24',	'',	' ',	' ',	'21-24 2019-01-24',	NULL,	NULL,	NULL,	'rating',	NULL,	'2019-01-04',	NULL,	NULL),
(809,	92,	72,	249,	'',	'1',	'255',	'2019-01-24 22:54:46',	'N',	0,	NULL,	'Y',	256,	'2019-01-24',	'bm vhkbkbh',	' ',	' ',	'21-24 2019-01-24',	NULL,	NULL,	NULL,	'rating',	NULL,	'2019-01-04',	NULL,	NULL),
(926,	92,	72,	259,	'10',	'0',	'255',	'2019-01-28 19:49:52',	'N',	157,	NULL,	'Y',	256,	'2019-01-28',	'',	NULL,	NULL,	'18-21 2019-01-28',	7,	'3545170803655672019.01.28.19.49.50',	0,	'rating',	NULL,	'2019-01-05',	NULL,	NULL),
(927,	92,	72,	259,	'10',	'0',	'255',	'2019-01-28 19:49:52',	'N',	158,	NULL,	'Y',	256,	'2019-01-28',	'',	NULL,	NULL,	'18-21 2019-01-28',	7,	'3545170803655672019.01.28.19.49.50',	0,	'rating',	NULL,	'2019-01-05',	NULL,	NULL),
(928,	92,	72,	259,	'5',	'0',	'255',	'2019-01-29 00:14:38',	'N',	0,	NULL,	'Y',	256,	'2019-01-29',	'',	NULL,	NULL,	'12-03 2019-01-29',	7,	'3545170803655672019.01.29.00.14.36',	0,	'rating',	NULL,	'2019-01-05',	NULL,	NULL),
(929,	54,	34,	225,	'Excellent',	'0',	'148',	'2019-01-29 08:47:27',	'N',	127,	NULL,	'Y',	0,	'2019-01-29',	'Amazing service',	NULL,	NULL,	'06-09 2019-01-29',	1,	'abcdkd2341gsd562sdg',	1,	'rating',	'face',	'2019-01-05',	1,	UNHEX('50')),
(932,	92,	72,	259,	'2',	'0',	'255',	'2019-01-29 10:17:59',	'N',	153,	NULL,	'Y',	256,	'2019-01-29',	'',	NULL,	NULL,	'09-12 2019-01-29',	7,	'3545170803655672019.01.29.10.17.58',	0,	'rating',	NULL,	'2019-01-05',	NULL,	NULL),
(933,	92,	72,	259,	'2',	'0',	'255',	'2019-01-29 10:17:59',	'N',	154,	NULL,	'Y',	256,	'2019-01-29',	'',	NULL,	NULL,	'09-12 2019-01-29',	7,	'3545170803655672019.01.29.10.17.58',	0,	'rating',	NULL,	'2019-01-05',	NULL,	NULL),
(934,	92,	72,	259,	'2',	'0',	'255',	'2019-01-29 10:17:59',	'N',	157,	NULL,	'Y',	256,	'2019-01-29',	'',	NULL,	NULL,	'09-12 2019-01-29',	7,	'3545170803655672019.01.29.10.17.58',	0,	'rating',	NULL,	'2019-01-05',	NULL,	NULL),
(935,	92,	72,	259,	'2',	'0',	'255',	'2019-01-29 10:17:59',	'N',	158,	NULL,	'Y',	256,	'2019-01-29',	'',	NULL,	NULL,	'09-12 2019-01-29',	7,	'3545170803655672019.01.29.10.17.58',	0,	'rating',	NULL,	'2019-01-05',	NULL,	NULL),
(936,	93,	73,	260,	'3',	'0',	'258',	'2019-01-29 11:46:29',	'N',	165,	NULL,	'Y',	259,	'2019-01-29',	'',	'qq@gmail.com',	'4848494895',	'09-12 2019-01-29',	9,	'91347931-705e-4558-9dce-17fd6f26559e2019.01.29.11.46.24',	0,	'rating',	NULL,	'2019-01-05',	NULL,	NULL),
(937,	93,	73,	260,	'3',	'0',	'258',	'2019-01-29 11:46:29',	'N',	166,	NULL,	'Y',	259,	'2019-01-29',	'',	'qq@gmail.com',	'4848494895',	'09-12 2019-01-29',	9,	'91347931-705e-4558-9dce-17fd6f26559e2019.01.29.11.46.24',	0,	'rating',	NULL,	'2019-01-05',	NULL,	NULL),
(938,	93,	73,	260,	'3',	'0',	'258',	'2019-01-29 12:13:37',	'N',	165,	NULL,	'Y',	259,	'2019-01-29',	'',	NULL,	NULL,	'12-15 2019-01-29',	9,	'91347931-705e-4558-9dce-17fd6f26559e2019.01.29.12.13.33',	0,	'rating',	NULL,	'2019-01-05',	NULL,	NULL),
(939,	93,	73,	260,	'3',	'0',	'258',	'2019-01-29 12:13:37',	'N',	166,	NULL,	'Y',	259,	'2019-01-29',	'',	NULL,	NULL,	'12-15 2019-01-29',	9,	'91347931-705e-4558-9dce-17fd6f26559e2019.01.29.12.13.33',	0,	'rating',	NULL,	'2019-01-05',	NULL,	NULL),
(940,	54,	34,	225,	'Excellent',	'0',	'148',	'2019-01-29 12:30:38',	'N',	127,	NULL,	'Y',	0,	'2019-01-29',	'Amazing service',	NULL,	NULL,	'12-15 2019-01-29',	1,	'abcdkd2341gsd562sdg',	1,	'rating',	'face',	'2019-01-05',	1,	UNHEX('50')),
(943,	54,	34,	225,	'Excellent',	'0',	'148',	'2019-01-29 12:32:15',	'N',	127,	NULL,	'Y',	0,	'2019-01-29',	'Amazing service',	NULL,	NULL,	'12-15 2019-01-29',	1,	'abcdkd2341gsd562sdg',	1,	'rating',	'face',	'2019-01-05',	1,	UNHEX('50')),
(946,	93,	73,	260,	'3',	'0',	'258',	'2019-01-29 12:33:43',	'N',	165,	NULL,	'Y',	259,	'2019-01-29',	'',	NULL,	NULL,	'12-15 2019-01-29',	9,	'91347931-705e-4558-9dce-17fd6f26559e2019.01.29.12.33.39',	0,	'rating',	'face',	'2019-01-05',	NULL,	NULL),
(947,	93,	73,	260,	'3',	'0',	'258',	'2019-01-29 12:33:43',	'N',	166,	NULL,	'Y',	259,	'2019-01-29',	'',	NULL,	NULL,	'12-15 2019-01-29',	9,	'91347931-705e-4558-9dce-17fd6f26559e2019.01.29.12.33.39',	0,	'rating',	'face',	'2019-01-05',	NULL,	NULL),
(948,	54,	34,	225,	'Excellent',	'0',	'148',	'2019-01-29 14:46:07',	'N',	127,	NULL,	'Y',	0,	'2019-01-29',	'Amazing service',	NULL,	NULL,	'12-15 2019-01-29',	2,	'abcdkd2341gsd562sdg',	1,	'rating',	'face',	'2019-01-05',	1,	UNHEX('50')),
(949,	54,	34,	225,	'Poor',	'0',	'148',	'2019-01-29 14:46:07',	'N',	125,	NULL,	'Y',	0,	'2019-01-29',	'Amazing service',	NULL,	NULL,	'12-15 2019-01-29',	3,	'abcdkd2341gsd562sdg',	1,	'rating',	'face',	'2019-01-05',	4,	UNHEX('4E')),
(950,	54,	34,	225,	'Poor',	'0',	'148',	'2019-01-29 14:46:07',	'N',	126,	NULL,	'Y',	0,	'2019-01-29',	'Amazing service',	NULL,	NULL,	'12-15 2019-01-29',	3,	'abcdkd2341gsd562sdg',	1,	'rating',	'face',	'2019-01-05',	4,	UNHEX('4E')),
(951,	54,	34,	225,	'Excellent',	'0',	'148',	'2019-01-29 14:51:39',	'N',	127,	NULL,	'Y',	0,	'2019-01-29',	'Amazing service',	NULL,	NULL,	'12-15 2019-01-29',	2,	'abcdkd2341gsd562sdg',	1,	'rating',	'face',	'2019-01-05',	1,	UNHEX('50')),
(952,	54,	34,	225,	'Poor',	'0',	'148',	'2019-01-29 14:51:39',	'N',	125,	NULL,	'Y',	0,	'2019-01-29',	'Amazing service',	NULL,	NULL,	'12-15 2019-01-29',	3,	'abcdkd2341gsd562sdg',	1,	'rating',	'face',	'2019-01-05',	4,	UNHEX('4E')),
(953,	54,	34,	225,	'Poor',	'0',	'148',	'2019-01-29 14:51:39',	'N',	126,	NULL,	'Y',	0,	'2019-01-29',	'Amazing service',	NULL,	NULL,	'12-15 2019-01-29',	3,	'abcdkd2341gsd562sdg',	1,	'rating',	'face',	'2019-01-05',	4,	UNHEX('4E')),
(954,	93,	73,	260,	'5',	'0',	'258',	'2019-01-29 15:16:14',	'N',	164,	NULL,	'Y',	259,	'2019-01-29',	'',	NULL,	NULL,	'15-18 2019-01-29',	9,	'91347931-705e-4558-9dce-17fd6f26559e2019.01.29.15.16.11',	0,	'rating',	'face',	'2019-01-05',	NULL,	NULL),
(955,	93,	73,	260,	'5',	'0',	'258',	'2019-01-29 15:27:42',	'N',	164,	NULL,	'Y',	259,	'2019-01-29',	'',	NULL,	NULL,	'15-18 2019-01-29',	9,	'91347931-705e-4558-9dce-17fd6f26559e2019.01.29.15.27.39',	0,	'rating',	'face',	'2019-01-05',	NULL,	NULL),
(956,	93,	73,	260,	'5',	'0',	'258',	'2019-01-29 15:27:42',	'N',	165,	NULL,	'Y',	259,	'2019-01-29',	'',	NULL,	NULL,	'15-18 2019-01-29',	9,	'91347931-705e-4558-9dce-17fd6f26559e2019.01.29.15.27.39',	0,	'rating',	'face',	'2019-01-05',	NULL,	NULL),
(957,	93,	73,	260,	'3',	'0',	'258',	'2019-01-29 16:20:03',	'N',	166,	NULL,	'Y',	259,	'2019-01-29',	'',	NULL,	NULL,	'15-18 2019-01-29',	9,	'91347931-705e-4558-9dce-17fd6f26559e2019.01.29.16.20.00',	0,	'rating',	'face',	'2019-01-05',	NULL,	NULL),
(958,	93,	73,	260,	'2',	'0',	'258',	'2019-01-29 16:21:50',	'N',	164,	NULL,	'Y',	259,	'2019-01-29',	'',	NULL,	NULL,	'15-18 2019-01-29',	9,	'91347931-705e-4558-9dce-17fd6f26559e2019.01.29.16.21.45',	0,	'rating',	'face',	'2019-01-05',	NULL,	NULL),
(959,	93,	73,	260,	'3',	'0',	'258',	'2019-01-29 16:34:37',	'N',	165,	NULL,	'Y',	259,	'2019-01-29',	'',	NULL,	NULL,	'15-18 2019-01-29',	9,	'91347931-705e-4558-9dce-17fd6f26559e2019.01.29.16.34.34',	0,	'rating',	'face',	'2019-01-05',	NULL,	NULL),
(960,	93,	73,	260,	'3',	'0',	'258',	'2019-01-29 16:50:18',	'N',	166,	NULL,	'Y',	259,	'2019-01-29',	'',	NULL,	NULL,	'15-18 2019-01-29',	9,	'91347931-705e-4558-9dce-17fd6f26559e2019.01.29.16.50.15',	0,	'rating',	'face',	'2019-01-05',	NULL,	NULL),
(961,	93,	73,	260,	'3',	'0',	'258',	'2019-01-29 16:51:57',	'N',	166,	NULL,	'Y',	259,	'2019-01-29',	'',	'y@jhvhj.com',	'4246576565',	'15-18 2019-01-29',	9,	'91347931-705e-4558-9dce-17fd6f26559e2019.01.29.16.51.54',	0,	'rating',	'face',	'2019-01-05',	NULL,	NULL),
(962,	93,	73,	260,	'5',	'0',	'258',	'2019-01-29 17:05:31',	'N',	0,	NULL,	'Y',	259,	'2019-01-29',	'',	NULL,	NULL,	'15-18 2019-01-29',	9,	'91347931-705e-4558-9dce-17fd6f26559e2019.01.29.17.05.28',	0,	'rating',	'face',	'2019-01-05',	NULL,	NULL),
(963,	93,	73,	260,	'5',	'0',	'258',	'2019-01-29 17:08:51',	'N',	0,	NULL,	'Y',	259,	'2019-01-29',	'',	NULL,	NULL,	'15-18 2019-01-29',	9,	'91347931-705e-4558-9dce-17fd6f26559e2019.01.29.17.08.48',	0,	'rating',	'face',	'2019-01-05',	NULL,	NULL),
(964,	93,	73,	260,	'3',	'0',	'258',	'2019-01-29 17:22:35',	'N',	0,	NULL,	'Y',	259,	'2019-01-29',	'',	NULL,	NULL,	'15-18 2019-01-29',	9,	'91347931-705e-4558-9dce-17fd6f26559e2019.01.29.17.22.31',	0,	'rating',	'face',	'2019-01-05',	NULL,	NULL),
(965,	93,	73,	260,	'3',	'0',	'258',	'2019-01-29 17:25:47',	'N',	0,	NULL,	'Y',	259,	'2019-01-29',	'',	NULL,	NULL,	'15-18 2019-01-29',	9,	'91347931-705e-4558-9dce-17fd6f26559e2019.01.29.17.25.43',	0,	'rating',	'face',	'2019-01-05',	NULL,	NULL),
(966,	93,	73,	260,	'3',	'0',	'258',	'2019-01-29 17:30:19',	'N',	0,	NULL,	'Y',	259,	'2019-01-29',	'',	NULL,	NULL,	'15-18 2019-01-29',	9,	'91347931-705e-4558-9dce-17fd6f26559e2019.01.29.17.30.16',	0,	'rating',	'face',	'2019-01-05',	NULL,	NULL),
(967,	93,	73,	260,	'4',	'0',	'258',	'2019-01-29 17:30:45',	'N',	0,	NULL,	'Y',	259,	'2019-01-29',	'dew',	NULL,	NULL,	'15-18 2019-01-29',	9,	'91347931-705e-4558-9dce-17fd6f26559e2019.01.29.17.30.42',	0,	'rating',	'face',	'2019-01-05',	NULL,	NULL),
(968,	92,	72,	259,	'5',	'0',	'255',	'2019-01-29 18:01:14',	'N',	0,	NULL,	'Y',	256,	'2019-01-29',	'',	NULL,	NULL,	'18-21 2019-01-29',	7,	'3545170803655672019.01.29.18.01.11',	0,	'rating',	'face',	'2019-01-05',	NULL,	NULL),
(969,	94,	74,	261,	'Average',	'0',	'261',	'2019-01-29 18:21:27',	'N',	168,	NULL,	'Y',	262,	'2019-01-29',	'',	NULL,	NULL,	'18-21 2019-01-29',	10,	'2423bd69-1547-4d34-a8fb-5e508f4a4eef2019.01.29.18.21.23',	0,	'rating',	'face',	'2019-01-05',	3,	UNHEX('4D')),
(970,	54,	34,	263,	'Very Poor',	'0',	'148',	'2019-01-29 18:31:45',	'N',	0,	NULL,	'Y',	150,	'2019-01-29',	'nbjbh',	'bbh@gmail.com',	'5866838883',	'18-21 2019-01-29',	5,	'3545170803655672019.01.29.18.31.42',	0,	'rating',	'face',	'2019-01-05',	5,	UNHEX('4E')),
(971,	54,	34,	263,	'Advertisement',	'0',	'148',	'2019-01-29 18:31:45',	'N',	0,	NULL,	'Y',	150,	'2019-01-29',	'nbjbh',	'bbh@gmail.com',	'5866838883',	'18-21 2019-01-29',	6,	'3545170803655672019.01.29.18.31.42',	0,	'',	'checkbox',	'2019-01-05',	NULL,	NULL),
(972,	54,	34,	263,	'Excellent',	'0',	'148',	'2019-01-29 18:31:45',	'N',	0,	NULL,	'Y',	150,	'2019-01-29',	'nbjbh',	'bbh@gmail.com',	'5866838883',	'18-21 2019-01-29',	8,	'3545170803655672019.01.29.18.31.42',	0,	'rating',	'face',	'2019-01-05',	1,	UNHEX('50')),
(973,	54,	34,	263,	'Excellent',	'0',	'148',	'2019-01-29 18:34:26',	'N',	0,	NULL,	'Y',	150,	'2019-01-29',	'',	'cvxf@l.com',	'4845856995',	'18-21 2019-01-29',	8,	'3545170803655672019.01.29.18.34.24',	0,	'rating',	'face',	'2019-01-05',	1,	UNHEX('50')),
(974,	54,	34,	263,	'Excellent',	'0',	'148',	'2019-01-29 18:35:35',	'N',	0,	NULL,	'Y',	150,	'2019-01-29',	'',	NULL,	NULL,	'18-21 2019-01-29',	8,	'3545170803655672019.01.29.18.35.33',	0,	'rating',	'face',	'2019-01-05',	1,	UNHEX('50')),
(975,	54,	34,	263,	'Excellent',	'0',	'148',	'2019-01-29 18:35:57',	'N',	0,	NULL,	'Y',	150,	'2019-01-29',	'  vbcvbvbnb',	NULL,	NULL,	'18-21 2019-01-29',	3,	'3545170803655672019.01.29.18.35.56',	0,	'rating',	'face',	'2019-01-05',	1,	UNHEX('50')),
(976,	54,	34,	263,	'Average',	'0',	'148',	'2019-01-29 18:35:57',	'N',	0,	NULL,	'Y',	150,	'2019-01-29',	'  vbcvbvbnb',	NULL,	NULL,	'18-21 2019-01-29',	5,	'3545170803655672019.01.29.18.35.56',	0,	'rating',	'face',	'2019-01-05',	3,	UNHEX('4D')),
(977,	54,	34,	263,	'Advertisement',	'0',	'148',	'2019-01-29 18:35:57',	'N',	0,	NULL,	'Y',	150,	'2019-01-29',	'  vbcvbvbnb',	NULL,	NULL,	'18-21 2019-01-29',	6,	'3545170803655672019.01.29.18.35.56',	0,	'',	'checkbox',	'2019-01-05',	NULL,	NULL),
(978,	94,	74,	261,	'Average',	'0',	'261',	'2019-01-29 18:36:07',	'N',	168,	NULL,	'Y',	262,	'2019-01-29',	'',	NULL,	NULL,	'18-21 2019-01-29',	10,	'2423bd69-1547-4d34-a8fb-5e508f4a4eef2019.01.29.18.36.04',	0,	'rating',	'face',	'2019-01-05',	3,	UNHEX('4D')),
(979,	54,	34,	263,	'Average',	'0',	'148',	'2019-01-29 18:47:01',	'N',	0,	NULL,	'Y',	150,	'2019-01-29',	'',	'dkdkdkdkd@gmail.com',	'9414140013',	'18-21 2019-01-29',	2,	'3545170803655672019.01.29.18.47.00',	0,	'rating',	'face',	'2019-01-05',	3,	UNHEX('4D')),
(980,	54,	34,	263,	'Average',	'0',	'148',	'2019-01-29 18:47:01',	'N',	0,	NULL,	'Y',	150,	'2019-01-29',	'',	'dkdkdkdkd@gmail.com',	'9414140013',	'18-21 2019-01-29',	2,	'3545170803655672019.01.29.18.47.00',	0,	'rating',	'face',	'2019-01-05',	3,	UNHEX('4D')),
(981,	54,	34,	263,	'Average',	'0',	'148',	'2019-01-29 18:47:01',	'N',	0,	NULL,	'Y',	150,	'2019-01-29',	'',	'dkdkdkdkd@gmail.com',	'9414140013',	'18-21 2019-01-29',	2,	'3545170803655672019.01.29.18.47.00',	0,	'rating',	'face',	'2019-01-05',	3,	UNHEX('4D')),
(982,	54,	34,	263,	'Average',	'0',	'148',	'2019-01-29 18:47:01',	'N',	0,	NULL,	'Y',	150,	'2019-01-29',	'',	'dkdkdkdkd@gmail.com',	'9414140013',	'18-21 2019-01-29',	2,	'3545170803655672019.01.29.18.47.00',	0,	'rating',	'face',	'2019-01-05',	3,	UNHEX('4D')),
(983,	54,	34,	263,	'Average',	'0',	'148',	'2019-01-29 18:47:01',	'N',	0,	NULL,	'Y',	150,	'2019-01-29',	'',	'dkdkdkdkd@gmail.com',	'9414140013',	'18-21 2019-01-29',	2,	'3545170803655672019.01.29.18.47.00',	0,	'rating',	'face',	'2019-01-05',	3,	UNHEX('4D')),
(984,	54,	34,	263,	'Poor',	'0',	'148',	'2019-01-29 18:47:01',	'N',	0,	NULL,	'Y',	150,	'2019-01-29',	'',	'dkdkdkdkd@gmail.com',	'9414140013',	'18-21 2019-01-29',	3,	'3545170803655672019.01.29.18.47.00',	0,	'rating',	'face',	'2019-01-05',	4,	UNHEX('4E')),
(985,	54,	34,	263,	'Average',	'0',	'148',	'2019-01-29 18:47:01',	'N',	0,	NULL,	'Y',	150,	'2019-01-29',	'',	'dkdkdkdkd@gmail.com',	'9414140013',	'18-21 2019-01-29',	4,	'3545170803655672019.01.29.18.47.00',	0,	'rating',	'face',	'2019-01-05',	3,	UNHEX('4D')),
(986,	54,	34,	263,	'Poor',	'0',	'148',	'2019-01-29 18:47:01',	'N',	0,	NULL,	'Y',	150,	'2019-01-29',	'',	'dkdkdkdkd@gmail.com',	'9414140013',	'18-21 2019-01-29',	5,	'3545170803655672019.01.29.18.47.00',	0,	'rating',	'face',	'2019-01-05',	4,	UNHEX('4E')),
(987,	54,	34,	263,	'Very Poor',	'0',	'148',	'2019-01-29 18:47:01',	'N',	0,	NULL,	'Y',	150,	'2019-01-29',	'',	'dkdkdkdkd@gmail.com',	'9414140013',	'18-21 2019-01-29',	8,	'3545170803655672019.01.29.18.47.00',	0,	'rating',	'face',	'2019-01-05',	5,	UNHEX('4E')),
(988,	94,	74,	261,	'Good',	'0',	'261',	'2019-01-29 18:53:07',	'N',	167,	NULL,	'Y',	262,	'2019-01-29',	'',	NULL,	NULL,	'18-21 2019-01-29',	10,	'2423bd69-1547-4d34-a8fb-5e508f4a4eef2019.01.29.18.53.04',	0,	'rating',	'face',	'2019-01-05',	2,	UNHEX('50')),
(989,	94,	74,	261,	'Good',	'0',	'261',	'2019-01-29 18:53:07',	'N',	168,	NULL,	'Y',	262,	'2019-01-29',	'',	NULL,	NULL,	'18-21 2019-01-29',	10,	'2423bd69-1547-4d34-a8fb-5e508f4a4eef2019.01.29.18.53.04',	0,	'rating',	'face',	'2019-01-05',	2,	UNHEX('50')),
(990,	94,	74,	264,	'Very Poor',	'0',	'261',	'2019-01-30 10:56:01',	'N',	167,	NULL,	'Y',	262,	'2019-01-30',	'',	NULL,	NULL,	'09-12 2019-01-30',	10,	'1b3fed05-6f74-4e99-afd7-dab41a9610a12019.01.30.10.55.59',	0,	'rating',	'face',	'2019-01-05',	5,	UNHEX('4E')),
(991,	94,	74,	264,	'Very Poor',	'0',	'261',	'2019-01-30 10:56:01',	'N',	168,	NULL,	'Y',	262,	'2019-01-30',	'',	NULL,	NULL,	'09-12 2019-01-30',	10,	'1b3fed05-6f74-4e99-afd7-dab41a9610a12019.01.30.10.55.59',	0,	'rating',	'face',	'2019-01-05',	5,	UNHEX('4E')),
(992,	94,	74,	264,	'Very Poor',	'0',	'261',	'2019-01-30 11:56:05',	'N',	167,	NULL,	'Y',	262,	'2019-01-30',	'',	NULL,	NULL,	'09-12 2019-01-30',	10,	'1b3fed05-6f74-4e99-afd7-dab41a9610a12019.01.30.11.56.02',	0,	'rating',	'face',	'2019-01-05',	5,	UNHEX('4E')),
(993,	94,	74,	264,	'Excellent',	'0',	'261',	'2019-01-30 11:57:15',	'N',	167,	NULL,	'Y',	262,	'2019-01-30',	'',	'qqw@z.com',	'1587874545',	'09-12 2019-01-30',	10,	'1b3fed05-6f74-4e99-afd7-dab41a9610a12019.01.30.11.57.12',	0,	'rating',	'face',	'2019-01-05',	1,	UNHEX('50')),
(994,	94,	74,	264,	'Very Poor',	'0',	'261',	'2019-01-30 12:12:42',	'N',	167,	NULL,	'Y',	262,	'2019-01-30',	'',	'ee@zs.com',	'7777478588',	'12-15 2019-01-30',	10,	'1b3fed05-6f74-4e99-afd7-dab41a9610a12019.01.30.12.12.39',	0,	'rating',	'face',	'2019-01-05',	5,	UNHEX('4E')),
(995,	94,	74,	264,	'Poor',	'0',	'261',	'2019-01-30 12:14:34',	'N',	168,	NULL,	'Y',	262,	'2019-01-30',	'',	NULL,	NULL,	'12-15 2019-01-30',	10,	'1b3fed05-6f74-4e99-afd7-dab41a9610a12019.01.30.12.14.31',	0,	'rating',	'face',	'2019-01-05',	4,	UNHEX('4E')),
(996,	94,	74,	266,	'Very Poor',	'0',	'261',	'2019-01-30 17:40:57',	'N',	168,	NULL,	'Y',	262,	'2019-01-30',	'',	NULL,	NULL,	'15-18 2019-01-30',	10,	'85351e93-8654-429a-bfee-719d693690062019.01.30.17.40.54',	0,	'rating',	'face',	'2019-01-05',	5,	UNHEX('4E')),
(997,	54,	34,	263,	'Social Media',	'0',	'148',	'2019-01-31 13:20:47',	'N',	0,	NULL,	'Y',	150,	'2019-01-31',	'vn',	NULL,	NULL,	'12-15 2019-01-31',	6,	'3545170803655672019.01.31.13.20.45',	0,	'',	'checkbox',	'2019-01-05',	NULL,	NULL),
(998,	54,	34,	263,	'Excellent',	'0',	'148',	'2019-01-31 13:20:47',	'N',	0,	NULL,	'Y',	150,	'2019-01-31',	'vn',	NULL,	NULL,	'12-15 2019-01-31',	8,	'3545170803655672019.01.31.13.20.45',	0,	'rating',	'face',	'2019-01-05',	1,	UNHEX('50')),
(999,	54,	34,	263,	'Excellent',	'0',	'148',	'2019-01-31 13:25:46',	'N',	0,	NULL,	'Y',	150,	'2019-01-31',	'nbibjj',	NULL,	NULL,	'12-15 2019-01-31',	2,	'3545170803655672019.01.31.13.25.44',	0,	'rating',	'face',	'2019-01-05',	1,	UNHEX('50')),
(1000,	54,	34,	263,	'Excellent',	'0',	'148',	'2019-01-31 13:25:46',	'N',	0,	NULL,	'Y',	150,	'2019-01-31',	'nbibjj',	NULL,	NULL,	'12-15 2019-01-31',	2,	'3545170803655672019.01.31.13.25.44',	0,	'rating',	'face',	'2019-01-05',	1,	UNHEX('50')),
(1001,	54,	34,	263,	'Excellent',	'0',	'148',	'2019-01-31 13:25:46',	'N',	0,	NULL,	'Y',	150,	'2019-01-31',	'nbibjj',	NULL,	NULL,	'12-15 2019-01-31',	2,	'3545170803655672019.01.31.13.25.44',	0,	'rating',	'face',	'2019-01-05',	1,	UNHEX('50')),
(1002,	54,	34,	263,	'Excellent',	'0',	'148',	'2019-01-31 13:25:46',	'N',	0,	NULL,	'Y',	150,	'2019-01-31',	'nbibjj',	NULL,	NULL,	'12-15 2019-01-31',	2,	'3545170803655672019.01.31.13.25.44',	0,	'rating',	'face',	'2019-01-05',	1,	UNHEX('50')),
(1003,	54,	34,	263,	'Excellent',	'0',	'148',	'2019-01-31 13:25:46',	'N',	0,	NULL,	'Y',	150,	'2019-01-31',	'nbibjj',	NULL,	NULL,	'12-15 2019-01-31',	2,	'3545170803655672019.01.31.13.25.44',	0,	'rating',	'face',	'2019-01-05',	1,	UNHEX('50')),
(1004,	54,	34,	263,	'Passing by the restaurant',	'0',	'148',	'2019-01-31 13:25:46',	'N',	0,	NULL,	'Y',	150,	'2019-01-31',	'nbibjj',	NULL,	NULL,	'12-15 2019-01-31',	6,	'3545170803655672019.01.31.13.25.44',	0,	'',	'checkbox',	'2019-01-05',	NULL,	NULL),
(1005,	92,	72,	270,	'5',	'0',	'255',	'2019-01-31 13:33:52',	'N',	156,	NULL,	'Y',	256,	'2019-01-31',	'',	NULL,	NULL,	'12-15 2019-01-31',	7,	'3545170803655672019.01.31.13.33.50',	0,	'rating',	'face',	'2019-01-05',	NULL,	NULL),
(1006,	92,	72,	270,	'5',	'0',	'255',	'2019-01-31 13:33:52',	'N',	157,	NULL,	'Y',	256,	'2019-01-31',	'',	NULL,	NULL,	'12-15 2019-01-31',	7,	'3545170803655672019.01.31.13.33.50',	0,	'rating',	'face',	'2019-01-05',	NULL,	NULL),
(1007,	54,	34,	271,	'Good',	'0',	'148',	'2019-01-31 14:04:53',	'N',	0,	NULL,	'Y',	150,	'2019-01-31',	'zzzzzzzzzzzzzz',	NULL,	NULL,	'12-15 2019-01-31',	3,	'3582400511111102019.01.31.14.04.51',	0,	'rating',	'face',	'2019-01-05',	2,	UNHEX('50')),
(1008,	54,	34,	271,	'Poor',	'0',	'148',	'2019-01-31 14:04:53',	'N',	0,	NULL,	'Y',	150,	'2019-01-31',	'zzzzzzzzzzzzzz',	NULL,	NULL,	'12-15 2019-01-31',	4,	'3582400511111102019.01.31.14.04.51',	0,	'rating',	'face',	'2019-01-05',	4,	UNHEX('4E')),
(1009,	54,	34,	271,	'Social Media',	'0',	'148',	'2019-01-31 14:04:53',	'N',	0,	NULL,	'Y',	150,	'2019-01-31',	'zzzzzzzzzzzzzz',	NULL,	NULL,	'12-15 2019-01-31',	6,	'3582400511111102019.01.31.14.04.51',	0,	'',	'checkbox',	'2019-01-05',	NULL,	NULL),
(1010,	54,	34,	271,	'Good',	'0',	'148',	'2019-01-31 14:08:49',	'N',	0,	NULL,	'Y',	150,	'2019-01-31',	'',	NULL,	NULL,	'12-15 2019-01-31',	8,	'3582400511111102019.01.31.14.08.47',	0,	'rating',	'face',	'2019-01-05',	2,	UNHEX('50')),
(1011,	54,	34,	271,	'Poor',	'0',	'148',	'2019-01-31 14:09:34',	'N',	0,	NULL,	'Y',	150,	'2019-01-31',	'',	NULL,	NULL,	'12-15 2019-01-31',	8,	'3582400511111102019.01.31.14.09.31',	0,	'rating',	'face',	'2019-01-05',	4,	UNHEX('4E')),
(1012,	92,	72,	273,	'5',	'0',	'255',	'2019-01-31 14:19:17',	'N',	158,	NULL,	'Y',	256,	'2019-01-31',	'',	NULL,	NULL,	'12-15 2019-01-31',	7,	'3582400511111102019.01.31.14.19.15',	0,	'rating',	'face',	'2019-01-05',	NULL,	NULL),
(1013,	92,	72,	273,	'4',	'0',	'255',	'2019-01-31 14:23:55',	'N',	0,	NULL,	'Y',	256,	'2019-01-31',	'xxccc',	'ggg@p.com',	'5555555888',	'12-15 2019-01-31',	7,	'3582400511111102019.01.31.14.23.53',	0,	'rating',	'face',	'2019-01-05',	NULL,	NULL),
(1014,	92,	72,	273,	'5',	'0',	'255',	'2019-01-31 14:24:23',	'N',	157,	NULL,	'Y',	256,	'2019-01-31',	'',	NULL,	NULL,	'12-15 2019-01-31',	7,	'3582400511111102019.01.31.14.24.21',	0,	'rating',	'face',	'2019-01-05',	NULL,	NULL),
(1015,	92,	72,	273,	'5',	'0',	'255',	'2019-01-31 14:24:23',	'N',	158,	NULL,	'Y',	256,	'2019-01-31',	'',	NULL,	NULL,	'12-15 2019-01-31',	7,	'3582400511111102019.01.31.14.24.21',	0,	'rating',	'face',	'2019-01-05',	NULL,	NULL),
(1016,	54,	34,	268,	'Advertisement',	'0',	'148',	'2019-01-31 14:35:19',	'N',	0,	NULL,	'Y',	150,	'2019-01-31',	'',	NULL,	NULL,	'12-15 2019-01-31',	6,	'b4b2d8b1-ec59-403d-afcd-695a9c0ff6c92019.01.31.14.35.15',	0,	'',	'checkbox',	'2019-01-05',	NULL,	NULL),
(1017,	98,	78,	274,	'Average',	'0',	'266',	'2019-01-31 15:19:03',	'N',	0,	NULL,	'Y',	0,	'2019-01-31',	'avearge services',	'a@b.com',	'8988855689',	'15-18 2019-01-31',	11,	'3545170803655672019.01.31.15.19.01',	0,	'rating',	'face',	'2019-01-05',	3,	UNHEX('4D')),
(1018,	98,	78,	274,	'Average',	'0',	'266',	'2019-01-31 15:21:12',	'N',	0,	NULL,	'Y',	0,	'2019-01-31',	'',	NULL,	NULL,	'15-18 2019-01-31',	11,	'3545170803655672019.01.31.15.21.10',	0,	'rating',	'face',	'2019-01-05',	3,	UNHEX('4D')),
(1019,	98,	78,	274,	'Excellent',	'0',	'266',	'2019-01-31 15:22:44',	'N',	0,	NULL,	'Y',	0,	'2019-01-31',	'exexellent',	NULL,	NULL,	'15-18 2019-01-31',	15,	'3545170803655672019.01.31.15.22.43',	0,	'rating',	'face',	'2019-01-05',	1,	UNHEX('50')),
(1020,	98,	78,	274,	'Excellent',	'0',	'266',	'2019-01-31 15:23:42',	'N',	0,	NULL,	'Y',	0,	'2019-01-31',	'good',	NULL,	NULL,	'15-18 2019-01-31',	15,	'3545170803655672019.01.31.15.23.29',	0,	'rating',	'face',	'2019-01-05',	1,	UNHEX('50')),
(1021,	98,	78,	274,	'Average',	'0',	'266',	'2019-01-31 15:27:19',	'N',	0,	NULL,	'Y',	0,	'2019-01-31',	'',	NULL,	NULL,	'15-18 2019-01-31',	11,	'3545170803655672019.01.31.15.27.17',	0,	'rating',	'face',	'2019-01-05',	3,	UNHEX('4D')),
(1022,	98,	78,	274,	'Good',	'0',	'266',	'2019-01-31 15:27:19',	'N',	0,	NULL,	'Y',	0,	'2019-01-31',	'',	NULL,	NULL,	'15-18 2019-01-31',	12,	'3545170803655672019.01.31.15.27.17',	0,	'rating',	'face',	'2019-01-05',	2,	UNHEX('50')),
(1023,	98,	78,	274,	'Good',	'0',	'266',	'2019-01-31 15:27:19',	'N',	0,	NULL,	'Y',	0,	'2019-01-31',	'',	NULL,	NULL,	'15-18 2019-01-31',	13,	'3545170803655672019.01.31.15.27.17',	0,	'rating',	'face',	'2019-01-05',	2,	UNHEX('50')),
(1024,	98,	78,	274,	'Good',	'0',	'266',	'2019-01-31 15:27:19',	'N',	0,	NULL,	'Y',	0,	'2019-01-31',	'',	NULL,	NULL,	'15-18 2019-01-31',	13,	'3545170803655672019.01.31.15.27.17',	0,	'rating',	'face',	'2019-01-05',	2,	UNHEX('50')),
(1025,	98,	78,	274,	'Good',	'0',	'266',	'2019-01-31 15:27:19',	'N',	0,	NULL,	'Y',	0,	'2019-01-31',	'',	NULL,	NULL,	'15-18 2019-01-31',	13,	'3545170803655672019.01.31.15.27.17',	0,	'rating',	'face',	'2019-01-05',	2,	UNHEX('50')),
(1026,	98,	78,	274,	'Good',	'0',	'266',	'2019-01-31 15:27:19',	'N',	0,	NULL,	'Y',	0,	'2019-01-31',	'',	NULL,	NULL,	'15-18 2019-01-31',	13,	'3545170803655672019.01.31.15.27.17',	0,	'rating',	'face',	'2019-01-05',	2,	UNHEX('50')),
(1027,	98,	78,	274,	'Good',	'0',	'266',	'2019-01-31 15:27:19',	'N',	0,	NULL,	'Y',	0,	'2019-01-31',	'',	NULL,	NULL,	'15-18 2019-01-31',	13,	'3545170803655672019.01.31.15.27.17',	0,	'rating',	'face',	'2019-01-05',	2,	UNHEX('50')),
(1028,	98,	78,	274,	'Poor',	'0',	'266',	'2019-01-31 15:27:19',	'N',	NULL,	NULL,	'Y',	0,	'2019-01-31',	'',	NULL,	NULL,	'15-18 2019-01-31',	14,	'3545170803655672019.01.31.15.27.17',	0,	'rating',	'face',	'2019-01-05',	4,	UNHEX('4E')),
(1029,	98,	78,	274,	'Excellent',	'0',	'266',	'2019-01-31 15:27:19',	'N',	0,	NULL,	'Y',	0,	'2019-01-31',	'',	NULL,	NULL,	'15-18 2019-01-31',	15,	'3545170803655672019.01.31.15.27.17',	0,	'rating',	'face',	'2019-01-05',	1,	UNHEX('50')),
(1039,	98,	78,	274,	'Excellent',	'0',	'266',	'2019-02-11 18:33:15',	'N',	0,	NULL,	'Y',	266,	'2019-02-11',	'',	NULL,	NULL,	'18-21 2019-02-11',	15,	'3545170803655672019.01.31.18.33.14',	0,	'rating',	'face',	'2019-02-03',	1,	UNHEX('50')),
(1040,	98,	78,	274,	'Average',	'0',	'266',	'2019-01-31 18:34:17',	'N',	0,	NULL,	'Y',	266,	'2019-01-31',	'',	NULL,	NULL,	'18-21 2019-01-31',	11,	'3545170803655672019.01.31.18.34.16',	0,	'rating',	'face',	'2019-01-05',	3,	UNHEX('4D')),
(1041,	98,	78,	274,	'Excellent',	'0',	'266',	'2019-01-31 18:34:37',	'N',	0,	NULL,	'Y',	266,	'2019-01-31',	'',	NULL,	NULL,	'18-21 2019-01-31',	14,	'3545170803655672019.01.31.18.34.37',	0,	'rating',	'face',	'2019-01-05',	1,	UNHEX('50')),
(1042,	98,	78,	274,	'Excellent',	'0',	'266',	'2019-01-31 18:35:01',	'N',	0,	NULL,	'Y',	266,	'2019-01-31',	'',	NULL,	NULL,	'18-21 2019-01-31',	14,	'3545170803655672019.01.31.18.35.00',	0,	'rating',	'face',	'2019-01-05',	1,	UNHEX('50')),
(1043,	98,	78,	274,	'Very Poor',	'0',	'266',	'2019-01-31 18:35:18',	'N',	0,	NULL,	'Y',	266,	'2019-01-31',	'',	NULL,	NULL,	'18-21 2019-01-31',	12,	'3545170803655672019.01.31.18.35.17',	0,	'rating',	'face',	'2019-01-05',	5,	UNHEX('4E')),
(1044,	98,	78,	274,	'Average',	'0',	'266',	'2019-01-31 19:31:36',	'N',	0,	NULL,	'Y',	266,	'2019-01-31',	'',	NULL,	NULL,	'18-21 2019-01-31',	11,	'3545170803655672019.01.31.19.31.36',	0,	'rating',	'face',	'2019-01-05',	3,	UNHEX('4D')),
(1045,	98,	78,	274,	'Excellent',	'0',	'266',	'2019-01-11 19:31:59',	'N',	0,	NULL,	'Y',	266,	'2019-01-11',	'',	NULL,	NULL,	'18-21 2019-01-11',	14,	'3545170803655672019.01.31.19.31.58',	0,	'rating',	'face',	'2019-01-02',	1,	UNHEX('50')),
(1046,	98,	78,	274,	'Excellent',	'0',	'266',	'2019-01-31 19:39:18',	'N',	0,	NULL,	'Y',	266,	'2019-01-31',	'',	NULL,	NULL,	'18-21 2019-01-31',	15,	'3545170803655672019.01.31.19.39.17',	0,	'rating',	'face',	'2019-01-05',	1,	UNHEX('50')),
(1047,	98,	78,	274,	'Excellent',	'0',	'266',	'2019-01-31 19:40:31',	'N',	0,	NULL,	'Y',	266,	'2019-01-31',	'',	NULL,	NULL,	'18-21 2019-01-31',	15,	'3545170803655672019.01.31.19.40.31',	0,	'rating',	'face',	'2019-01-05',	1,	UNHEX('50')),
(1050,	98,	78,	274,	'Excellent',	'0',	'266',	'2019-02-01 10:24:32',	'N',	0,	NULL,	'Y',	266,	'2019-02-01',	'',	NULL,	NULL,	'09-12 2019-02-01',	12,	'3545170803655672019.02.01.10.24.29',	0,	'rating',	'face',	'2019-02-01',	1,	UNHEX('50')),
(1051,	98,	78,	274,	'Good',	'0',	'266',	'2019-02-01 10:29:17',	'N',	0,	NULL,	'Y',	266,	'2019-02-01',	'',	NULL,	NULL,	'09-12 2019-02-01',	11,	'3545170803655672019.02.01.10.29.14',	0,	'rating',	'face',	'2019-02-01',	2,	UNHEX('50')),
(1052,	98,	78,	274,	'Average',	'0',	'266',	'2019-02-01 10:35:01',	'N',	0,	NULL,	'Y',	266,	'2019-02-01',	'cbgvgvh',	'hvhbhh@f.com',	'8655685686',	'09-12 2019-02-01',	13,	'3545170803655672019.02.01.10.34.59',	0,	'rating',	'face',	'2019-02-01',	3,	UNHEX('4D')),
(1053,	98,	78,	274,	'Poor',	'0',	'266',	'2019-02-01 10:35:01',	'N',	0,	NULL,	'Y',	266,	'2019-02-01',	'cbgvgvh',	'hvhbhh@f.com',	'8655685686',	'09-12 2019-02-01',	14,	'3545170803655672019.02.01.10.34.59',	0,	'rating',	'face',	'2019-02-01',	4,	UNHEX('4E')),
(1054,	98,	78,	274,	'Very Poor',	'0',	'266',	'2019-02-01 10:35:27',	'N',	0,	NULL,	'Y',	266,	'2019-02-01',	'',	NULL,	NULL,	'09-12 2019-02-01',	11,	'3545170803655672019.02.01.10.35.25',	0,	'rating',	'face',	'2019-02-01',	5,	UNHEX('4E')),
(1055,	98,	78,	274,	'Average',	'0',	'266',	'2019-02-01 10:35:27',	'N',	0,	NULL,	'Y',	266,	'2019-02-01',	'',	NULL,	NULL,	'09-12 2019-02-01',	12,	'3545170803655672019.02.01.10.35.25',	0,	'rating',	'face',	'2019-02-01',	3,	UNHEX('4D')),
(1056,	98,	78,	274,	'Average',	'0',	'266',	'2019-02-01 10:35:27',	'N',	0,	NULL,	'Y',	266,	'2019-02-01',	'',	NULL,	NULL,	'09-12 2019-02-01',	13,	'3545170803655672019.02.01.10.35.25',	0,	'rating',	'face',	'2019-02-01',	3,	UNHEX('4D')),
(1057,	98,	78,	274,	'Poor',	'0',	'266',	'2019-02-01 10:35:27',	'N',	0,	NULL,	'Y',	266,	'2019-02-01',	'',	NULL,	NULL,	'09-12 2019-02-01',	14,	'3545170803655672019.02.01.10.35.25',	0,	'rating',	'face',	'2019-02-01',	4,	UNHEX('4E')),
(1058,	98,	78,	274,	'Good',	'0',	'266',	'2019-02-01 10:35:27',	'N',	0,	NULL,	'Y',	266,	'2019-02-01',	'',	NULL,	NULL,	'09-12 2019-02-01',	15,	'3545170803655672019.02.01.10.35.25',	0,	'rating',	'face',	'2019-02-01',	2,	UNHEX('50')),
(1059,	98,	78,	274,	'Very Poor',	'0',	'266',	'2019-02-01 10:35:51',	'N',	0,	NULL,	'Y',	266,	'2019-02-01',	'bvbvbbbbjb',	NULL,	NULL,	'09-12 2019-02-01',	11,	'3545170803655672019.02.01.10.35.49',	0,	'rating',	'face',	'2019-02-01',	5,	UNHEX('4E')),
(1060,	98,	78,	274,	'Average',	'0',	'266',	'2019-02-01 10:35:51',	'N',	0,	NULL,	'Y',	266,	'2019-02-01',	'bvbvbbbbjb',	NULL,	NULL,	'09-12 2019-02-01',	12,	'3545170803655672019.02.01.10.35.49',	0,	'rating',	'face',	'2019-02-01',	3,	UNHEX('4D')),
(1061,	98,	78,	274,	'Average',	'0',	'266',	'2019-02-01 10:35:51',	'N',	0,	NULL,	'Y',	266,	'2019-02-01',	'bvbvbbbbjb',	NULL,	NULL,	'09-12 2019-02-01',	13,	'3545170803655672019.02.01.10.35.49',	0,	'rating',	'face',	'2019-02-01',	3,	UNHEX('4D')),
(1062,	98,	78,	274,	'Poor',	'0',	'266',	'2019-02-01 10:35:51',	'N',	0,	NULL,	'Y',	266,	'2019-02-01',	'bvbvbbbbjb',	NULL,	NULL,	'09-12 2019-02-01',	14,	'3545170803655672019.02.01.10.35.49',	0,	'rating',	'face',	'2019-02-01',	4,	UNHEX('4E')),
(1063,	98,	78,	274,	'Good',	'0',	'266',	'2019-02-01 10:35:51',	'N',	0,	NULL,	'Y',	266,	'2019-02-01',	'bvbvbbbbjb',	NULL,	NULL,	'09-12 2019-02-01',	15,	'3545170803655672019.02.01.10.35.49',	0,	'rating',	'face',	'2019-02-01',	2,	UNHEX('50')),
(1064,	98,	78,	274,	'Average',	'0',	'266',	'2019-02-01 10:54:48',	'N',	0,	NULL,	'Y',	266,	'2019-02-01',	'bhvhgahba',	'abv@n.com',	'5652868538',	'09-12 2019-02-01',	13,	'3545170803655672019.02.01.10.54.46',	0,	'rating',	'face',	'2019-02-01',	3,	UNHEX('4D')),
(1065,	98,	78,	274,	'Poor',	'0',	'266',	'2019-02-01 10:54:48',	'N',	0,	NULL,	'Y',	266,	'2019-02-01',	'bhvhgahba',	'abv@n.com',	'5652868538',	'09-12 2019-02-01',	14,	'3545170803655672019.02.01.10.54.46',	0,	'rating',	'face',	'2019-02-01',	4,	UNHEX('4E')),
(1066,	98,	78,	274,	'Poor',	'0',	'266',	'2019-02-01 10:56:38',	'N',	0,	NULL,	'Y',	266,	'2019-02-01',	'service advisoru poor',	NULL,	NULL,	'09-12 2019-02-01',	14,	'3545170803655672019.02.01.10.56.37',	0,	'rating',	'face',	'2019-02-01',	4,	UNHEX('4E')),
(1067,	98,	78,	274,	'Very Poor',	'0',	'266',	'2019-02-01 10:57:06',	'N',	0,	NULL,	'Y',	266,	'2019-02-01',	'  nbnmlmkml',	NULL,	NULL,	'09-12 2019-02-01',	11,	'3545170803655672019.02.01.10.57.03',	0,	'rating',	'face',	'2019-02-01',	5,	UNHEX('4E')),
(1068,	98,	78,	274,	'Very Poor',	'0',	'266',	'2019-02-01 10:57:06',	'N',	0,	NULL,	'Y',	266,	'2019-02-01',	'  nbnmlmkml',	NULL,	NULL,	'09-12 2019-02-01',	11,	'3545170803655672019.02.01.10.57.03',	0,	'rating',	'face',	'2019-02-01',	5,	UNHEX('4E')),
(1069,	98,	78,	274,	'Very Poor',	'0',	'266',	'2019-02-01 10:57:06',	'N',	0,	NULL,	'Y',	266,	'2019-02-01',	'  nbnmlmkml',	NULL,	NULL,	'09-12 2019-02-01',	11,	'3545170803655672019.02.01.10.57.03',	0,	'rating',	'face',	'2019-02-01',	5,	UNHEX('4E')),
(1070,	98,	78,	274,	'Very Poor',	'0',	'266',	'2019-02-01 10:57:06',	'N',	0,	NULL,	'Y',	266,	'2019-02-01',	'  nbnmlmkml',	NULL,	NULL,	'09-12 2019-02-01',	11,	'3545170803655672019.02.01.10.57.03',	0,	'rating',	'face',	'2019-02-01',	5,	UNHEX('4E')),
(1071,	98,	78,	274,	'Very Poor',	'0',	'266',	'2019-02-01 10:57:06',	'N',	0,	NULL,	'Y',	266,	'2019-02-01',	'  nbnmlmkml',	NULL,	NULL,	'09-12 2019-02-01',	11,	'3545170803655672019.02.01.10.57.03',	0,	'rating',	'face',	'2019-02-01',	5,	UNHEX('4E')),
(1072,	98,	78,	274,	'Average',	'0',	'266',	'2018-12-20 13:57:06',	'N',	0,	NULL,	'Y',	266,	'2018-12-20',	'  nbnmlmkml',	NULL,	NULL,	'12-15 2018-12-20',	12,	'3545170803655672019.02.01.10.57.03',	0,	'rating',	'face',	'2018-12-04',	3,	UNHEX('4D')),
(1073,	98,	78,	274,	'Average',	'0',	'266',	'2019-02-01 10:57:06',	'N',	0,	NULL,	'Y',	266,	'2019-02-01',	'  nbnmlmkml',	NULL,	NULL,	'09-12 2019-02-01',	13,	'3545170803655672019.02.01.10.57.03',	0,	'rating',	'face',	'2019-02-01',	3,	UNHEX('4D')),
(1074,	98,	78,	274,	'Poor',	'0',	'266',	'2018-12-07 16:57:06',	'N',	0,	NULL,	'Y',	266,	'2018-12-07',	'  nbnmlmkml',	NULL,	NULL,	'03-06 2018-12-07',	14,	'3545170803655672019.02.01.10.57.03',	0,	'rating',	'face',	'2018-12-02',	4,	UNHEX('4E')),
(1075,	98,	78,	274,	'Good',	'0',	'266',	'2018-12-31 10:57:06',	'N',	0,	NULL,	'Y',	266,	'2018-12-31',	'  nbnmlmkml',	NULL,	NULL,	'09-12 2018-12-31',	15,	'3545170803655672019.02.01.10.57.03',	0,	'rating',	'face',	'2018-12-0-46',	2,	UNHEX('50')),
(1076,	98,	78,	274,	'Very Poor',	'0',	'266',	'2019-02-01 10:57:48',	'N',	0,	NULL,	'Y',	266,	'2019-02-01',	'bnbnnm',	NULL,	NULL,	'09-12 2019-02-01',	11,	'3545170803655672019.02.01.10.57.46',	0,	'rating',	'face',	'2019-02-01',	5,	UNHEX('4E')),
(1077,	98,	78,	274,	'Average',	'0',	'266',	'2019-02-01 10:57:48',	'N',	0,	NULL,	'Y',	266,	'2019-02-01',	'bnbnnm',	NULL,	NULL,	'09-12 2019-02-01',	12,	'3545170803655672019.02.01.10.57.46',	0,	'rating',	'face',	'2019-02-01',	3,	UNHEX('4D')),
(1078,	98,	78,	274,	'Average',	'0',	'266',	'2018-12-13 22:57:48',	'N',	0,	NULL,	'Y',	266,	'2018-12-13',	'bnbnnm',	NULL,	NULL,	'21-23 2018-12-13',	13,	'3545170803655672019.02.01.10.57.46',	0,	'rating',	'face',	'2018-12-03',	3,	UNHEX('4D')),
(1079,	98,	78,	274,	'Poor',	'0',	'266',	'2019-02-01 10:57:48',	'N',	0,	NULL,	'Y',	266,	'2019-02-01',	'bnbnnm',	NULL,	NULL,	'09-12 2019-02-01',	14,	'3545170803655672019.02.01.10.57.46',	0,	'rating',	'face',	'2019-02-01',	4,	UNHEX('4E')),
(1080,	98,	78,	274,	'Good',	'0',	'266',	'2019-02-01 10:57:48',	'N',	0,	NULL,	'Y',	266,	'2019-02-01',	'bnbnnm',	NULL,	NULL,	'09-12 2019-02-01',	15,	'3545170803655672019.02.01.10.57.46',	0,	'rating',	'face',	'2019-02-01',	2,	UNHEX('50')),
(1081,	98,	78,	274,	'Very Poor',	'0',	'266',	'2018-12-26 10:58:34',	'N',	0,	NULL,	'Y',	266,	'2018-12-26',	'',	NULL,	NULL,	'09-12 2018-12-26',	11,	'3545170803655672019.02.01.10.58.32',	0,	'rating',	'face',	'2018-12-05',	5,	UNHEX('4E')),
(1082,	98,	78,	274,	'Average',	'0',	'266',	'2019-02-01 10:58:34',	'N',	0,	NULL,	'Y',	266,	'2019-02-01',	'',	NULL,	NULL,	'09-12 2019-02-01',	12,	'3545170803655672019.02.01.10.58.32',	0,	'rating',	'face',	'2019-02-01',	3,	UNHEX('4D')),
(1083,	98,	78,	274,	'Average',	'0',	'266',	'2019-02-01 10:58:34',	'N',	0,	NULL,	'Y',	266,	'2019-02-01',	'',	NULL,	NULL,	'09-12 2019-02-01',	13,	'3545170803655672019.02.01.10.58.32',	0,	'rating',	'face',	'2019-02-01',	3,	UNHEX('4D')),
(1084,	98,	78,	274,	'Poor',	'0',	'266',	'2018-12-19 10:58:34',	'N',	0,	NULL,	'Y',	266,	'2018-12-19',	'',	NULL,	NULL,	'09-12 2018-12-19',	14,	'3545170803655672019.02.01.10.58.32',	0,	'rating',	'face',	'2018-12-04',	4,	UNHEX('4E')),
(1085,	98,	78,	274,	'Good',	'0',	'266',	'2018-12-23 08:58:34',	'N',	0,	NULL,	'Y',	266,	'2018-12-23',	'',	NULL,	NULL,	'06-09 2018-12-23',	15,	'3545170803655672019.02.01.10.58.32',	0,	'rating',	'face',	'2018-12-04',	2,	UNHEX('50')),
(1086,	98,	78,	274,	'Excellent',	'0',	'266',	'2019-02-01 11:09:28',	'N',	0,	NULL,	'Y',	266,	'2019-02-01',	'',	NULL,	NULL,	'09-12 2019-02-01',	11,	'3545170803655672019.02.01.11.09.26',	0,	'rating',	'face',	'2019-02-01',	1,	UNHEX('50')),
(1087,	98,	78,	274,	'Excellent',	'0',	'266',	'2019-02-01 11:09:28',	'N',	0,	NULL,	'Y',	266,	'2019-02-01',	'',	NULL,	NULL,	'09-12 2019-02-01',	11,	'3545170803655672019.02.01.11.09.26',	0,	'rating',	'face',	'2019-02-01',	1,	UNHEX('50')),
(1088,	98,	78,	274,	'Excellent',	'0',	'266',	'2019-02-01 11:09:28',	'N',	0,	NULL,	'Y',	266,	'2019-02-01',	'',	NULL,	NULL,	'09-12 2019-02-01',	11,	'3545170803655672019.02.01.11.09.26',	0,	'rating',	'face',	'2019-02-01',	1,	UNHEX('50')),
(1089,	98,	78,	274,	'Excellent',	'0',	'266',	'2019-02-01 11:09:28',	'N',	0,	NULL,	'Y',	266,	'2019-02-01',	'',	NULL,	NULL,	'09-12 2019-02-01',	11,	'3545170803655672019.02.01.11.09.26',	0,	'rating',	'face',	'2019-02-01',	1,	UNHEX('50')),
(1090,	98,	78,	274,	'Excellent',	'0',	'266',	'2019-02-01 11:09:28',	'N',	0,	NULL,	'Y',	266,	'2019-02-01',	'',	NULL,	NULL,	'09-12 2019-02-01',	11,	'3545170803655672019.02.01.11.09.26',	0,	'rating',	'face',	'2019-02-01',	1,	UNHEX('50')),
(1091,	98,	78,	274,	'Excellent',	'0',	'266',	'2019-02-01 11:09:28',	'N',	0,	NULL,	'Y',	266,	'2019-02-01',	'',	NULL,	NULL,	'09-12 2019-02-01',	11,	'3545170803655672019.02.01.11.09.26',	0,	'rating',	'face',	'2019-02-01',	1,	UNHEX('50')),
(1092,	98,	78,	274,	'Excellent',	'0',	'266',	'2019-02-01 11:09:28',	'N',	0,	NULL,	'Y',	266,	'2019-02-01',	'',	NULL,	NULL,	'09-12 2019-02-01',	11,	'3545170803655672019.02.01.11.09.26',	0,	'rating',	'face',	'2019-02-01',	1,	UNHEX('50')),
(1093,	98,	78,	274,	'Excellent',	'0',	'266',	'2019-02-01 11:09:28',	'N',	0,	NULL,	'Y',	266,	'2019-02-01',	'',	NULL,	NULL,	'09-12 2019-02-01',	11,	'3545170803655672019.02.01.11.09.26',	0,	'rating',	'face',	'2019-02-01',	1,	UNHEX('50')),
(1094,	98,	78,	274,	'Excellent',	'0',	'266',	'2019-02-01 11:09:28',	'N',	0,	NULL,	'Y',	266,	'2019-02-01',	'',	NULL,	NULL,	'09-12 2019-02-01',	11,	'3545170803655672019.02.01.11.09.26',	0,	'rating',	'face',	'2019-02-01',	1,	UNHEX('50')),
(1095,	98,	78,	274,	'Excellent',	'0',	'266',	'2019-02-01 11:09:28',	'N',	0,	NULL,	'Y',	266,	'2019-02-01',	'',	NULL,	NULL,	'09-12 2019-02-01',	11,	'3545170803655672019.02.01.11.09.26',	0,	'rating',	'face',	'2019-02-01',	1,	UNHEX('50')),
(1096,	98,	78,	274,	'Excellent',	'0',	'266',	'2019-02-01 11:10:28',	'N',	0,	NULL,	'Y',	266,	'2019-02-01',	'',	NULL,	NULL,	'09-12 2019-02-01',	11,	'3545170803655672019.02.01.11.10.26',	0,	'rating',	'face',	'2019-02-01',	1,	UNHEX('50')),
(1097,	98,	78,	274,	'Poor',	'0',	'266',	'2019-02-01 11:10:28',	'N',	0,	NULL,	'Y',	266,	'2019-02-01',	'',	NULL,	NULL,	'09-12 2019-02-01',	12,	'3545170803655672019.02.01.11.10.26',	0,	'rating',	'face',	'2019-02-01',	4,	UNHEX('4E')),
(1098,	98,	78,	274,	'Average',	'0',	'266',	'2019-02-01 11:10:28',	'N',	0,	NULL,	'Y',	266,	'2019-02-01',	'',	NULL,	NULL,	'09-12 2019-02-01',	13,	'3545170803655672019.02.01.11.10.26',	0,	'rating',	'face',	'2019-02-01',	3,	UNHEX('4D')),
(1099,	98,	78,	274,	'Good',	'0',	'266',	'2018-12-12 11:10:28',	'N',	0,	NULL,	'Y',	266,	'2018-12-12',	'',	NULL,	NULL,	'09-12 2018-12-12',	14,	'3545170803655672019.02.01.11.10.26',	0,	'rating',	'face',	'2018-12-03',	2,	UNHEX('50')),
(1100,	98,	78,	274,	'Excellent',	'0',	'266',	'2018-12-05 11:10:28',	'N',	0,	NULL,	'Y',	266,	'2018-12-05',	'',	NULL,	NULL,	'09-12 2018-12-05',	15,	'3545170803655672019.02.01.11.10.26',	0,	'rating',	'face',	'2018-12-02',	1,	UNHEX('50')),
(1104,	98,	78,	274,	'Average',	'0',	'266',	'2019-02-05 16:21:48',	'N',	0,	NULL,	'Y',	266,	'2019-02-05',	'overal job card average',	NULL,	NULL,	'15-18 2019-02-05',	15,	'3545170803655672019.02.05.16.21.46',	0,	'rating',	'face',	'2019-02-02',	3,	UNHEX('4D')),
(1105,	98,	78,	274,	'Very Poor',	'0',	'266',	'2019-02-05 16:29:48',	'N',	0,	NULL,	'Y',	266,	'2019-02-05',	'v poor service',	NULL,	NULL,	'15-18 2019-02-05',	11,	'3545170803655672019.02.05.16.29.46',	0,	'rating',	'face',	'2019-02-02',	5,	UNHEX('4E')),
(1111,	101,	81,	277,	'Happy',	'0',	'269',	'2019-02-06 17:03:07',	'N',	0,	NULL,	'Y',	269,	'2019-02-06',	'sjslkms',	's@gmail.com',	'1221551231',	'15-18 2019-02-06',	27,	'3582400511111102019.02.06.17.03.06',	0,	'rating',	'face',	'2019-02-02',	16,	UNHEX('50')),
(1112,	101,	81,	277,	'Very Happy',	'0',	'269',	'2019-02-06 17:23:43',	'N',	0,	NULL,	'Y',	269,	'2019-02-06',	'hhuum.,m',	NULL,	NULL,	'15-18 2019-02-06',	26,	'3582400511111102019.02.06.17.23.41',	0,	'rating',	'face',	'2019-02-02',	15,	UNHEX('50')),
(1113,	101,	81,	277,	'Not Happy',	'0',	'269',	'2019-02-06 17:23:43',	'N',	0,	NULL,	'Y',	269,	'2019-02-06',	'hhuum.,m',	NULL,	NULL,	'15-18 2019-02-06',	28,	'3582400511111102019.02.06.17.23.41',	0,	'rating',	'face',	'2019-02-02',	17,	UNHEX('4E')),
(1114,	101,	81,	277,	'Very Happy',	'0',	'269',	'2019-02-06 17:26:28',	'N',	0,	NULL,	'Y',	269,	'2019-02-06',	'',	NULL,	NULL,	'15-18 2019-02-06',	26,	'3582400511111102019.02.06.17.26.27',	0,	'rating',	'face',	'2019-02-02',	15,	UNHEX('50')),
(1115,	101,	81,	277,	'Happy',	'0',	'269',	'2019-02-06 17:26:28',	'N',	0,	NULL,	'Y',	269,	'2019-02-06',	'',	NULL,	NULL,	'15-18 2019-02-06',	27,	'3582400511111102019.02.06.17.26.27',	0,	'rating',	'face',	'2019-02-02',	16,	UNHEX('50')),
(1116,	101,	81,	277,	'Happy',	'0',	'269',	'2019-02-06 17:50:44',	'N',	0,	NULL,	'Y',	269,	'2019-02-06',	'xxx',	NULL,	NULL,	'15-18 2019-02-06',	27,	'3582400511111102019.02.06.17.50.42',	0,	'rating',	'face',	'2019-02-02',	16,	UNHEX('50')),
(1117,	101,	81,	277,	'Very Happy',	'0',	'269',	'2019-02-06 17:50:44',	'N',	0,	NULL,	'Y',	269,	'2019-02-06',	'xxx',	NULL,	NULL,	'15-18 2019-02-06',	28,	'3582400511111102019.02.06.17.50.42',	0,	'rating',	'face',	'2019-02-02',	15,	UNHEX('50')),
(1118,	101,	81,	278,	'Not Happy',	'0',	'269',	'2019-02-06 19:28:57',	'N',	0,	NULL,	'Y',	269,	'2019-02-06',	'jwiwi',	NULL,	NULL,	'18-21 2019-02-06',	26,	'3518910843499732019.02.06.19.28.52',	0,	'rating',	'face',	'2019-02-02',	17,	UNHEX('4E')),
(1119,	101,	81,	278,	'Happy',	'0',	'269',	'2019-02-06 19:28:57',	'N',	0,	NULL,	'Y',	269,	'2019-02-06',	'jwiwi',	NULL,	NULL,	'18-21 2019-02-06',	27,	'3518910843499732019.02.06.19.28.52',	0,	'rating',	'face',	'2019-02-02',	16,	UNHEX('50')),
(1120,	101,	81,	278,	'Happy',	'0',	'269',	'2019-02-06 19:28:57',	'N',	0,	NULL,	'Y',	269,	'2019-02-06',	'jwiwi',	NULL,	NULL,	'18-21 2019-02-06',	28,	'3518910843499732019.02.06.19.28.52',	0,	'rating',	'face',	'2019-02-02',	16,	UNHEX('50')),
(1121,	98,	78,	274,	'Average',	'0',	'266',	'2019-02-08 15:38:05',	'N',	0,	NULL,	'Y',	266,	'2019-02-08',	'bjbjbm',	'a@b.com',	'5768568568',	'15-18 2019-02-08',	13,	'3545170803655672019.02.08.15.38.02',	0,	'rating',	'face',	'2019-02-02',	3,	UNHEX('4D')),
(1197,	98,	78,	274,	'Excellent',	'0',	'266',	'2019-02-11 18:33:15',	'N',	0,	NULL,	'Y',	266,	'2019-02-11',	'',	NULL,	NULL,	'18-21 2019-02-11',	15,	'3545170803655672019.01.31.18.33.14',	0,	'rating',	'face',	'2019-02-03',	1,	UNHEX('50')),
(1198,	98,	78,	274,	'Excellent',	'0',	'266',	'2019-02-11 18:33:15',	'N',	0,	NULL,	'Y',	266,	'2019-02-11',	'\r\n',	NULL,	NULL,	'18-21 2019-02-11',	15,	'3545170803655672019.01.31.18.33.14',	0,	'rating',	'face',	'2019-02-03',	1,	UNHEX('50')),
(1199,	98,	78,	274,	'Good',	'0',	'266',	'2019-02-11 18:33:15',	'N',	0,	NULL,	'Y',	266,	'2019-02-11',	'',	NULL,	NULL,	'18-21 2019-02-11',	15,	'3545170803655672019.01.31.18.33.14',	0,	'rating',	'face',	'2019-02-03',	2,	UNHEX('50')),
(1200,	101,	81,	277,	'Very Happy',	'0',	'269',	'2019-02-11 17:50:44',	'N',	0,	NULL,	'Y',	269,	'2019-02-11',	'xxx',	NULL,	NULL,	'15-18 2019-02-11',	28,	'3582400511111102019.02.06.17.50.42',	0,	'rating',	'face',	'2019-02-03',	15,	UNHEX('50')),
(1203,	101,	81,	277,	'Very Happy',	'0',	'269',	'2019-01-11 17:50:44',	'N',	0,	NULL,	'Y',	269,	'2019-01-11',	'xxx',	NULL,	NULL,	'15-18 2019-01-11',	28,	'3582400511111102019.02.06.17.50.42',	0,	'rating',	'face',	'2019-01-02',	15,	UNHEX('50')),
(1204,	101,	81,	277,	'Very Happy',	'0',	'269',	'2019-01-11 17:50:44',	'N',	0,	NULL,	'Y',	269,	'2019-01-11',	'xxx',	NULL,	NULL,	'15-18 2019-01-11',	28,	'3582400511111102019.02.06.17.50.42',	0,	'rating',	'face',	'2019-01-02',	15,	UNHEX('50')),
(1205,	101,	81,	279,	'Very Happy',	'0',	'269',	'2019-02-11 14:33:41',	'N',	0,	NULL,	'Y',	269,	'2019-02-11',	'',	NULL,	NULL,	'12-15 2019-02-11',	26,	'3582400511111102019.02.11.14.33.39',	0,	'rating',	'face',	'2019-02-03',	15,	UNHEX('50')),
(1206,	101,	81,	277,	'Very Happy',	'0',	'269',	'2019-01-21 17:50:44',	'N',	0,	NULL,	'Y',	269,	'2019-01-21',	'xxx',	NULL,	NULL,	'15-18 2019-01-21',	28,	'3582400511111102019.02.06.17.50.42',	0,	'rating',	'face',	'2019-01-04',	15,	UNHEX('50')),
(1207,	101,	81,	279,	'Very Happy',	'0',	'269',	'2019-02-11 14:33:58',	'N',	0,	NULL,	'Y',	269,	'2019-02-11',	'',	NULL,	NULL,	'12-15 2019-02-11',	27,	'3582400511111102019.02.11.14.33.55',	0,	'rating',	'face',	'2019-02-03',	15,	UNHEX('50')),
(1208,	101,	81,	279,	'Very Happy',	'0',	'269',	'2019-02-11 14:33:58',	'N',	0,	NULL,	'Y',	269,	'2019-02-11',	'',	NULL,	NULL,	'12-15 2019-02-11',	27,	'3582400511111102019.02.11.14.33.55',	0,	'rating',	'face',	'2019-02-03',	15,	UNHEX('50')),
(1209,	101,	81,	279,	'Very Happy',	'0',	'269',	'2019-02-11 14:33:58',	'N',	0,	NULL,	'Y',	269,	'2019-02-11',	'',	NULL,	NULL,	'12-15 2019-02-11',	27,	'3582400511111102019.02.11.14.33.55',	0,	'rating',	'face',	'2019-02-03',	15,	UNHEX('50')),
(1210,	101,	81,	277,	'Very Happy',	'0',	'269',	'2018-12-16 17:50:44',	'N',	0,	NULL,	'Y',	269,	'2018-12-16',	'xxx',	NULL,	NULL,	'15-18 2018-12-16',	28,	'3582400511111102019.02.06.17.50.42',	0,	'rating',	'face',	'2018-12-03',	15,	UNHEX('50')),
(1211,	101,	81,	277,	'Very Happy',	'0',	'269',	'2018-12-16 17:50:44',	'N',	0,	NULL,	'Y',	269,	'2018-12-16',	'xxx',	NULL,	NULL,	'15-18 2018-12-16',	28,	'3582400511111102019.02.06.17.50.42',	0,	'rating',	'face',	'2018-12-03',	15,	UNHEX('50')),
(1212,	101,	81,	277,	'Very Happy',	'0',	'269',	'2018-12-16 17:50:44',	'N',	0,	NULL,	'Y',	269,	'2018-12-16',	'xxx',	NULL,	NULL,	'15-18 2018-12-16',	28,	'3582400511111102019.02.06.17.50.42',	0,	'rating',	'face',	'2018-12-03',	15,	UNHEX('50')),
(1213,	101,	81,	277,	'Very Happy',	'0',	'269',	'2018-12-16 17:50:44',	'N',	0,	NULL,	'Y',	269,	'2018-12-16',	'xxx',	NULL,	NULL,	'15-18 2018-12-16',	28,	'3582400511111102019.02.06.17.50.42',	0,	'rating',	'face',	'2018-12-03',	15,	UNHEX('50')),
(1215,	101,	81,	277,	'Very Happy',	'0',	'269',	'2018-12-23 17:50:44',	'N',	0,	NULL,	'Y',	269,	'2018-12-23',	'xxx',	NULL,	NULL,	'15-18 2018-12-23',	28,	'3582400511111102019.02.06.17.50.42',	0,	'rating',	'face',	'2018-12-04',	15,	UNHEX('50')),
(1216,	101,	81,	277,	'Very Happy',	'0',	'269',	'2018-12-23 17:50:44',	'N',	0,	NULL,	'Y',	269,	'2018-12-23',	'xxx',	NULL,	NULL,	'15-18 2018-12-23',	28,	'3582400511111102019.02.06.17.50.42',	0,	'rating',	'face',	'2018-12-04',	15,	UNHEX('50')),
(1217,	101,	81,	277,	'Very Happy',	'0',	'269',	'2018-12-23 17:50:44',	'N',	0,	NULL,	'Y',	269,	'2018-12-23',	'xxx',	NULL,	NULL,	'15-18 2018-12-23',	28,	'3582400511111102019.02.06.17.50.42',	0,	'rating',	'face',	'2018-12-04',	15,	UNHEX('50')),
(1218,	101,	81,	277,	'Very Happy',	'0',	'269',	'2018-12-23 17:50:44',	'N',	0,	NULL,	'Y',	269,	'2018-12-23',	'xxx',	NULL,	NULL,	'15-18 2018-12-23',	28,	'3582400511111102019.02.06.17.50.42',	0,	'rating',	'face',	'2018-12-04',	15,	UNHEX('50')),
(1220,	101,	81,	277,	'Very Happy',	'0',	'269',	'2018-12-23 17:50:44',	'N',	0,	NULL,	'Y',	269,	'2018-12-23',	'xxx',	NULL,	NULL,	'15-18 2018-12-23',	28,	'3582400511111102019.02.06.17.50.42',	0,	'rating',	'face',	'2018-12-04',	15,	UNHEX('50')),
(1221,	101,	81,	277,	'Very Happy',	'0',	'269',	'2018-12-23 17:50:44',	'N',	0,	NULL,	'Y',	269,	'2018-12-23',	'xxx',	NULL,	NULL,	'15-18 2018-12-23',	28,	'3582400511111102019.02.06.17.50.42',	0,	'rating',	'face',	'2018-12-04',	15,	UNHEX('50')),
(1222,	101,	81,	277,	'Very Happy',	'0',	'269',	'2018-12-23 17:50:44',	'N',	0,	NULL,	'Y',	269,	'2018-12-23',	'xxx',	NULL,	NULL,	'15-18 2018-12-23',	28,	'3582400511111102019.02.06.17.50.42',	0,	'rating',	'face',	'2018-12-04',	15,	UNHEX('50')),
(1223,	101,	81,	279,	'Not Happy',	'0',	'269',	'2019-02-11 14:43:51',	'N',	0,	NULL,	'Y',	269,	'2019-02-11',	'',	NULL,	NULL,	'12-15 2019-02-11',	28,	'3582400511111102019.02.11.14.43.48',	0,	'rating',	'face',	'2019-02-03',	17,	UNHEX('4E')),
(1224,	101,	81,	279,	'Happy',	'0',	'269',	'2019-02-11 14:44:10',	'N',	0,	NULL,	'Y',	269,	'2019-02-11',	'ggg',	'a@c.com',	'4444444444',	'12-15 2019-02-11',	27,	'3582400511111102019.02.11.14.44.07',	0,	'rating',	'face',	'2019-02-03',	16,	UNHEX('50')),
(1225,	101,	81,	279,	'Not Happy',	'0',	'269',	'2019-02-11 14:45:06',	'N',	0,	NULL,	'Y',	269,	'2019-02-11',	'',	NULL,	NULL,	'12-15 2019-02-11',	26,	'3582400511111102019.02.11.14.45.03',	0,	'rating',	'face',	'2019-02-03',	17,	UNHEX('4E')),
(1226,	101,	81,	279,	'Very Happy',	'0',	'269',	'2019-02-11 14:45:21',	'N',	0,	NULL,	'Y',	269,	'2019-02-11',	'',	NULL,	NULL,	'12-15 2019-02-11',	27,	'3582400511111102019.02.11.14.45.18',	0,	'rating',	'face',	'2019-02-03',	15,	UNHEX('50')),
(1227,	101,	81,	279,	'Not Happy',	'0',	'269',	'2019-02-11 14:47:42',	'N',	0,	NULL,	'Y',	269,	'2019-02-11',	'last',	NULL,	NULL,	'12-15 2019-02-11',	26,	'3582400511111102019.02.11.14.47.39',	0,	'rating',	'face',	'2019-02-03',	17,	UNHEX('4E')),
(1228,	101,	81,	279,	'Very Happy',	'0',	'269',	'2019-02-11 14:47:57',	'N',	0,	NULL,	'Y',	269,	'2019-02-11',	'',	NULL,	NULL,	'12-15 2019-02-11',	28,	'3582400511111102019.02.11.14.47.54',	0,	'rating',	'face',	'2019-02-03',	15,	UNHEX('50')),
(1229,	101,	81,	279,	'Very Happy',	'0',	'269',	'2019-02-11 14:48:15',	'N',	0,	NULL,	'Y',	269,	'2019-02-11',	'',	NULL,	NULL,	'12-15 2019-02-11',	26,	'3582400511111102019.02.11.14.48.11',	0,	'rating',	'face',	'2019-02-03',	15,	UNHEX('50')),
(1230,	101,	81,	279,	'Happy',	'0',	'269',	'2019-02-11 14:48:15',	'N',	0,	NULL,	'Y',	269,	'2019-02-11',	'',	NULL,	NULL,	'12-15 2019-02-11',	27,	'3582400511111102019.02.11.14.48.11',	0,	'rating',	'face',	'2019-02-03',	16,	UNHEX('50')),
(1231,	101,	81,	279,	'Not Happy',	'0',	'269',	'2019-02-11 14:48:15',	'N',	0,	NULL,	'Y',	269,	'2019-02-11',	'',	NULL,	NULL,	'12-15 2019-02-11',	28,	'3582400511111102019.02.11.14.48.11',	0,	'rating',	'face',	'2019-02-03',	17,	UNHEX('4E')),
(1232,	101,	81,	279,	'Very Happy',	'0',	'269',	'2019-02-11 14:48:30',	'N',	0,	NULL,	'Y',	269,	'2019-02-11',	'',	NULL,	NULL,	'12-15 2019-02-11',	26,	'3582400511111102019.02.11.14.48.27',	0,	'rating',	'face',	'2019-02-03',	15,	UNHEX('50')),
(1233,	101,	81,	279,	'Very Happy',	'0',	'269',	'2019-02-11 14:48:30',	'N',	0,	NULL,	'Y',	269,	'2019-02-11',	'',	NULL,	NULL,	'12-15 2019-02-11',	27,	'3582400511111102019.02.11.14.48.27',	0,	'rating',	'face',	'2019-02-03',	15,	UNHEX('50')),
(1234,	101,	81,	279,	'Very Happy',	'0',	'269',	'2019-02-11 14:48:30',	'N',	0,	NULL,	'Y',	269,	'2019-02-11',	'',	NULL,	NULL,	'12-15 2019-02-11',	28,	'3582400511111102019.02.11.14.48.27',	0,	'rating',	'face',	'2019-02-03',	15,	UNHEX('50')),
(1235,	101,	81,	279,	'Happy',	'0',	'269',	'2019-02-11 14:48:46',	'N',	0,	NULL,	'Y',	269,	'2019-02-11',	'',	NULL,	NULL,	'12-15 2019-02-11',	26,	'3582400511111102019.02.11.14.48.43',	0,	'rating',	'face',	'2019-02-03',	16,	UNHEX('50')),
(1236,	101,	81,	279,	'Happy',	'0',	'269',	'2019-02-11 14:48:46',	'N',	0,	NULL,	'Y',	269,	'2019-02-11',	'',	NULL,	NULL,	'12-15 2019-02-11',	27,	'3582400511111102019.02.11.14.48.43',	0,	'rating',	'face',	'2019-02-03',	16,	UNHEX('50')),
(1237,	101,	81,	279,	'Happy',	'0',	'269',	'2019-02-11 14:48:46',	'N',	0,	NULL,	'Y',	269,	'2019-02-11',	'',	NULL,	NULL,	'12-15 2019-02-11',	28,	'3582400511111102019.02.11.14.48.43',	0,	'rating',	'face',	'2019-02-03',	16,	UNHEX('50')),
(1238,	101,	81,	279,	'Not Happy',	'0',	'269',	'2019-02-11 14:49:01',	'N',	0,	NULL,	'Y',	269,	'2019-02-11',	'',	NULL,	NULL,	'12-15 2019-02-11',	26,	'3582400511111102019.02.11.14.48.58',	0,	'rating',	'face',	'2019-02-03',	17,	UNHEX('4E')),
(1239,	101,	81,	279,	'Not Happy',	'0',	'269',	'2019-02-11 14:49:01',	'N',	0,	NULL,	'Y',	269,	'2019-02-11',	'',	NULL,	NULL,	'12-15 2019-02-11',	27,	'3582400511111102019.02.11.14.48.58',	0,	'rating',	'face',	'2019-02-03',	17,	UNHEX('4E')),
(1240,	101,	81,	279,	'Not Happy',	'0',	'269',	'2019-02-11 14:49:01',	'N',	0,	NULL,	'Y',	269,	'2019-02-11',	'',	NULL,	NULL,	'12-15 2019-02-11',	28,	'3582400511111102019.02.11.14.48.58',	0,	'rating',	'face',	'2019-02-03',	17,	UNHEX('4E')),
(1241,	101,	81,	279,	'Happy',	'0',	'269',	'2019-02-11 14:49:16',	'N',	0,	NULL,	'Y',	269,	'2019-02-11',	'',	NULL,	NULL,	'12-15 2019-02-11',	26,	'3582400511111102019.02.11.14.49.13',	0,	'rating',	'face',	'2019-02-03',	16,	UNHEX('50')),
(1242,	101,	81,	279,	'Happy',	'0',	'269',	'2019-02-11 14:49:16',	'N',	0,	NULL,	'Y',	269,	'2019-02-11',	'',	NULL,	NULL,	'12-15 2019-02-11',	27,	'3582400511111102019.02.11.14.49.13',	0,	'rating',	'face',	'2019-02-03',	16,	UNHEX('50')),
(1243,	101,	81,	279,	'Happy',	'0',	'269',	'2019-02-11 14:49:16',	'N',	0,	NULL,	'Y',	269,	'2019-02-11',	'',	NULL,	NULL,	'12-15 2019-02-11',	28,	'3582400511111102019.02.11.14.49.13',	0,	'rating',	'face',	'2019-02-03',	16,	UNHEX('50')),
(1244,	101,	81,	279,	'Happy',	'0',	'269',	'2019-02-11 14:49:33',	'N',	0,	NULL,	'Y',	269,	'2019-02-11',	'',	NULL,	NULL,	'12-15 2019-02-11',	26,	'3582400511111102019.02.11.14.49.30',	0,	'rating',	'face',	'2019-02-03',	16,	UNHEX('50')),
(1245,	101,	81,	279,	'Happy',	'0',	'269',	'2019-02-11 14:49:33',	'N',	0,	NULL,	'Y',	269,	'2019-02-11',	'',	NULL,	NULL,	'12-15 2019-02-11',	27,	'3582400511111102019.02.11.14.49.30',	0,	'rating',	'face',	'2019-02-03',	16,	UNHEX('50')),
(1246,	101,	81,	279,	'Happy',	'0',	'269',	'2019-02-11 14:49:33',	'N',	0,	NULL,	'Y',	269,	'2019-02-11',	'',	NULL,	NULL,	'12-15 2019-02-11',	28,	'3582400511111102019.02.11.14.49.30',	0,	'rating',	'face',	'2019-02-03',	16,	UNHEX('50')),
(1247,	101,	81,	279,	'Happy',	'0',	'269',	'2019-02-11 14:49:49',	'N',	0,	NULL,	'Y',	269,	'2019-02-11',	'',	NULL,	NULL,	'12-15 2019-02-11',	26,	'3582400511111102019.02.11.14.49.46',	0,	'rating',	'face',	'2019-02-03',	16,	UNHEX('50')),
(1248,	101,	81,	279,	'Happy',	'0',	'269',	'2019-02-11 14:49:49',	'N',	0,	NULL,	'Y',	269,	'2019-02-11',	'',	NULL,	NULL,	'12-15 2019-02-11',	27,	'3582400511111102019.02.11.14.49.46',	0,	'rating',	'face',	'2019-02-03',	16,	UNHEX('50')),
(1249,	101,	81,	279,	'Happy',	'0',	'269',	'2019-02-11 14:49:49',	'N',	0,	NULL,	'Y',	269,	'2019-02-11',	'',	NULL,	NULL,	'12-15 2019-02-11',	28,	'3582400511111102019.02.11.14.49.46',	0,	'rating',	'face',	'2019-02-03',	16,	UNHEX('50')),
(1250,	101,	81,	279,	'Not Happy',	'0',	'269',	'2019-02-11 14:50:04',	'N',	0,	NULL,	'Y',	269,	'2019-02-11',	'',	NULL,	NULL,	'12-15 2019-02-11',	26,	'3582400511111102019.02.11.14.50.01',	0,	'rating',	'face',	'2019-02-03',	17,	UNHEX('4E')),
(1251,	101,	81,	279,	'Not Happy',	'0',	'269',	'2019-02-11 14:50:04',	'N',	0,	NULL,	'Y',	269,	'2019-02-11',	'',	NULL,	NULL,	'12-15 2019-02-11',	27,	'3582400511111102019.02.11.14.50.01',	0,	'rating',	'face',	'2019-02-03',	17,	UNHEX('4E')),
(1252,	101,	81,	279,	'Not Happy',	'0',	'269',	'2019-02-11 14:50:04',	'N',	0,	NULL,	'Y',	269,	'2019-02-11',	'',	NULL,	NULL,	'12-15 2019-02-11',	28,	'3582400511111102019.02.11.14.50.01',	0,	'rating',	'face',	'2019-02-03',	17,	UNHEX('4E')),
(1253,	101,	81,	279,	'Not Happy',	'0',	'269',	'2019-02-11 14:50:20',	'N',	0,	NULL,	'Y',	269,	'2019-02-11',	'',	NULL,	NULL,	'12-15 2019-02-11',	26,	'3582400511111102019.02.11.14.50.16',	0,	'rating',	'face',	'2019-02-03',	17,	UNHEX('4E')),
(1254,	101,	81,	279,	'Not Happy',	'0',	'269',	'2019-02-11 14:50:20',	'N',	0,	NULL,	'Y',	269,	'2019-02-11',	'',	NULL,	NULL,	'12-15 2019-02-11',	27,	'3582400511111102019.02.11.14.50.16',	0,	'rating',	'face',	'2019-02-03',	17,	UNHEX('4E')),
(1255,	101,	81,	279,	'Not Happy',	'0',	'269',	'2019-02-11 14:50:20',	'N',	0,	NULL,	'Y',	269,	'2019-02-11',	'',	NULL,	NULL,	'12-15 2019-02-11',	28,	'3582400511111102019.02.11.14.50.16',	0,	'rating',	'face',	'2019-02-03',	17,	UNHEX('4E')),
(1256,	101,	81,	279,	'Not Happy',	'0',	'269',	'2019-02-11 14:50:35',	'N',	0,	NULL,	'Y',	269,	'2019-02-11',	'',	NULL,	NULL,	'12-15 2019-02-11',	26,	'3582400511111102019.02.11.14.50.32',	0,	'rating',	'face',	'2019-02-03',	17,	UNHEX('4E')),
(1257,	101,	81,	279,	'Not Happy',	'0',	'269',	'2019-02-11 14:50:35',	'N',	0,	NULL,	'Y',	269,	'2019-02-11',	'',	NULL,	NULL,	'12-15 2019-02-11',	27,	'3582400511111102019.02.11.14.50.32',	0,	'rating',	'face',	'2019-02-03',	17,	UNHEX('4E')),
(1258,	101,	81,	279,	'Not Happy',	'0',	'269',	'2019-02-11 14:50:35',	'N',	0,	NULL,	'Y',	269,	'2019-02-11',	'',	NULL,	NULL,	'12-15 2019-02-11',	28,	'3582400511111102019.02.11.14.50.32',	0,	'rating',	'face',	'2019-02-03',	17,	UNHEX('4E')),
(1259,	101,	81,	279,	'Happy',	'0',	'269',	'2019-02-11 14:50:53',	'N',	0,	NULL,	'Y',	269,	'2019-02-11',	'',	NULL,	NULL,	'12-15 2019-02-11',	26,	'3582400511111102019.02.11.14.50.50',	0,	'rating',	'face',	'2019-02-03',	16,	UNHEX('50')),
(1260,	101,	81,	279,	'Happy',	'0',	'269',	'2019-02-11 14:50:53',	'N',	0,	NULL,	'Y',	269,	'2019-02-11',	'',	NULL,	NULL,	'12-15 2019-02-11',	27,	'3582400511111102019.02.11.14.50.50',	0,	'rating',	'face',	'2019-02-03',	16,	UNHEX('50')),
(1261,	101,	81,	279,	'Happy',	'0',	'269',	'2019-02-11 14:50:53',	'N',	0,	NULL,	'Y',	269,	'2019-02-11',	'',	NULL,	NULL,	'12-15 2019-02-11',	28,	'3582400511111102019.02.11.14.50.50',	0,	'rating',	'face',	'2019-02-03',	16,	UNHEX('50')),
(1262,	101,	81,	277,	'Happy',	'0',	'269',	'2019-02-14 11:33:01',	'N',	0,	NULL,	'Y',	269,	'2019-02-14',	'Amazing service',	NULL,	NULL,	'09-12 2019-02-14',	26,	'abcdkd2341gsd561215648951561232sdg',	1,	'rating',	'face',	'2019-02-03',	16,	UNHEX('50')),
(1263,	101,	81,	277,	'Happy',	'0',	'269',	'2019-02-14 11:33:01',	'N',	0,	NULL,	'Y',	269,	'2019-02-14',	'Amazing service',	NULL,	NULL,	'09-12 2019-02-14',	27,	'abcdkd2341gsd561215648951561232sdg',	1,	'rating',	'face',	'2019-02-03',	16,	UNHEX('50')),
(1264,	101,	81,	277,	'Not Happy',	'0',	'269',	'2019-02-14 11:33:01',	'N',	NULL,	NULL,	'Y',	269,	'2019-02-14',	'Amazing service',	NULL,	NULL,	'09-12 2019-02-14',	28,	'abcdkd2341gsd561215648951561232sdg',	1,	'rating',	'face',	'2019-02-03',	17,	UNHEX('4E')),
(1265,	101,	81,	277,	'Happy',	'0',	'269',	'2019-02-14 11:35:44',	'N',	0,	NULL,	'Y',	269,	'2019-02-14',	'Amazing service',	NULL,	NULL,	'09-12 2019-02-14',	26,	'abcdkd2341gsd561215648951561232sdg',	1,	'rating',	'face',	'2019-02-03',	16,	UNHEX('50')),
(1266,	101,	81,	277,	'Happy',	'0',	'269',	'2019-02-14 11:35:44',	'N',	0,	NULL,	'Y',	269,	'2019-02-14',	'Amazing service',	NULL,	NULL,	'09-12 2019-02-14',	27,	'abcdkd2341gsd561215648951561232sdg',	1,	'rating',	'face',	'2019-02-03',	16,	UNHEX('50')),
(1267,	101,	81,	277,	'Not Happy',	'0',	'269',	'2019-02-14 11:35:44',	'N',	NULL,	NULL,	'Y',	269,	'2019-02-14',	'Amazing service',	NULL,	NULL,	'09-12 2019-02-14',	28,	'abcdkd2341gsd561215648951561232sdg',	1,	'rating',	'face',	'2019-02-03',	17,	UNHEX('4E')),
(1268,	101,	81,	277,	'Happy',	'0',	'269',	'2019-02-14 11:56:04',	'N',	0,	NULL,	'Y',	269,	'2019-02-14',	'Amazing service',	NULL,	NULL,	'09-12 2019-02-14',	26,	'abcdkd2341gsd561215648951561232sdg',	1,	'rating',	'face',	'2019-02-03',	16,	UNHEX('50')),
(1269,	101,	81,	277,	'Happy',	'0',	'269',	'2019-02-14 11:56:04',	'N',	0,	NULL,	'Y',	269,	'2019-02-14',	'Amazing service',	NULL,	NULL,	'09-12 2019-02-14',	27,	'abcdkd2341gsd561215648951561232sdg',	1,	'rating',	'face',	'2019-02-03',	16,	UNHEX('50')),
(1270,	101,	81,	277,	'Not Happy',	'0',	'269',	'2019-02-14 11:56:04',	'N',	NULL,	NULL,	'Y',	269,	'2019-02-14',	'Amazing service',	NULL,	NULL,	'09-12 2019-02-14',	28,	'abcdkd2341gsd561215648951561232sdg',	1,	'rating',	'face',	'2019-02-03',	17,	UNHEX('4E')),
(1271,	101,	81,	279,	'Very Happy',	'0',	'269',	'2019-02-14 12:38:14',	'N',	0,	NULL,	'Y',	269,	'2019-02-14',	'',	NULL,	NULL,	'12-15 2019-02-14',	28,	'3582400511111102019.02.14.12.38.10',	0,	'rating',	'face',	'2019-02-03',	15,	UNHEX('50')),
(1272,	101,	81,	279,	'Not Happy',	'0',	'269',	'2019-02-14 12:38:45',	'N',	0,	NULL,	'Y',	269,	'2019-02-14',	'',	NULL,	NULL,	'12-15 2019-02-14',	28,	'3582400511111102019.02.14.12.38.43',	0,	'rating',	'face',	'2019-02-03',	17,	UNHEX('4E')),
(1291,	98,	78,	274,	'Average',	'0',	'266',	'2019-02-19 19:05:26',	'N',	0,	NULL,	'Y',	266,	'2019-02-19',	'good',	NULL,	NULL,	'18-21 2019-02-19',	11,	'3545170803655672019.02.19.19.05.24',	0,	'rating',	'face',	'2019-02-04',	3,	UNHEX('4D')),
(1292,	98,	78,	274,	'Poor',	'0',	'266',	'2019-02-19 19:05:26',	'N',	0,	NULL,	'Y',	266,	'2019-02-19',	'good',	NULL,	NULL,	'18-21 2019-02-19',	12,	'3545170803655672019.02.19.19.05.24',	0,	'rating',	'face',	'2019-02-04',	4,	UNHEX('4E')),
(1293,	98,	78,	274,	'Poor',	'0',	'266',	'2019-02-19 19:05:26',	'N',	0,	NULL,	'Y',	266,	'2019-02-19',	'good',	NULL,	NULL,	'18-21 2019-02-19',	13,	'3545170803655672019.02.19.19.05.24',	0,	'rating',	'face',	'2019-02-04',	4,	UNHEX('4E')),
(1294,	98,	78,	274,	'Average',	'0',	'266',	'2019-02-19 19:05:26',	'N',	0,	NULL,	'Y',	266,	'2019-02-19',	'good',	NULL,	NULL,	'18-21 2019-02-19',	14,	'3545170803655672019.02.19.19.05.24',	0,	'rating',	'face',	'2019-02-04',	3,	UNHEX('4D')),
(1295,	98,	78,	274,	'Very Poor',	'0',	'266',	'2019-02-19 19:05:26',	'N',	0,	NULL,	'Y',	266,	'2019-02-19',	'good',	NULL,	NULL,	'18-21 2019-02-19',	15,	'3545170803655672019.02.19.19.05.24',	0,	'rating',	'face',	'2019-02-04',	5,	UNHEX('4E')),
(1296,	98,	78,	274,	'Average',	'0',	'266',	'2019-02-19 19:15:01',	'N',	0,	NULL,	'Y',	266,	'2019-02-19',	'fffggg unjuj uhujuju ',	NULL,	NULL,	'18-21 2019-02-19',	11,	'3545170803655672019.02.19.19.14.59',	0,	'rating',	'face',	'2019-02-04',	3,	UNHEX('4D')),
(1297,	98,	78,	274,	'Poor',	'0',	'266',	'2019-02-19 19:15:01',	'N',	0,	NULL,	'Y',	266,	'2019-02-19',	'fffggg unjuj uhujuju ',	NULL,	NULL,	'18-21 2019-02-19',	12,	'3545170803655672019.02.19.19.14.59',	0,	'rating',	'face',	'2019-02-04',	4,	UNHEX('4E')),
(1298,	98,	78,	274,	'Average',	'0',	'266',	'2019-02-19 19:15:01',	'N',	0,	NULL,	'Y',	266,	'2019-02-19',	'fffggg unjuj uhujuju ',	NULL,	NULL,	'18-21 2019-02-19',	14,	'3545170803655672019.02.19.19.14.59',	0,	'rating',	'face',	'2019-02-04',	3,	UNHEX('4D')),
(1299,	102,	82,	280,	'Not Happy',	'0',	'270',	'2019-02-20 11:18:55',	'N',	0,	NULL,	'Y',	270,	'2019-02-20',	'',	'dcg@gmail.com',	'7954465645',	'09-12 2019-02-20',	30,	'4304aa3d-433b-4c10-8d13-9a6589d6ffee2019.02.20.11.18.52',	0,	'rating',	'face',	'2019-02-04',	17,	UNHEX('4E')),
(1300,	102,	82,	280,	'Good',	'0',	'270',	'2019-02-20 11:18:55',	'N',	0,	NULL,	'Y',	270,	'2019-02-20',	'',	'dcg@gmail.com',	'7954465645',	'09-12 2019-02-20',	32,	'4304aa3d-433b-4c10-8d13-9a6589d6ffee2019.02.20.11.18.52',	0,	'rating',	'face',	'2019-02-04',	2,	UNHEX('50')),
(1301,	102,	82,	280,	'Happy',	'0',	'270',	'2019-02-20 11:19:57',	'N',	0,	NULL,	'Y',	270,	'2019-02-20',	'',	NULL,	NULL,	'09-12 2019-02-20',	30,	'4304aa3d-433b-4c10-8d13-9a6589d6ffee2019.02.20.11.19.54',	0,	'rating',	'face',	'2019-02-04',	16,	UNHEX('50')),
(1302,	102,	82,	280,	'Excellent',	'0',	'270',	'2019-02-20 11:19:57',	'N',	0,	NULL,	'Y',	270,	'2019-02-20',	'',	NULL,	NULL,	'09-12 2019-02-20',	33,	'4304aa3d-433b-4c10-8d13-9a6589d6ffee2019.02.20.11.19.54',	0,	'rating',	'star',	'2019-02-04',	12,	UNHEX('50')),
(1303,	102,	82,	280,	'Poor',	'0',	'270',	'2019-02-20 11:21:33',	'N',	0,	NULL,	'Y',	270,	'2019-02-20',	'',	NULL,	NULL,	'09-12 2019-02-20',	33,	'4304aa3d-433b-4c10-8d13-9a6589d6ffee2019.02.20.11.21.31',	0,	'rating',	'star',	'2019-02-04',	9,	UNHEX('4E')),
(1304,	102,	82,	280,	'Very Happy',	'0',	'270',	'2019-02-20 11:42:34',	'N',	0,	NULL,	'Y',	270,	'2019-02-20',	'',	'gs@mailnator.com',	'7756984855',	'09-12 2019-02-20',	30,	'4304aa3d-433b-4c10-8d13-9a6589d6ffee2019.02.20.11.42.31',	0,	'rating',	'face',	'2019-02-04',	15,	UNHEX('50')),
(1305,	102,	82,	280,	'Very Happy',	'0',	'270',	'2019-02-20 11:43:54',	'N',	0,	NULL,	'Y',	270,	'2019-02-20',	'',	NULL,	NULL,	'09-12 2019-02-20',	30,	'4304aa3d-433b-4c10-8d13-9a6589d6ffee2019.02.20.11.43.51',	0,	'rating',	'face',	'2019-02-04',	15,	UNHEX('50')),
(1306,	102,	82,	280,	'Good',	'0',	'270',	'2019-02-20 11:43:54',	'N',	0,	NULL,	'Y',	270,	'2019-02-20',	'',	NULL,	NULL,	'09-12 2019-02-20',	32,	'4304aa3d-433b-4c10-8d13-9a6589d6ffee2019.02.20.11.43.51',	0,	'rating',	'face',	'2019-02-04',	2,	UNHEX('50')),
(1307,	102,	82,	280,	'Not Happy',	'0',	'270',	'2019-02-20 11:58:05',	'N',	0,	NULL,	'Y',	270,	'2019-02-20',	'',	NULL,	NULL,	'09-12 2019-02-20',	31,	'4304aa3d-433b-4c10-8d13-9a6589d6ffee2019.02.20.11.58.02',	0,	'rating',	'face',	'2019-02-04',	17,	UNHEX('4E')),
(1308,	102,	82,	280,	'Not Happy',	'0',	'270',	'2019-02-20 11:58:41',	'N',	0,	NULL,	'Y',	270,	'2019-02-20',	'',	NULL,	NULL,	'09-12 2019-02-20',	30,	'4304aa3d-433b-4c10-8d13-9a6589d6ffee2019.02.20.11.58.38',	0,	'rating',	'face',	'2019-02-04',	17,	UNHEX('4E')),
(1309,	102,	82,	280,	'Good',	'0',	'270',	'2019-02-20 11:59:48',	'N',	0,	NULL,	'Y',	270,	'2019-02-20',	'washroom facility',	NULL,	NULL,	'09-12 2019-02-20',	32,	'4304aa3d-433b-4c10-8d13-9a6589d6ffee2019.02.20.11.59.44',	0,	'rating',	'face',	'2019-02-04',	2,	UNHEX('50')),
(1310,	102,	82,	280,	'Excellent',	'0',	'270',	'2019-02-20 12:28:53',	'N',	169,	NULL,	'Y',	270,	'2019-02-20',	'',	NULL,	NULL,	'12-15 2019-02-20',	33,	'4304aa3d-433b-4c10-8d13-9a6589d6ffee2019.02.20.12.28.50',	0,	'rating',	'star',	'2019-02-04',	12,	UNHEX('50')),
(1311,	102,	82,	280,	'Poor',	'0',	'270',	'2019-02-20 12:33:16',	'N',	169,	NULL,	'Y',	270,	'2019-02-20',	'',	NULL,	NULL,	'12-15 2019-02-20',	33,	'4304aa3d-433b-4c10-8d13-9a6589d6ffee2019.02.20.12.33.12',	0,	'rating',	'star',	'2019-02-04',	9,	UNHEX('4E')),
(1312,	104,	84,	283,	'Poor',	'0',	'272',	'2019-02-20 13:11:48',	'N',	0,	NULL,	'Y',	272,	'2019-02-20',	'',	NULL,	NULL,	'12-15 2019-02-20',	36,	'3582400511111102019.02.20.13.11.44',	0,	'rating',	'face',	'2019-02-04',	4,	UNHEX('4E')),
(1313,	104,	84,	283,	'Poor',	'0',	'272',	'2019-02-20 15:10:52',	'N',	0,	NULL,	'Y',	272,	'2019-02-20',	'',	NULL,	NULL,	'15-18 2019-02-20',	36,	'3582400511111102019.02.20.15.10.48',	0,	'rating',	'face',	'2019-02-04',	4,	UNHEX('4E')),
(1314,	104,	84,	283,	'Average',	'0',	'272',	'2019-02-20 15:11:12',	'N',	0,	NULL,	'Y',	272,	'2019-02-20',	'',	'abc@gmail.com',	'2233444455',	'15-18 2019-02-20',	35,	'3582400511111102019.02.20.15.11.08',	0,	'rating',	'face',	'2019-02-04',	3,	UNHEX('4D')),
(1315,	98,	78,	274,	'Average',	'0',	'266',	'2019-02-20 15:13:05',	'N',	0,	NULL,	'Y',	266,	'2019-02-20',	'',	NULL,	NULL,	'15-18 2019-02-20',	11,	'3545170803655672019.02.20.15.13.03',	0,	'rating',	'face',	'2019-02-04',	3,	UNHEX('4D')),
(1316,	98,	78,	274,	'Average',	'0',	'266',	'2019-02-20 15:13:05',	'N',	0,	NULL,	'Y',	266,	'2019-02-20',	'',	NULL,	NULL,	'15-18 2019-02-20',	12,	'3545170803655672019.02.20.15.13.03',	0,	'rating',	'face',	'2019-02-04',	3,	UNHEX('4D')),
(1317,	98,	78,	274,	'Average',	'0',	'266',	'2019-02-20 15:13:05',	'N',	0,	NULL,	'Y',	266,	'2019-02-20',	'',	NULL,	NULL,	'15-18 2019-02-20',	13,	'3545170803655672019.02.20.15.13.03',	0,	'rating',	'face',	'2019-02-04',	3,	UNHEX('4D')),
(1318,	98,	78,	274,	'Average',	'0',	'266',	'2019-02-20 15:13:05',	'N',	0,	NULL,	'Y',	266,	'2019-02-20',	'',	NULL,	NULL,	'15-18 2019-02-20',	14,	'3545170803655672019.02.20.15.13.03',	0,	'rating',	'face',	'2019-02-04',	3,	UNHEX('4D')),
(1319,	98,	78,	274,	'Average',	'0',	'266',	'2019-02-20 15:13:05',	'N',	0,	NULL,	'Y',	266,	'2019-02-20',	'',	NULL,	NULL,	'15-18 2019-02-20',	15,	'3545170803655672019.02.20.15.13.03',	0,	'rating',	'face',	'2019-02-04',	3,	UNHEX('4D')),
(1394,	98,	78,	284,	'Excellent',	'0',	'266',	'2019-02-20 16:42:52',	'N',	0,	NULL,	'Y',	266,	'2019-02-20',	'y',	NULL,	NULL,	'15-18 2019-02-20',	15,	'3593840900206402019.02.20.16.42.50',	0,	'rating',	'face',	'2019-02-04',	1,	UNHEX('50')),
(1395,	98,	78,	284,	'Average',	'0',	'266',	'2019-02-20 16:43:20',	'N',	0,	NULL,	'Y',	266,	'2019-02-20',	'',	NULL,	NULL,	'15-18 2019-02-20',	14,	'3593840900206402019.02.20.16.43.19',	0,	'rating',	'face',	'2019-02-04',	3,	UNHEX('4D')),
(1396,	102,	82,	280,	'Poor',	'0',	'270',	'2019-02-20 16:49:32',	'N',	169,	NULL,	'Y',	270,	'2019-02-20',	'',	NULL,	NULL,	'15-18 2019-02-20',	33,	'4304aa3d-433b-4c10-8d13-9a6589d6ffee2019.02.20.16.49.29',	0,	'rating',	'star',	'2019-02-04',	9,	UNHEX('4E')),
(1397,	98,	78,	284,	'Average',	'0',	'266',	'2019-02-20 16:54:04',	'N',	0,	NULL,	'Y',	266,	'2019-02-20',	'',	NULL,	NULL,	'15-18 2019-02-20',	15,	'3593840900206402019.02.20.16.54.02',	0,	'rating',	'face',	'2019-02-04',	3,	UNHEX('4D')),
(1398,	102,	82,	280,	'Good',	'0',	'270',	'2019-02-20 17:20:05',	'N',	169,	NULL,	'Y',	270,	'2019-02-20',	'',	NULL,	NULL,	'15-18 2019-02-20',	33,	'4304aa3d-433b-4c10-8d13-9a6589d6ffee2019.02.20.17.20.02',	0,	'rating',	'star',	'2019-02-04',	11,	UNHEX('50')),
(1399,	102,	82,	280,	'Good',	'0',	'270',	'2019-02-20 17:20:39',	'N',	0,	NULL,	'Y',	270,	'2019-02-20',	'',	NULL,	NULL,	'15-18 2019-02-20',	33,	'4304aa3d-433b-4c10-8d13-9a6589d6ffee2019.02.20.17.20.35',	0,	'rating',	'star',	'2019-02-04',	11,	UNHEX('50')),
(1400,	102,	82,	280,	'Poor',	'0',	'270',	'2019-02-20 17:29:03',	'N',	0,	NULL,	'Y',	270,	'2019-02-20',	'',	NULL,	NULL,	'15-18 2019-02-20',	33,	'4304aa3d-433b-4c10-8d13-9a6589d6ffee2019.02.20.17.29.00',	0,	'rating',	'star',	'2019-02-04',	9,	UNHEX('4E')),
(1401,	102,	82,	280,	'Poor',	'0',	'270',	'2019-02-20 17:29:04',	'N',	0,	NULL,	'Y',	270,	'2019-02-20',	'',	NULL,	NULL,	'15-18 2019-02-20',	33,	'4304aa3d-433b-4c10-8d13-9a6589d6ffee2019.02.20.17.29.01',	0,	'rating',	'star',	'2019-02-04',	9,	UNHEX('4E')),
(1402,	102,	82,	280,	'Poor',	'0',	'270',	'2019-02-20 17:29:04',	'N',	0,	NULL,	'Y',	270,	'2019-02-20',	'',	NULL,	NULL,	'15-18 2019-02-20',	33,	'4304aa3d-433b-4c10-8d13-9a6589d6ffee2019.02.20.17.29.01',	0,	'rating',	'star',	'2019-02-04',	9,	UNHEX('4E')),
(1403,	102,	82,	280,	'Good',	'0',	'270',	'2019-02-20 17:50:45',	'N',	0,	NULL,	'Y',	270,	'2019-02-20',	'',	NULL,	NULL,	'15-18 2019-02-20',	33,	'4304aa3d-433b-4c10-8d13-9a6589d6ffee2019.02.20.17.50.42',	0,	'rating',	'star',	'2019-02-04',	11,	UNHEX('50')),
(1404,	98,	78,	285,	'Excellent',	'0',	'266',	'2019-02-20 17:51:29',	'N',	0,	NULL,	'Y',	266,	'2019-02-20',	'',	NULL,	NULL,	'15-18 2019-02-20',	11,	'3593840900206402019.02.20.17.51.26',	0,	'rating',	'face',	'2019-02-04',	1,	UNHEX('50')),
(1405,	98,	78,	285,	'Excellent',	'0',	'266',	'2019-02-20 17:51:29',	'N',	0,	NULL,	'Y',	266,	'2019-02-20',	'',	NULL,	NULL,	'15-18 2019-02-20',	12,	'3593840900206402019.02.20.17.51.26',	0,	'rating',	'face',	'2019-02-04',	1,	UNHEX('50')),
(1406,	98,	78,	285,	'Excellent',	'0',	'266',	'2019-02-20 17:51:29',	'N',	0,	NULL,	'Y',	266,	'2019-02-20',	'',	NULL,	NULL,	'15-18 2019-02-20',	13,	'3593840900206402019.02.20.17.51.26',	0,	'rating',	'face',	'2019-02-04',	1,	UNHEX('50')),
(1407,	98,	78,	285,	'Excellent',	'0',	'266',	'2019-02-20 17:51:29',	'N',	0,	NULL,	'Y',	266,	'2019-02-20',	'',	NULL,	NULL,	'15-18 2019-02-20',	14,	'3593840900206402019.02.20.17.51.26',	0,	'rating',	'face',	'2019-02-04',	1,	UNHEX('50')),
(1408,	98,	78,	285,	'Excellent',	'0',	'266',	'2019-02-20 17:51:29',	'N',	0,	NULL,	'Y',	266,	'2019-02-20',	'',	NULL,	NULL,	'15-18 2019-02-20',	15,	'3593840900206402019.02.20.17.51.26',	0,	'rating',	'face',	'2019-02-04',	1,	UNHEX('50')),
(1409,	98,	78,	285,	'Excellent',	'0',	'266',	'2019-02-20 17:55:03',	'N',	0,	NULL,	'Y',	266,	'2019-02-20',	'',	NULL,	NULL,	'15-18 2019-02-20',	15,	'3593840900206402019.02.20.17.54.58',	0,	'rating',	'face',	'2019-02-04',	1,	UNHEX('50')),
(1410,	98,	78,	285,	'Good',	'0',	'266',	'2019-02-20 17:56:25',	'N',	0,	NULL,	'Y',	266,	'2019-02-20',	'',	NULL,	NULL,	'15-18 2019-02-20',	14,	'3593840900206402019.02.20.17.56.24',	0,	'rating',	'face',	'2019-02-04',	2,	UNHEX('50')),
(1411,	98,	78,	285,	'Very Poor',	'0',	'266',	'2019-02-20 17:56:25',	'N',	0,	NULL,	'Y',	266,	'2019-02-20',	'',	NULL,	NULL,	'15-18 2019-02-20',	15,	'3593840900206402019.02.20.17.56.24',	0,	'rating',	'face',	'2019-02-04',	5,	UNHEX('4E')),
(1412,	102,	82,	280,	'Excellent',	'0',	'270',	'2019-02-20 18:06:03',	'N',	170,	NULL,	'Y',	270,	'2019-02-20',	'',	NULL,	NULL,	'18-21 2019-02-20',	33,	'4304aa3d-433b-4c10-8d13-9a6589d6ffee2019.02.20.18.06.00',	0,	'rating',	'star',	'2019-02-04',	12,	UNHEX('50')),
(1422,	102,	82,	280,	'Excellent',	'0',	'270',	'2019-02-21 12:59:50',	'N',	0,	NULL,	'Y',	270,	'2019-02-21',	'hgjgjf',	NULL,	NULL,	'12-15 2019-02-21',	33,	'4304aa3d-433b-4c10-8d13-9a6589d6ffee2019.02.21.12.59.48',	0,	'rating',	'star',	'2019-02-04',	12,	UNHEX('50')),
(1423,	102,	82,	280,	'Excellent',	'0',	'270',	'2019-02-21 13:00:34',	'N',	0,	NULL,	'Y',	270,	'2019-02-21',	'Ã±hhj',	NULL,	NULL,	'12-15 2019-02-21',	33,	'4304aa3d-433b-4c10-8d13-9a6589d6ffee2019.02.21.13.00.31',	0,	'rating',	'star',	'2019-02-04',	12,	UNHEX('50')),
(1424,	102,	82,	280,	'Happy',	'0',	'270',	'2019-02-21 13:23:44',	'N',	0,	NULL,	'Y',	270,	'2019-02-21',	'',	NULL,	NULL,	'12-15 2019-02-21',	37,	'4304aa3d-433b-4c10-8d13-9a6589d6ffee2019.02.21.13.23.42',	0,	'rating',	'face',	'2019-02-04',	16,	UNHEX('50')),
(1425,	102,	82,	280,	'Good',	'0',	'270',	'2019-02-21 13:24:45',	'N',	0,	NULL,	'Y',	270,	'2019-02-21',	'',	NULL,	NULL,	'12-15 2019-02-21',	33,	'4304aa3d-433b-4c10-8d13-9a6589d6ffee2019.02.21.13.24.43',	0,	'rating',	'star',	'2019-02-04',	11,	UNHEX('50')),
(1426,	102,	82,	280,	'Not Happy',	'0',	'270',	'2019-02-21 13:24:45',	'N',	0,	NULL,	'Y',	270,	'2019-02-21',	'',	NULL,	NULL,	'12-15 2019-02-21',	37,	'4304aa3d-433b-4c10-8d13-9a6589d6ffee2019.02.21.13.24.43',	0,	'rating',	'face',	'2019-02-04',	17,	UNHEX('4E')),
(1427,	102,	82,	280,	'Good',	'0',	'270',	'2019-02-21 13:25:27',	'N',	0,	NULL,	'Y',	270,	'2019-02-21',	'rdyfhfthftyft',	NULL,	NULL,	'12-15 2019-02-21',	33,	'4304aa3d-433b-4c10-8d13-9a6589d6ffee2019.02.21.13.25.24',	0,	'rating',	'star',	'2019-02-04',	11,	UNHEX('50')),
(1428,	102,	82,	280,	'Happy',	'0',	'270',	'2019-02-21 13:25:27',	'N',	0,	NULL,	'Y',	270,	'2019-02-21',	'rdyfhfthftyft',	NULL,	NULL,	'12-15 2019-02-21',	37,	'4304aa3d-433b-4c10-8d13-9a6589d6ffee2019.02.21.13.25.24',	0,	'rating',	'face',	'2019-02-04',	16,	UNHEX('50')),
(1429,	102,	82,	280,	'Happy',	'0',	'270',	'2019-02-21 13:26:39',	'N',	0,	NULL,	'Y',	270,	'2019-02-21',	'',	NULL,	NULL,	'12-15 2019-02-21',	37,	'4304aa3d-433b-4c10-8d13-9a6589d6ffee2019.02.21.13.26.37',	0,	'rating',	'face',	'2019-02-04',	16,	UNHEX('50')),
(1430,	102,	82,	280,	'Very Happy',	'0',	'270',	'2019-02-21 13:29:34',	'N',	0,	NULL,	'Y',	270,	'2019-02-21',	'',	NULL,	NULL,	'12-15 2019-02-21',	37,	'4304aa3d-433b-4c10-8d13-9a6589d6ffee2019.02.21.13.29.32',	0,	'rating',	'face',	'2019-02-04',	15,	UNHEX('50')),
(1431,	102,	82,	280,	'Good',	'0',	'270',	'2019-02-21 13:30:04',	'N',	0,	NULL,	'Y',	270,	'2019-02-21',	'',	'ggxgxgh@gmIO.com',	'8565685585',	'12-15 2019-02-21',	33,	'4304aa3d-433b-4c10-8d13-9a6589d6ffee2019.02.21.13.30.02',	0,	'rating',	'star',	'2019-02-04',	11,	UNHEX('50')),
(1432,	102,	82,	280,	'Good',	'0',	'270',	'2019-02-21 13:30:04',	'N',	0,	NULL,	'Y',	270,	'2019-02-21',	'',	'ggxgxgh@gmIO.com',	'8565685585',	'12-15 2019-02-21',	33,	'4304aa3d-433b-4c10-8d13-9a6589d6ffee2019.02.21.13.30.02',	0,	'rating',	'star',	'2019-02-04',	11,	UNHEX('50')),
(1433,	102,	82,	280,	'Good',	'0',	'270',	'2019-02-21 13:30:04',	'N',	0,	NULL,	'Y',	270,	'2019-02-21',	'',	'ggxgxgh@gmIO.com',	'8565685585',	'12-15 2019-02-21',	33,	'4304aa3d-433b-4c10-8d13-9a6589d6ffee2019.02.21.13.30.02',	0,	'rating',	'star',	'2019-02-04',	11,	UNHEX('50')),
(1447,	102,	82,	280,	'Good',	'0',	'270',	'2019-02-21 15:51:21',	'N',	0,	NULL,	'Y',	270,	'2019-02-21',	'',	NULL,	NULL,	'15-18 2019-02-21',	39,	'4304aa3d-433b-4c10-8d13-9a6589d6ffee2019.02.21.15.51.18',	0,	'rating',	'star',	'2019-02-04',	11,	UNHEX('50')),
(1448,	102,	82,	280,	'Good',	'0',	'270',	'2019-02-21 15:52:05',	'N',	0,	NULL,	'Y',	270,	'2019-02-21',	'',	NULL,	NULL,	'15-18 2019-02-21',	39,	'4304aa3d-433b-4c10-8d13-9a6589d6ffee2019.02.21.15.52.02',	0,	'rating',	'star',	'2019-02-04',	11,	UNHEX('50')),
(1449,	102,	82,	280,	'Happy',	'0',	'270',	'2019-02-21 16:06:19',	'Y',	0,	NULL,	'N',	270,	'2019-02-21',	'',	NULL,	NULL,	'15-18 2019-02-21',	37,	'4304aa3d-433b-4c10-8d13-9a6589d6ffee2019.02.21.16.06.16',	0,	'rating',	'face',	'2019-02-04',	16,	UNHEX('50')),
(1450,	104,	84,	283,	'Poor',	'0',	'272',	'2019-02-21 17:36:29',	'N',	0,	NULL,	'Y',	272,	'2019-02-21',	'',	NULL,	NULL,	'15-18 2019-02-21',	36,	'3582400511111102019.02.21.17.36.25',	0,	'rating',	'face',	'2019-02-04',	4,	UNHEX('4E')),
(1451,	104,	84,	283,	'Poor',	'0',	'272',	'2019-02-21 17:40:56',	'N',	0,	NULL,	'Y',	272,	'2019-02-21',	'',	'abc@gmail.com',	'1234561111',	'15-18 2019-02-21',	36,	'3582400511111102019.02.21.17.40.52',	0,	'rating',	'face',	'2019-02-04',	4,	UNHEX('4E')),
(1452,	102,	82,	280,	'Average',	'0',	'270',	'2019-02-22 09:19:21',	'Y',	0,	NULL,	'N',	270,	'2019-02-22',	'',	NULL,	NULL,	'09-12 2019-02-22',	39,	'4304aa3d-433b-4c10-8d13-9a6589d6ffee2019.02.22.09.19.20',	0,	'rating',	'star',	'2019-02-04',	10,	UNHEX('4D')),
(1473,	102,	82,	288,	'Happy',	'0',	'273',	'2019-02-22 13:15:25',	'N',	0,	NULL,	'Y',	0,	'2019-02-22',	'',	NULL,	NULL,	'12-15 2019-02-22',	37,	'588335b5-1786-4a28-b68d-0932eb5ead4c2019.02.22.13.15.23',	0,	'rating',	'face',	'2019-02-04',	16,	UNHEX('50')),
(1474,	102,	82,	288,	'Good',	'0',	'273',	'2019-02-22 13:15:25',	'N',	0,	NULL,	'Y',	0,	'2019-02-22',	'',	NULL,	NULL,	'12-15 2019-02-22',	39,	'588335b5-1786-4a28-b68d-0932eb5ead4c2019.02.22.13.15.23',	0,	'rating',	'star',	'2019-02-04',	11,	UNHEX('50')),
(1475,	102,	82,	288,	'Very Happy',	'0',	'273',	'2019-02-22 13:33:16',	'N',	0,	NULL,	'Y',	0,	'2019-02-22',	'',	NULL,	NULL,	'12-15 2019-02-22',	37,	'588335b5-1786-4a28-b68d-0932eb5ead4c2019.02.22.13.33.14',	0,	'rating',	'face',	'2019-02-04',	15,	UNHEX('50')),
(1476,	102,	82,	288,	'Happy',	'0',	'273',	'2019-02-22 13:35:13',	'N',	0,	NULL,	'Y',	0,	'2019-02-22',	'',	NULL,	NULL,	'12-15 2019-02-22',	37,	'588335b5-1786-4a28-b68d-0932eb5ead4c2019.02.22.13.35.07',	0,	'rating',	'face',	'2019-02-04',	16,	UNHEX('50')),
(1477,	102,	82,	288,	'Good',	'0',	'273',	'2019-02-22 13:36:46',	'N',	0,	NULL,	'Y',	0,	'2019-02-22',	'',	NULL,	NULL,	'12-15 2019-02-22',	39,	'588335b5-1786-4a28-b68d-0932eb5ead4c2019.02.22.13.36.44',	0,	'rating',	'star',	'2019-02-04',	11,	UNHEX('50')),
(1478,	102,	82,	288,	'Good',	'0',	'273',	'2019-02-22 13:38:35',	'N',	0,	NULL,	'Y',	0,	'2019-02-22',	'',	NULL,	NULL,	'12-15 2019-02-22',	39,	'588335b5-1786-4a28-b68d-0932eb5ead4c2019.02.22.13.38.30',	0,	'rating',	'star',	'2019-02-04',	11,	UNHEX('50')),
(1479,	102,	82,	288,	'Happy',	'0',	'273',	'2019-02-22 13:48:17',	'N',	0,	NULL,	'Y',	0,	'2019-02-22',	'',	NULL,	NULL,	'12-15 2019-02-22',	37,	'588335b5-1786-4a28-b68d-0932eb5ead4c2019.02.22.13.48.13',	0,	'rating',	'face',	'2019-02-04',	16,	UNHEX('50')),
(1480,	102,	82,	288,	'Happy',	'0',	'273',	'2019-02-22 13:48:17',	'N',	0,	NULL,	'Y',	0,	'2019-02-22',	'',	NULL,	NULL,	'12-15 2019-02-22',	37,	'588335b5-1786-4a28-b68d-0932eb5ead4c2019.02.22.13.48.13',	0,	'rating',	'face',	'2019-02-04',	16,	UNHEX('50')),
(1481,	102,	82,	288,	'Happy',	'0',	'273',	'2019-02-22 13:48:17',	'N',	0,	NULL,	'Y',	0,	'2019-02-22',	'',	NULL,	NULL,	'12-15 2019-02-22',	37,	'588335b5-1786-4a28-b68d-0932eb5ead4c2019.02.22.13.48.13',	0,	'rating',	'face',	'2019-02-04',	16,	UNHEX('50')),
(1482,	102,	82,	288,	'Not Happy',	'0',	'273',	'2019-02-22 14:00:34',	'N',	0,	NULL,	'Y',	0,	'2019-02-22',	'',	NULL,	NULL,	'12-15 2019-02-22',	37,	'588335b5-1786-4a28-b68d-0932eb5ead4c2019.02.22.14.00.30',	0,	'rating',	'face',	'2019-02-04',	17,	UNHEX('4E')),
(1550,	102,	82,	289,	'Happy',	'0',	'270',	'2019-02-22 15:40:41',	'N',	0,	NULL,	'Y',	270,	'2019-02-22',	'',	NULL,	NULL,	'15-18 2019-02-22',	37,	'd3a57f5d-11b2-41ac-b97f-ddac1a392fcc2019.02.22.15.40.34',	0,	'rating',	'face',	'2019-02-04',	16,	UNHEX('50')),
(1551,	102,	82,	289,	'Excellent',	'0',	'270',	'2019-02-22 15:40:41',	'N',	0,	NULL,	'Y',	270,	'2019-02-22',	'',	NULL,	NULL,	'15-18 2019-02-22',	39,	'd3a57f5d-11b2-41ac-b97f-ddac1a392fcc2019.02.22.15.40.34',	0,	'rating',	'star',	'2019-02-04',	12,	UNHEX('50')),
(1552,	102,	82,	289,	'Happy',	'0',	'270',	'2019-02-22 15:40:41',	'N',	0,	NULL,	'Y',	270,	'2019-02-22',	'',	NULL,	NULL,	'15-18 2019-02-22',	37,	'd3a57f5d-11b2-41ac-b97f-ddac1a392fcc2019.02.22.15.40.34',	0,	'rating',	'face',	'2019-02-04',	16,	UNHEX('50')),
(1553,	102,	82,	289,	'Excellent',	'0',	'270',	'2019-02-22 15:40:41',	'N',	0,	NULL,	'Y',	270,	'2019-02-22',	'',	NULL,	NULL,	'15-18 2019-02-22',	39,	'd3a57f5d-11b2-41ac-b97f-ddac1a392fcc2019.02.22.15.40.34',	0,	'rating',	'star',	'2019-02-04',	12,	UNHEX('50')),
(1555,	102,	82,	290,	'Good',	'0',	'273',	'2019-02-22 15:50:43',	'N',	0,	NULL,	'Y',	0,	'2019-02-22',	'',	NULL,	NULL,	'15-18 2019-02-22',	39,	'de1fcf99-e895-4ef6-81d6-d4177950367f2019.02.22.15.50.42',	0,	'rating',	'star',	'2019-02-04',	11,	UNHEX('50')),
(1556,	102,	82,	290,	'Happy',	'0',	'273',	'2019-02-22 15:51:47',	'N',	0,	NULL,	'Y',	0,	'2019-02-22',	'',	NULL,	NULL,	'15-18 2019-02-22',	37,	'de1fcf99-e895-4ef6-81d6-d4177950367f2019.02.22.15.51.45',	0,	'rating',	'face',	'2019-02-04',	16,	UNHEX('50')),
(1558,	102,	82,	290,	'Happy',	'0',	'273',	'2019-02-22 16:26:49',	'N',	0,	NULL,	'Y',	0,	'2019-02-22',	'',	NULL,	NULL,	'15-18 2019-02-22',	37,	'de1fcf99-e895-4ef6-81d6-d4177950367f2019.02.22.16.26.44',	0,	'rating',	'face',	'2019-02-04',	16,	UNHEX('50')),
(1572,	102,	82,	290,	'Good',	'0',	'273',	'2019-02-25 10:47:11',	'N',	0,	NULL,	'Y',	0,	'2019-02-25',	'',	NULL,	NULL,	'09-12 2019-02-25',	39,	'de1fcf99-e895-4ef6-81d6-d4177950367f2019.02.25.10.47.09',	0,	'rating',	'star',	'2019-02-05',	11,	UNHEX('50')),
(1598,	98,	78,	274,	'Good',	'0',	'266',	'2019-02-25 15:58:20',	'N',	0,	NULL,	'Y',	266,	'2019-02-25',	'kojokjo',	NULL,	NULL,	'15-18 2019-02-25',	15,	'3545170803655672019.02.25.15.58.17',	0,	'rating',	'face',	'2019-02-05',	2,	UNHEX('50')),
(1599,	98,	78,	274,	'Excellent',	'0',	'266',	'2019-02-25 16:00:02',	'N',	0,	NULL,	'Y',	266,	'2019-02-25',	'',	NULL,	NULL,	'15-18 2019-02-25',	14,	'3545170803655672019.02.25.15.59.59',	0,	'rating',	'face',	'2019-02-05',	1,	UNHEX('50')),
(1600,	98,	78,	274,	'',	'0',	'266',	'2019-02-25 16:00:02',	'N',	0,	NULL,	'Y',	266,	'2019-02-25',	'',	NULL,	NULL,	'15-18 2019-02-25',	15,	'3545170803655672019.02.25.15.59.59',	0,	'rating',	'',	'2019-02-05',	0,	UNHEX('')),
(1601,	98,	78,	274,	'',	'0',	'266',	'2019-02-25 16:00:02',	'N',	0,	NULL,	'Y',	266,	'2019-02-25',	'',	NULL,	NULL,	'15-18 2019-02-25',	15,	'3545170803655672019.02.25.15.59.59',	0,	'rating',	'',	'2019-02-05',	0,	UNHEX('')),
(1602,	98,	78,	274,	'',	'0',	'266',	'2019-02-25 16:00:02',	'N',	0,	NULL,	'Y',	266,	'2019-02-25',	'',	NULL,	NULL,	'15-18 2019-02-25',	15,	'3545170803655672019.02.25.15.59.59',	0,	'rating',	'',	'2019-02-05',	0,	UNHEX('')),
(1603,	98,	78,	274,	'',	'0',	'266',	'2019-02-25 16:00:02',	'N',	0,	NULL,	'Y',	266,	'2019-02-25',	'',	NULL,	NULL,	'15-18 2019-02-25',	15,	'3545170803655672019.02.25.15.59.59',	0,	'rating',	'',	'2019-02-05',	0,	UNHEX('')),
(1604,	98,	78,	274,	'',	'0',	'266',	'2019-02-25 16:00:02',	'N',	0,	NULL,	'Y',	266,	'2019-02-25',	'',	NULL,	NULL,	'15-18 2019-02-25',	15,	'3545170803655672019.02.25.15.59.59',	0,	'rating',	'',	'2019-02-05',	0,	UNHEX('')),
(1605,	98,	78,	274,	'Excellent',	'0',	'266',	'2019-02-25 16:08:44',	'N',	0,	NULL,	'Y',	266,	'2019-02-25',	'',	NULL,	NULL,	'15-18 2019-02-25',	15,	'3545170803655672019.02.25.16.08.43',	0,	'rating',	'face',	'2019-02-05',	1,	UNHEX('50')),
(1625,	102,	82,	290,	'Average',	'0',	'273',	'2019-02-26 10:42:51',	'N',	0,	NULL,	'Y',	0,	'2019-02-26',	'',	NULL,	NULL,	'09-12 2019-02-26',	39,	'de1fcf99-e895-4ef6-81d6-d4177950367f2019.02.26.10.42.49',	0,	'rating',	'star',	'2019-02-05',	10,	UNHEX('4D')),
(1626,	102,	82,	290,	'Average',	'0',	'273',	'2019-02-26 10:44:21',	'N',	0,	NULL,	'Y',	0,	'2019-02-26',	'',	NULL,	NULL,	'09-12 2019-02-26',	39,	'de1fcf99-e895-4ef6-81d6-d4177950367f2019.02.26.10.44.20',	0,	'rating',	'star',	'2019-02-05',	10,	UNHEX('4D')),
(1627,	102,	82,	290,	'Average',	'0',	'273',	'2019-02-26 11:37:07',	'N',	0,	NULL,	'Y',	0,	'2019-02-26',	'',	NULL,	NULL,	'09-12 2019-02-26',	39,	'de1fcf99-e895-4ef6-81d6-d4177950367f2019.02.26.11.37.05',	0,	'rating',	'star',	'2019-02-05',	10,	UNHEX('4D')),
(1628,	102,	82,	290,	'Average',	'0',	'273',	'2019-02-26 11:38:24',	'N',	0,	NULL,	'Y',	0,	'2019-02-26',	'',	NULL,	NULL,	'09-12 2019-02-26',	39,	'de1fcf99-e895-4ef6-81d6-d4177950367f2019.02.26.11.38.22',	0,	'rating',	'star',	'2019-02-05',	10,	UNHEX('4D')),
(1629,	102,	82,	290,	'Happy',	'0',	'273',	'2019-02-26 11:41:21',	'N',	0,	NULL,	'Y',	0,	'2019-02-26',	'',	NULL,	NULL,	'09-12 2019-02-26',	37,	'de1fcf99-e895-4ef6-81d6-d4177950367f2019.02.26.11.41.19',	0,	'rating',	'face',	'2019-02-05',	16,	UNHEX('50')),
(1630,	102,	82,	290,	'Excellent',	'0',	'273',	'2019-02-26 11:43:08',	'N',	0,	NULL,	'Y',	0,	'2019-02-26',	'',	NULL,	NULL,	'09-12 2019-02-26',	39,	'de1fcf99-e895-4ef6-81d6-d4177950367f2019.02.26.11.43.06',	0,	'rating',	'star',	'2019-02-05',	12,	UNHEX('50')),
(1631,	102,	82,	290,	'Excellent',	'0',	'273',	'2019-02-26 11:48:27',	'N',	0,	NULL,	'Y',	0,	'2019-02-26',	' Xzc xc x f',	NULL,	NULL,	'09-12 2019-02-26',	39,	'de1fcf99-e895-4ef6-81d6-d4177950367f2019.02.26.11.48.20',	0,	'rating',	'star',	'2019-02-05',	12,	UNHEX('50')),
(1676,	99,	79,	303,	'Social Media',	'0',	'267',	'2019-02-27 16:13:40',	'N',	0,	NULL,	'Y',	267,	'2019-02-27',	'',	NULL,	NULL,	'15-18 2019-02-27',	18,	'3593840900206402019.02.27.16.13.38',	0,	'',	'checkbox',	'2019-02-05',	13,	UNHEX('')),
(1677,	99,	79,	303,	'Advertisement',	'0',	'267',	'2019-02-27 16:41:17',	'N',	0,	NULL,	'Y',	267,	'2019-02-27',	'test complimrntsgutfjdj',	't@t.co',	'',	'15-18 2019-02-27',	18,	'3593840900206402019.02.27.16.41.17',	0,	'',	'checkbox',	'2019-02-05',	7,	UNHEX('')),
(1678,	99,	79,	303,	'Very Poor',	'0',	'267',	'2019-02-27 16:41:17',	'N',	0,	NULL,	'Y',	267,	'2019-02-27',	'test complimrntsgutfjdj',	't@t.co',	'',	'15-18 2019-02-27',	19,	'3593840900206402019.02.27.16.41.17',	0,	'rating',	'star',	'2019-02-05',	8,	UNHEX('4E')),
(1679,	99,	79,	303,	'Very Poor',	'0',	'267',	'2019-02-27 16:41:17',	'N',	0,	NULL,	'Y',	267,	'2019-02-27',	'test complimrntsgutfjdj',	't@t.co',	'',	'15-18 2019-02-27',	20,	'3593840900206402019.02.27.16.41.17',	0,	'rating',	'star',	'2019-02-05',	8,	UNHEX('4E')),
(1680,	99,	79,	303,	'Very Poor',	'0',	'267',	'2019-02-27 16:41:17',	'N',	0,	NULL,	'Y',	267,	'2019-02-27',	'test complimrntsgutfjdj',	't@t.co',	'',	'15-18 2019-02-27',	21,	'3593840900206402019.02.27.16.41.17',	0,	'rating',	'star',	'2019-02-05',	8,	UNHEX('4E')),
(1681,	99,	79,	303,	'Very Poor',	'0',	'267',	'2019-02-27 16:41:17',	'N',	0,	NULL,	'Y',	267,	'2019-02-27',	'test complimrntsgutfjdj',	't@t.co',	'',	'15-18 2019-02-27',	22,	'3593840900206402019.02.27.16.41.17',	0,	'rating',	'star',	'2019-02-05',	8,	UNHEX('4E')),
(1682,	99,	79,	303,	'Very Poor',	'0',	'267',	'2019-02-27 16:41:17',	'N',	0,	NULL,	'Y',	267,	'2019-02-27',	'test complimrntsgutfjdj',	't@t.co',	'',	'15-18 2019-02-27',	23,	'3593840900206402019.02.27.16.41.17',	0,	'rating',	'star',	'2019-02-05',	8,	UNHEX('4E')),
(1683,	99,	79,	303,	'Very Poor',	'0',	'267',	'2019-02-27 16:41:17',	'N',	0,	NULL,	'Y',	267,	'2019-02-27',	'test complimrntsgutfjdj',	't@t.co',	'',	'15-18 2019-02-27',	24,	'3593840900206402019.02.27.16.41.17',	0,	'rating',	'star',	'2019-02-05',	8,	UNHEX('4E')),
(1684,	99,	79,	303,	'Very Poor',	'0',	'267',	'2019-02-27 16:41:17',	'N',	0,	NULL,	'Y',	267,	'2019-02-27',	'test complimrntsgutfjdj',	't@t.co',	'',	'15-18 2019-02-27',	25,	'3593840900206402019.02.27.16.41.17',	0,	'rating',	'star',	'2019-02-05',	8,	UNHEX('4E')),
(1685,	99,	79,	303,	'Advertisement',	'0',	'267',	'2019-02-27 16:44:24',	'N',	0,	NULL,	'Y',	267,	'2019-02-27',	'',	NULL,	NULL,	'15-18 2019-02-27',	18,	'3593840900206402019.02.27.16.44.24',	0,	'',	'checkbox',	'2019-02-05',	7,	UNHEX('')),
(1686,	99,	79,	303,	'Poor',	'0',	'267',	'2019-02-27 16:45:26',	'N',	0,	NULL,	'Y',	267,	'2019-02-27',	'',	NULL,	NULL,	'15-18 2019-02-27',	19,	'3593840900206402019.02.27.16.45.26',	0,	'rating',	'star',	'2019-02-05',	9,	UNHEX('4E')),
(1687,	99,	79,	303,	'Poor',	'0',	'267',	'2019-02-27 16:45:26',	'N',	0,	NULL,	'Y',	267,	'2019-02-27',	'',	NULL,	NULL,	'15-18 2019-02-27',	20,	'3593840900206402019.02.27.16.45.26',	0,	'rating',	'star',	'2019-02-05',	9,	UNHEX('4E')),
(1688,	99,	79,	303,	'Poor',	'0',	'267',	'2019-02-27 16:45:26',	'N',	0,	NULL,	'Y',	267,	'2019-02-27',	'',	NULL,	NULL,	'15-18 2019-02-27',	21,	'3593840900206402019.02.27.16.45.26',	0,	'rating',	'star',	'2019-02-05',	9,	UNHEX('4E')),
(1689,	99,	79,	303,	'Poor',	'0',	'267',	'2019-02-27 16:45:26',	'N',	0,	NULL,	'Y',	267,	'2019-02-27',	'',	NULL,	NULL,	'15-18 2019-02-27',	22,	'3593840900206402019.02.27.16.45.26',	0,	'rating',	'star',	'2019-02-05',	9,	UNHEX('4E')),
(1690,	99,	79,	303,	'Poor',	'0',	'267',	'2019-02-27 16:45:26',	'N',	0,	NULL,	'Y',	267,	'2019-02-27',	'',	NULL,	NULL,	'15-18 2019-02-27',	23,	'3593840900206402019.02.27.16.45.26',	0,	'rating',	'star',	'2019-02-05',	9,	UNHEX('4E')),
(1691,	99,	79,	303,	'Poor',	'0',	'267',	'2019-02-27 16:45:26',	'N',	0,	NULL,	'Y',	267,	'2019-02-27',	'',	NULL,	NULL,	'15-18 2019-02-27',	24,	'3593840900206402019.02.27.16.45.26',	0,	'rating',	'star',	'2019-02-05',	9,	UNHEX('4E')),
(1692,	99,	79,	303,	'Poor',	'0',	'267',	'2019-02-27 16:45:26',	'N',	0,	NULL,	'Y',	267,	'2019-02-27',	'',	NULL,	NULL,	'15-18 2019-02-27',	25,	'3593840900206402019.02.27.16.45.26',	0,	'rating',	'star',	'2019-02-05',	9,	UNHEX('4E')),
(1693,	99,	79,	303,	'Average',	'0',	'267',	'2019-02-27 16:45:40',	'N',	0,	NULL,	'Y',	267,	'2019-02-27',	'',	NULL,	NULL,	'15-18 2019-02-27',	19,	'3593840900206402019.02.27.16.45.40',	0,	'rating',	'star',	'2019-02-05',	10,	UNHEX('4D')),
(1694,	99,	79,	303,	'Average',	'0',	'267',	'2019-02-27 16:45:40',	'N',	0,	NULL,	'Y',	267,	'2019-02-27',	'',	NULL,	NULL,	'15-18 2019-02-27',	20,	'3593840900206402019.02.27.16.45.40',	0,	'rating',	'star',	'2019-02-05',	10,	UNHEX('4D')),
(1695,	99,	79,	303,	'Average',	'0',	'267',	'2019-02-27 16:45:40',	'N',	0,	NULL,	'Y',	267,	'2019-02-27',	'',	NULL,	NULL,	'15-18 2019-02-27',	21,	'3593840900206402019.02.27.16.45.40',	0,	'rating',	'star',	'2019-02-05',	10,	UNHEX('4D')),
(1696,	99,	79,	303,	'Average',	'0',	'267',	'2019-02-27 16:45:40',	'N',	0,	NULL,	'Y',	267,	'2019-02-27',	'',	NULL,	NULL,	'15-18 2019-02-27',	22,	'3593840900206402019.02.27.16.45.40',	0,	'rating',	'star',	'2019-02-05',	10,	UNHEX('4D')),
(1697,	99,	79,	303,	'Average',	'0',	'267',	'2019-02-27 16:45:40',	'N',	0,	NULL,	'Y',	267,	'2019-02-27',	'',	NULL,	NULL,	'15-18 2019-02-27',	23,	'3593840900206402019.02.27.16.45.40',	0,	'rating',	'star',	'2019-02-05',	10,	UNHEX('4D')),
(1698,	99,	79,	303,	'Average',	'0',	'267',	'2019-02-27 16:45:40',	'N',	0,	NULL,	'Y',	267,	'2019-02-27',	'',	NULL,	NULL,	'15-18 2019-02-27',	24,	'3593840900206402019.02.27.16.45.40',	0,	'rating',	'star',	'2019-02-05',	10,	UNHEX('4D')),
(1699,	99,	79,	303,	'Average',	'0',	'267',	'2019-02-27 16:45:40',	'N',	0,	NULL,	'Y',	267,	'2019-02-27',	'',	NULL,	NULL,	'15-18 2019-02-27',	25,	'3593840900206402019.02.27.16.45.40',	0,	'rating',	'star',	'2019-02-05',	10,	UNHEX('4D')),
(1700,	99,	79,	303,	'Good',	'0',	'267',	'2019-02-27 16:46:00',	'N',	0,	NULL,	'Y',	267,	'2019-02-27',	'',	NULL,	NULL,	'15-18 2019-02-27',	19,	'3593840900206402019.02.27.16.46.00',	0,	'rating',	'star',	'2019-02-05',	11,	UNHEX('50')),
(1701,	99,	79,	303,	'Good',	'0',	'267',	'2019-02-27 16:46:00',	'N',	0,	NULL,	'Y',	267,	'2019-02-27',	'',	NULL,	NULL,	'15-18 2019-02-27',	20,	'3593840900206402019.02.27.16.46.00',	0,	'rating',	'star',	'2019-02-05',	11,	UNHEX('50')),
(1702,	99,	79,	303,	'Good',	'0',	'267',	'2019-02-27 16:46:00',	'N',	0,	NULL,	'Y',	267,	'2019-02-27',	'',	NULL,	NULL,	'15-18 2019-02-27',	21,	'3593840900206402019.02.27.16.46.00',	0,	'rating',	'star',	'2019-02-05',	11,	UNHEX('50')),
(1703,	99,	79,	303,	'Good',	'0',	'267',	'2019-02-27 16:46:00',	'N',	0,	NULL,	'Y',	267,	'2019-02-27',	'',	NULL,	NULL,	'15-18 2019-02-27',	22,	'3593840900206402019.02.27.16.46.00',	0,	'rating',	'star',	'2019-02-05',	11,	UNHEX('50')),
(1704,	99,	79,	303,	'Good',	'0',	'267',	'2019-02-27 16:46:00',	'N',	0,	NULL,	'Y',	267,	'2019-02-27',	'',	NULL,	NULL,	'15-18 2019-02-27',	23,	'3593840900206402019.02.27.16.46.00',	0,	'rating',	'star',	'2019-02-05',	11,	UNHEX('50')),
(1705,	99,	79,	303,	'Good',	'0',	'267',	'2019-02-27 16:46:00',	'N',	0,	NULL,	'Y',	267,	'2019-02-27',	'',	NULL,	NULL,	'15-18 2019-02-27',	24,	'3593840900206402019.02.27.16.46.00',	0,	'rating',	'star',	'2019-02-05',	11,	UNHEX('50')),
(1706,	99,	79,	303,	'Good',	'0',	'267',	'2019-02-27 16:46:00',	'N',	0,	NULL,	'Y',	267,	'2019-02-27',	'',	NULL,	NULL,	'15-18 2019-02-27',	25,	'3593840900206402019.02.27.16.46.00',	0,	'rating',	'star',	'2019-02-05',	11,	UNHEX('50')),
(1707,	99,	79,	303,	'Excellent',	'0',	'267',	'2019-02-27 16:46:25',	'N',	0,	NULL,	'Y',	267,	'2019-02-27',	'',	NULL,	NULL,	'15-18 2019-02-27',	19,	'3593840900206402019.02.27.16.46.25',	0,	'rating',	'star',	'2019-02-05',	12,	UNHEX('50')),
(1708,	99,	79,	303,	'Excellent',	'0',	'267',	'2019-02-27 16:46:25',	'N',	0,	NULL,	'Y',	267,	'2019-02-27',	'',	NULL,	NULL,	'15-18 2019-02-27',	20,	'3593840900206402019.02.27.16.46.25',	0,	'rating',	'star',	'2019-02-05',	12,	UNHEX('50')),
(1709,	99,	79,	303,	'Excellent',	'0',	'267',	'2019-02-27 16:46:25',	'N',	0,	NULL,	'Y',	267,	'2019-02-27',	'',	NULL,	NULL,	'15-18 2019-02-27',	21,	'3593840900206402019.02.27.16.46.25',	0,	'rating',	'star',	'2019-02-05',	12,	UNHEX('50')),
(1710,	99,	79,	303,	'Excellent',	'0',	'267',	'2019-02-27 16:46:25',	'N',	0,	NULL,	'Y',	267,	'2019-02-27',	'',	NULL,	NULL,	'15-18 2019-02-27',	22,	'3593840900206402019.02.27.16.46.25',	0,	'rating',	'star',	'2019-02-05',	12,	UNHEX('50')),
(1711,	99,	79,	303,	'Excellent',	'0',	'267',	'2019-02-27 16:46:25',	'N',	0,	NULL,	'Y',	267,	'2019-02-27',	'',	NULL,	NULL,	'15-18 2019-02-27',	23,	'3593840900206402019.02.27.16.46.25',	0,	'rating',	'star',	'2019-02-05',	12,	UNHEX('50')),
(1712,	99,	79,	303,	'Excellent',	'0',	'267',	'2019-02-27 16:46:25',	'N',	0,	NULL,	'Y',	267,	'2019-02-27',	'',	NULL,	NULL,	'15-18 2019-02-27',	24,	'3593840900206402019.02.27.16.46.25',	0,	'rating',	'star',	'2019-02-05',	12,	UNHEX('50')),
(1713,	99,	79,	303,	'Excellent',	'0',	'267',	'2019-02-27 16:46:25',	'N',	0,	NULL,	'Y',	267,	'2019-02-27',	'',	NULL,	NULL,	'15-18 2019-02-27',	25,	'3593840900206402019.02.27.16.46.25',	0,	'rating',	'star',	'2019-02-05',	12,	UNHEX('50')),
(1714,	99,	79,	303,	'Excellent',	'0',	'267',	'2019-02-27 16:52:25',	'N',	0,	NULL,	'Y',	267,	'2019-02-27',	'',	'',	'1234567890',	'15-18 2019-02-27',	19,	'3593840900206402019.02.27.16.52.25',	0,	'rating',	'star',	'2019-02-05',	12,	UNHEX('50')),
(1715,	99,	79,	303,	'Excellent',	'0',	'267',	'2019-02-27 16:52:25',	'N',	0,	NULL,	'Y',	267,	'2019-02-27',	'',	'',	'1234567890',	'15-18 2019-02-27',	20,	'3593840900206402019.02.27.16.52.25',	0,	'rating',	'star',	'2019-02-05',	12,	UNHEX('50')),
(1716,	99,	79,	303,	'Excellent',	'0',	'267',	'2019-02-27 16:52:25',	'N',	0,	NULL,	'Y',	267,	'2019-02-27',	'',	'',	'1234567890',	'15-18 2019-02-27',	21,	'3593840900206402019.02.27.16.52.25',	0,	'rating',	'star',	'2019-02-05',	12,	UNHEX('50')),
(1717,	99,	79,	303,	'Excellent',	'0',	'267',	'2019-02-27 16:52:25',	'N',	0,	NULL,	'Y',	267,	'2019-02-27',	'',	'',	'1234567890',	'15-18 2019-02-27',	22,	'3593840900206402019.02.27.16.52.25',	0,	'rating',	'star',	'2019-02-05',	12,	UNHEX('50')),
(1718,	99,	79,	303,	'Excellent',	'0',	'267',	'2019-02-27 16:52:25',	'N',	0,	NULL,	'Y',	267,	'2019-02-27',	'',	'',	'1234567890',	'15-18 2019-02-27',	23,	'3593840900206402019.02.27.16.52.25',	0,	'rating',	'star',	'2019-02-05',	12,	UNHEX('50')),
(1719,	99,	79,	303,	'Excellent',	'0',	'267',	'2019-02-27 16:52:25',	'N',	0,	NULL,	'Y',	267,	'2019-02-27',	'',	'',	'1234567890',	'15-18 2019-02-27',	24,	'3593840900206402019.02.27.16.52.25',	0,	'rating',	'star',	'2019-02-05',	12,	UNHEX('50')),
(1720,	99,	79,	303,	'Excellent',	'0',	'267',	'2019-02-27 16:52:25',	'N',	0,	NULL,	'Y',	267,	'2019-02-27',	'',	'',	'1234567890',	'15-18 2019-02-27',	25,	'3593840900206402019.02.27.16.52.25',	0,	'rating',	'star',	'2019-02-05',	12,	UNHEX('50')),
(1721,	99,	79,	303,	'Good',	'0',	'267',	'2019-02-27 16:53:44',	'N',	0,	NULL,	'Y',	267,	'2019-02-27',	'',	'max@max.com',	'1234569978',	'15-18 2019-02-27',	19,	'3593840900206402019.02.27.16.53.44',	0,	'rating',	'star',	'2019-02-05',	11,	UNHEX('50')),
(1722,	99,	79,	303,	'Good',	'0',	'267',	'2019-02-27 16:53:44',	'N',	0,	NULL,	'Y',	267,	'2019-02-27',	'',	'max@max.com',	'1234569978',	'15-18 2019-02-27',	20,	'3593840900206402019.02.27.16.53.44',	0,	'rating',	'star',	'2019-02-05',	11,	UNHEX('50')),
(1723,	99,	79,	303,	'Average',	'0',	'267',	'2019-02-27 16:53:44',	'N',	0,	NULL,	'Y',	267,	'2019-02-27',	'',	'max@max.com',	'1234569978',	'15-18 2019-02-27',	21,	'3593840900206402019.02.27.16.53.44',	0,	'rating',	'star',	'2019-02-05',	10,	UNHEX('4D')),
(1724,	99,	79,	303,	'Average',	'0',	'267',	'2019-02-27 16:53:44',	'N',	0,	NULL,	'Y',	267,	'2019-02-27',	'',	'max@max.com',	'1234569978',	'15-18 2019-02-27',	22,	'3593840900206402019.02.27.16.53.44',	0,	'rating',	'star',	'2019-02-05',	10,	UNHEX('4D')),
(1725,	99,	79,	303,	'Poor',	'0',	'267',	'2019-02-27 16:53:44',	'N',	0,	NULL,	'Y',	267,	'2019-02-27',	'',	'max@max.com',	'1234569978',	'15-18 2019-02-27',	23,	'3593840900206402019.02.27.16.53.44',	0,	'rating',	'star',	'2019-02-05',	9,	UNHEX('4E')),
(1726,	99,	79,	303,	'Poor',	'0',	'267',	'2019-02-27 16:53:44',	'N',	0,	NULL,	'Y',	267,	'2019-02-27',	'',	'max@max.com',	'1234569978',	'15-18 2019-02-27',	24,	'3593840900206402019.02.27.16.53.44',	0,	'rating',	'star',	'2019-02-05',	9,	UNHEX('4E')),
(1727,	99,	79,	303,	'Poor',	'0',	'267',	'2019-02-27 16:53:44',	'N',	0,	NULL,	'Y',	267,	'2019-02-27',	'',	'max@max.com',	'1234569978',	'15-18 2019-02-27',	25,	'3593840900206402019.02.27.16.53.44',	0,	'rating',	'star',	'2019-02-05',	9,	UNHEX('4E')),
(1728,	99,	79,	303,	'Social Media',	'0',	'267',	'2019-02-27 16:58:05',	'N',	0,	NULL,	'Y',	267,	'2019-02-27',	'bugvhgvyv',	't@t.com',	'1234567890',	'15-18 2019-02-27',	18,	'3593840900206402019.02.27.16.58.05',	0,	'',	'checkbox',	'2019-02-05',	13,	UNHEX('')),
(1729,	99,	79,	303,	'Advertisement',	'0',	'267',	'2019-02-27 19:09:16',	'N',	0,	NULL,	'Y',	267,	'2019-02-27',	'vvvvvvvvvbbbvbb       ',	NULL,	NULL,	'18-21 2019-02-27',	18,	'3593840900206402019.02.27.19.09.17',	0,	'survey',	'checkbox',	'2019-02-05',	7,	UNHEX('6E756C6C')),
(1730,	99,	79,	303,	'Very Poor',	'0',	'267',	'2019-02-27 19:09:16',	'N',	0,	NULL,	'Y',	267,	'2019-02-27',	'vvvvvvvvvbbbvbb       ',	NULL,	NULL,	'18-21 2019-02-27',	20,	'3593840900206402019.02.27.19.09.17',	0,	'rating',	'star',	'2019-02-05',	8,	UNHEX('4E')),
(1731,	99,	79,	303,	'',	'0',	'267',	'2019-02-27 19:09:16',	'N',	0,	NULL,	'Y',	267,	'2019-02-27',	'vvvvvvvvvbbbvbb       ',	NULL,	NULL,	'18-21 2019-02-27',	21,	'3593840900206402019.02.27.19.09.17',	0,	'rating',	'',	'2019-02-05',	0,	UNHEX('')),
(1732,	99,	79,	303,	'',	'0',	'267',	'2019-02-27 19:09:16',	'N',	0,	NULL,	'Y',	267,	'2019-02-27',	'vvvvvvvvvbbbvbb       ',	NULL,	NULL,	'18-21 2019-02-27',	21,	'3593840900206402019.02.27.19.09.17',	0,	'rating',	'',	'2019-02-05',	0,	UNHEX('')),
(1733,	99,	79,	303,	'',	'0',	'267',	'2019-02-27 19:09:16',	'N',	0,	NULL,	'Y',	267,	'2019-02-27',	'vvvvvvvvvbbbvbb       ',	NULL,	NULL,	'18-21 2019-02-27',	21,	'3593840900206402019.02.27.19.09.17',	0,	'rating',	'',	'2019-02-05',	0,	UNHEX('')),
(1734,	99,	79,	303,	'',	'0',	'267',	'2019-02-27 19:09:16',	'N',	0,	NULL,	'Y',	267,	'2019-02-27',	'vvvvvvvvvbbbvbb       ',	NULL,	NULL,	'18-21 2019-02-27',	21,	'3593840900206402019.02.27.19.09.17',	0,	'rating',	'',	'2019-02-05',	0,	UNHEX('')),
(1735,	99,	79,	303,	'',	'0',	'267',	'2019-02-27 19:09:16',	'N',	0,	NULL,	'Y',	267,	'2019-02-27',	'vvvvvvvvvbbbvbb       ',	NULL,	NULL,	'18-21 2019-02-27',	21,	'3593840900206402019.02.27.19.09.17',	0,	'rating',	'',	'2019-02-05',	0,	UNHEX('')),
(1736,	99,	79,	303,	'Very Poor',	'0',	'267',	'2019-02-27 19:09:16',	'N',	0,	NULL,	'Y',	267,	'2019-02-27',	'vvvvvvvvvbbbvbb       ',	NULL,	NULL,	'18-21 2019-02-27',	23,	'3593840900206402019.02.27.19.09.17',	0,	'rating',	'star',	'2019-02-05',	8,	UNHEX('4E')),
(1737,	99,	79,	303,	'Very Poor',	'0',	'267',	'2019-02-28 10:39:44',	'N',	0,	NULL,	'Y',	267,	'2019-02-28',	'',	NULL,	NULL,	'09-12 2019-02-28',	23,	'3593840900206402019.02.28.10.39.45',	0,	'rating',	'star',	'2019-02-05',	8,	UNHEX('4E')),
(1738,	99,	79,	303,	'Average',	'0',	'267',	'2019-02-28 10:40:05',	'N',	0,	NULL,	'Y',	267,	'2019-02-28',	'',	NULL,	NULL,	'09-12 2019-02-28',	23,	'3593840900206402019.02.28.10.40.02',	0,	'rating',	'star',	'2019-02-05',	10,	UNHEX('4D')),
(1739,	99,	79,	303,	'Social Media',	'0',	'267',	'2019-02-28 10:40:21',	'N',	0,	NULL,	'Y',	267,	'2019-02-28',	'',	NULL,	NULL,	'09-12 2019-02-28',	18,	'3593840900206402019.02.28.10.40.20',	0,	'survey',	'checkbox',	'2019-02-05',	13,	UNHEX('6E756C6C')),
(1740,	99,	79,	303,	'Very Poor',	'0',	'267',	'2019-02-28 10:40:21',	'N',	0,	NULL,	'Y',	267,	'2019-02-28',	'',	NULL,	NULL,	'09-12 2019-02-28',	23,	'3593840900206402019.02.28.10.40.20',	0,	'rating',	'star',	'2019-02-05',	8,	UNHEX('4E')),
(1741,	99,	79,	303,	'Social Media',	'0',	'267',	'2019-02-28 10:41:37',	'N',	0,	NULL,	'Y',	267,	'2019-02-28',	'',	't@r.co',	'1234567890',	'09-12 2019-02-28',	18,	'3593840900206402019.02.28.10.41.32',	0,	'survey',	'checkbox',	'2019-02-05',	13,	UNHEX('6E756C6C')),
(1742,	99,	79,	303,	'Very Poor',	'0',	'267',	'2019-02-28 10:41:37',	'N',	0,	NULL,	'Y',	267,	'2019-02-28',	'',	't@r.co',	'1234567890',	'09-12 2019-02-28',	23,	'3593840900206402019.02.28.10.41.32',	0,	'rating',	'star',	'2019-02-05',	8,	UNHEX('4E')),
(1743,	99,	79,	303,	'Passing by the restaurant',	'0',	'267',	'2019-02-28 11:57:04',	'N',	0,	NULL,	'Y',	267,	'2019-02-28',	'',	'',	'6435457545',	'09-12 2019-02-28',	18,	'3593840900206402019.02.28.11.57.05',	0,	'survey',	'checkbox',	'2019-02-05',	14,	UNHEX('6E756C6C')),
(1744,	99,	79,	303,	'Very Poor',	'0',	'267',	'2019-02-28 11:57:04',	'N',	0,	NULL,	'Y',	267,	'2019-02-28',	'',	'',	'6435457545',	'09-12 2019-02-28',	23,	'3593840900206402019.02.28.11.57.05',	0,	'rating',	'star',	'2019-02-05',	8,	UNHEX('4E')),
(1745,	99,	79,	303,	'Social Media',	'0',	'267',	'2019-02-28 11:58:03',	'N',	0,	NULL,	'Y',	267,	'2019-02-28',	'',	'a@a.com',	'',	'09-12 2019-02-28',	18,	'3593840900206402019.02.28.11.57.53',	0,	'survey',	'checkbox',	'2019-02-05',	13,	UNHEX('6E756C6C')),
(1746,	99,	79,	303,	'Good',	'0',	'267',	'2019-02-28 12:15:53',	'N',	0,	NULL,	'Y',	267,	'2019-02-28',	'Amazing service',	NULL,	NULL,	'12-15 2019-02-28',	19,	'abcdkd2341gsd561215648951561232sdg',	1,	'rating',	'star',	'2019-02-05',	11,	UNHEX('50')),
(1747,	99,	79,	303,	'Average',	'0',	'267',	'2019-02-28 12:15:53',	'N',	0,	NULL,	'Y',	267,	'2019-02-28',	'Amazing service',	NULL,	NULL,	'12-15 2019-02-28',	20,	'abcdkd2341gsd561215648951561232sdg',	1,	'rating',	'star',	'2019-02-05',	10,	UNHEX('4D')),
(1748,	99,	79,	303,	'Excellent',	'0',	'267',	'2019-02-28 12:15:53',	'N',	0,	NULL,	'Y',	267,	'2019-02-28',	'Amazing service',	NULL,	NULL,	'12-15 2019-02-28',	21,	'abcdkd2341gsd561215648951561232sdg',	1,	'rating',	'star',	'2019-02-05',	12,	UNHEX('50')),
(1749,	99,	79,	303,	'Good',	'0',	'267',	'2019-02-28 12:16:32',	'N',	0,	NULL,	'Y',	267,	'2019-02-28',	'Amazing service',	NULL,	NULL,	'12-15 2019-02-28',	19,	'abcdkd2341gsd561215648951561232sdg',	1,	'rating',	'star',	'2019-02-05',	11,	UNHEX('50')),
(1750,	99,	79,	303,	'Average',	'0',	'267',	'2019-02-28 12:16:32',	'N',	0,	NULL,	'Y',	267,	'2019-02-28',	'Amazing service',	NULL,	NULL,	'12-15 2019-02-28',	20,	'abcdkd2341gsd561215648951561232sdg',	1,	'rating',	'star',	'2019-02-05',	10,	UNHEX('4D')),
(1751,	99,	79,	303,	'Excellent',	'0',	'267',	'2019-02-28 12:16:32',	'N',	0,	NULL,	'Y',	267,	'2019-02-28',	'Amazing service',	NULL,	NULL,	'12-15 2019-02-28',	21,	'abcdkd2341gsd561215648951561232sdg',	1,	'rating',	'star',	'2019-02-05',	12,	UNHEX('50')),
(1752,	99,	79,	303,	'Good',	'0',	'267',	'2019-02-28 12:16:36',	'N',	0,	NULL,	'Y',	267,	'2019-02-28',	'Amazing service',	NULL,	NULL,	'12-15 2019-02-28',	19,	'abcdkd2341gsd561215648951561232sdg',	1,	'rating',	'star',	'2019-02-05',	11,	UNHEX('50')),
(1753,	99,	79,	303,	'Average',	'0',	'267',	'2019-02-28 12:16:36',	'N',	0,	NULL,	'Y',	267,	'2019-02-28',	'Amazing service',	NULL,	NULL,	'12-15 2019-02-28',	20,	'abcdkd2341gsd561215648951561232sdg',	1,	'rating',	'star',	'2019-02-05',	10,	UNHEX('4D')),
(1754,	99,	79,	303,	'Excellent',	'0',	'267',	'2019-02-28 12:16:36',	'N',	0,	NULL,	'Y',	267,	'2019-02-28',	'Amazing service',	NULL,	NULL,	'12-15 2019-02-28',	21,	'abcdkd2341gsd561215648951561232sdg',	1,	'rating',	'star',	'2019-02-05',	12,	UNHEX('50')),
(1755,	99,	79,	303,	'Good',	'0',	'267',	'2019-02-28 12:16:39',	'N',	0,	NULL,	'Y',	267,	'2019-02-28',	'Amazing service',	NULL,	NULL,	'12-15 2019-02-28',	19,	'abcdkd2341gsd561215648951561232sdg',	1,	'rating',	'star',	'2019-02-05',	11,	UNHEX('50')),
(1756,	99,	79,	303,	'Average',	'0',	'267',	'2019-02-28 12:16:39',	'N',	0,	NULL,	'Y',	267,	'2019-02-28',	'Amazing service',	NULL,	NULL,	'12-15 2019-02-28',	20,	'abcdkd2341gsd561215648951561232sdg',	1,	'rating',	'star',	'2019-02-05',	10,	UNHEX('4D')),
(1757,	99,	79,	303,	'Excellent',	'0',	'267',	'2019-02-28 12:16:39',	'N',	0,	NULL,	'Y',	267,	'2019-02-28',	'Amazing service',	NULL,	NULL,	'12-15 2019-02-28',	21,	'abcdkd2341gsd561215648951561232sdg',	1,	'rating',	'star',	'2019-02-05',	12,	UNHEX('50')),
(1758,	99,	79,	303,	'Good',	'0',	'267',	'2019-02-28 12:16:40',	'N',	0,	NULL,	'Y',	267,	'2019-02-28',	'Amazing service',	NULL,	NULL,	'12-15 2019-02-28',	19,	'abcdkd2341gsd561215648951561232sdg',	1,	'rating',	'star',	'2019-02-05',	11,	UNHEX('50')),
(1759,	99,	79,	303,	'Average',	'0',	'267',	'2019-02-28 12:16:40',	'N',	0,	NULL,	'Y',	267,	'2019-02-28',	'Amazing service',	NULL,	NULL,	'12-15 2019-02-28',	20,	'abcdkd2341gsd561215648951561232sdg',	1,	'rating',	'star',	'2019-02-05',	10,	UNHEX('4D')),
(1760,	99,	79,	303,	'Excellent',	'0',	'267',	'2019-02-28 12:16:40',	'N',	0,	NULL,	'Y',	267,	'2019-02-28',	'Amazing service',	NULL,	NULL,	'12-15 2019-02-28',	21,	'abcdkd2341gsd561215648951561232sdg',	1,	'rating',	'star',	'2019-02-05',	12,	UNHEX('50')),
(1761,	99,	79,	303,	'Good',	'0',	'267',	'2019-02-28 12:16:42',	'N',	0,	NULL,	'Y',	267,	'2019-02-28',	'Amazing service',	NULL,	NULL,	'12-15 2019-02-28',	19,	'abcdkd2341gsd561215648951561232sdg',	1,	'rating',	'star',	'2019-02-05',	11,	UNHEX('50')),
(1762,	99,	79,	303,	'Average',	'0',	'267',	'2019-02-28 12:16:42',	'N',	0,	NULL,	'Y',	267,	'2019-02-28',	'Amazing service',	NULL,	NULL,	'12-15 2019-02-28',	20,	'abcdkd2341gsd561215648951561232sdg',	1,	'rating',	'star',	'2019-02-05',	10,	UNHEX('4D')),
(1763,	99,	79,	303,	'Excellent',	'0',	'267',	'2019-02-28 12:16:42',	'N',	0,	NULL,	'Y',	267,	'2019-02-28',	'Amazing service',	NULL,	NULL,	'12-15 2019-02-28',	21,	'abcdkd2341gsd561215648951561232sdg',	1,	'rating',	'star',	'2019-02-05',	12,	UNHEX('50')),
(1764,	99,	79,	303,	'Good',	'0',	'267',	'2019-02-28 12:16:44',	'N',	0,	NULL,	'Y',	267,	'2019-02-28',	'Amazing service',	NULL,	NULL,	'12-15 2019-02-28',	19,	'abcdkd2341gsd561215648951561232sdg',	1,	'rating',	'star',	'2019-02-05',	11,	UNHEX('50')),
(1765,	99,	79,	303,	'Average',	'0',	'267',	'2019-02-28 12:16:44',	'N',	0,	NULL,	'Y',	267,	'2019-02-28',	'Amazing service',	NULL,	NULL,	'12-15 2019-02-28',	20,	'abcdkd2341gsd561215648951561232sdg',	1,	'rating',	'star',	'2019-02-05',	10,	UNHEX('4D')),
(1766,	99,	79,	303,	'Excellent',	'0',	'267',	'2019-02-28 12:16:44',	'N',	0,	NULL,	'Y',	267,	'2019-02-28',	'Amazing service',	NULL,	NULL,	'12-15 2019-02-28',	21,	'abcdkd2341gsd561215648951561232sdg',	1,	'rating',	'star',	'2019-02-05',	12,	UNHEX('50')),
(1767,	99,	79,	303,	'Good',	'0',	'267',	'2019-02-28 12:17:00',	'N',	0,	NULL,	'Y',	267,	'2019-02-28',	'Amazing service',	NULL,	NULL,	'12-15 2019-02-28',	19,	'abcdkd2341gsd561215648951561232sdg',	1,	'rating',	'star',	'2019-02-05',	11,	UNHEX('50')),
(1768,	99,	79,	303,	'Average',	'0',	'267',	'2019-02-28 12:17:00',	'N',	0,	NULL,	'Y',	267,	'2019-02-28',	'Amazing service',	NULL,	NULL,	'12-15 2019-02-28',	20,	'abcdkd2341gsd561215648951561232sdg',	1,	'rating',	'star',	'2019-02-05',	10,	UNHEX('4D')),
(1769,	99,	79,	303,	'Poor',	'0',	'267',	'2019-02-28 12:17:00',	'N',	0,	NULL,	'Y',	267,	'2019-02-28',	'Amazing service',	NULL,	NULL,	'12-15 2019-02-28',	21,	'abcdkd2341gsd561215648951561232sdg',	1,	'rating',	'star',	'2019-02-05',	9,	UNHEX('4E')),
(1770,	99,	79,	303,	'Very Poor',	'0',	'267',	'2019-02-28 12:17:18',	'N',	0,	NULL,	'Y',	267,	'2019-02-28',	'Amazing service',	NULL,	NULL,	'12-15 2019-02-28',	19,	'abcdkd2341gsd561215648951561232sdg',	1,	'rating',	'star',	'2019-02-05',	8,	UNHEX('4E')),
(1771,	99,	79,	303,	'Average',	'0',	'267',	'2019-02-28 12:17:18',	'N',	0,	NULL,	'Y',	267,	'2019-02-28',	'Amazing service',	NULL,	NULL,	'12-15 2019-02-28',	20,	'abcdkd2341gsd561215648951561232sdg',	1,	'rating',	'star',	'2019-02-05',	10,	UNHEX('4D')),
(1772,	99,	79,	303,	'Poor',	'0',	'267',	'2019-02-28 12:17:18',	'N',	0,	NULL,	'Y',	267,	'2019-02-28',	'Amazing service',	NULL,	NULL,	'12-15 2019-02-28',	21,	'abcdkd2341gsd561215648951561232sdg',	1,	'rating',	'star',	'2019-02-05',	9,	UNHEX('4E')),
(1773,	99,	79,	303,	'Very Poor',	'0',	'267',	'2019-02-28 12:20:36',	'N',	0,	NULL,	'Y',	267,	'2019-02-28',	'Amazing service',	NULL,	NULL,	'12-15 2019-02-28',	19,	'abcdkd2341gsd561215648951561232sdg',	1,	'rating',	'star',	'2019-02-05',	8,	UNHEX('4E')),
(1774,	99,	79,	303,	'Average',	'0',	'267',	'2019-02-28 12:20:36',	'N',	0,	NULL,	'Y',	267,	'2019-02-28',	'Amazing service',	NULL,	NULL,	'12-15 2019-02-28',	20,	'abcdkd2341gsd561215648951561232sdg',	1,	'rating',	'star',	'2019-02-05',	10,	UNHEX('4D')),
(1775,	99,	79,	303,	'Poor',	'0',	'267',	'2019-02-28 12:20:36',	'N',	0,	NULL,	'Y',	267,	'2019-02-28',	'Amazing service',	NULL,	NULL,	'12-15 2019-02-28',	21,	'abcdkd2341gsd561215648951561232sdg',	1,	'rating',	'star',	'2019-02-05',	9,	UNHEX('4E')),
(1776,	99,	79,	303,	'Social Media',	'0',	'267',	'2019-02-28 12:21:50',	'N',	0,	NULL,	'Y',	267,	'2019-02-28',	'kjbkjkjbkjbb',	't@t.com',	'2125555757',	'12-15 2019-02-28',	18,	'3593840900206402019.02.28.12.21.53',	0,	'survey',	'checkbox',	'2019-02-05',	13,	UNHEX('6E756C6C')),
(1777,	99,	79,	303,	'Very Poor',	'0',	'267',	'2019-02-28 12:21:50',	'N',	0,	NULL,	'Y',	267,	'2019-02-28',	'kjbkjkjbkjbb',	't@t.com',	'2125555757',	'12-15 2019-02-28',	23,	'3593840900206402019.02.28.12.21.53',	0,	'rating',	'star',	'2019-02-05',	8,	UNHEX('4E')),
(1778,	99,	79,	303,	'Social Media',	'0',	'267',	'2019-02-28 12:28:08',	'N',	0,	NULL,	'Y',	267,	'2019-02-28',	'uigiugjvjjvNbhvkhvkhvhvhvkgku jbkjbkjbkjbkjbkjb kjbkjbkjbjkbkvnmbkbkjbkjbkjbkbkhbjhbkhkjbkjbmjbjbjbkjhbkjbmbmhbkbkbkbjbkjbkjbkbkvkvhkvk',	'',	'4553434245',	'12-15 2019-02-28',	18,	'3593840900206402019.02.28.12.28.11',	0,	'survey',	'checkbox',	'2019-02-05',	13,	UNHEX('6E756C6C')),
(1779,	99,	79,	303,	'Very Poor',	'0',	'267',	'2019-02-28 12:28:08',	'N',	0,	NULL,	'Y',	267,	'2019-02-28',	'uigiugjvjjvNbhvkhvkhvhvhvkgku jbkjbkjbkjbkjbkjb kjbkjbkjbjkbkvnmbkbkjbkjbkjbkbkhbjhbkhkjbkjbmjbjbjbkjhbkjbmbmhbkbkbkbjbkjbkjbkbkvkvhkvk',	'',	'4553434245',	'12-15 2019-02-28',	19,	'3593840900206402019.02.28.12.28.11',	0,	'rating',	'star',	'2019-02-05',	8,	UNHEX('4E')),
(1780,	99,	79,	303,	'Average',	'0',	'267',	'2019-02-28 12:28:08',	'N',	0,	NULL,	'Y',	267,	'2019-02-28',	'uigiugjvjjvNbhvkhvkhvhvhvkgku jbkjbkjbkjbkjbkjb kjbkjbkjbjkbkvnmbkbkjbkjbkjbkbkhbjhbkhkjbkjbmjbjbjbkjhbkjbmbmhbkbkbkbjbkjbkjbkbkvkvhkvk',	'',	'4553434245',	'12-15 2019-02-28',	20,	'3593840900206402019.02.28.12.28.11',	0,	'rating',	'star',	'2019-02-05',	10,	UNHEX('4D')),
(1781,	99,	79,	303,	'Good',	'0',	'267',	'2019-02-28 12:28:08',	'N',	0,	NULL,	'Y',	267,	'2019-02-28',	'uigiugjvjjvNbhvkhvkhvhvhvkgku jbkjbkjbkjbkjbkjb kjbkjbkjbjkbkvnmbkbkjbkjbkjbkbkhbjhbkhkjbkjbmjbjbjbkjhbkjbmbmhbkbkbkbjbkjbkjbkbkvkvhkvk',	'',	'4553434245',	'12-15 2019-02-28',	21,	'3593840900206402019.02.28.12.28.11',	0,	'rating',	'star',	'2019-02-05',	11,	UNHEX('50')),
(1782,	99,	79,	303,	'Poor',	'0',	'267',	'2019-02-28 12:28:08',	'N',	0,	NULL,	'Y',	267,	'2019-02-28',	'uigiugjvjjvNbhvkhvkhvhvhvkgku jbkjbkjbkjbkjbkjb kjbkjbkjbjkbkvnmbkbkjbkjbkjbkbkhbjhbkhkjbkjbmjbjbjbkjhbkjbmbmhbkbkbkbjbkjbkjbkbkvkvhkvk',	'',	'4553434245',	'12-15 2019-02-28',	22,	'3593840900206402019.02.28.12.28.11',	0,	'rating',	'star',	'2019-02-05',	9,	UNHEX('4E')),
(1783,	99,	79,	303,	'Very Poor',	'0',	'267',	'2019-02-28 12:28:08',	'N',	0,	NULL,	'Y',	267,	'2019-02-28',	'uigiugjvjjvNbhvkhvkhvhvhvkgku jbkjbkjbkjbkjbkjb kjbkjbkjbjkbkvnmbkbkjbkjbkjbkbkhbjhbkhkjbkjbmjbjbjbkjhbkjbmbmhbkbkbkbjbkjbkjbkbkvkvhkvk',	'',	'4553434245',	'12-15 2019-02-28',	23,	'3593840900206402019.02.28.12.28.11',	0,	'rating',	'star',	'2019-02-05',	8,	UNHEX('4E')),
(1784,	99,	79,	303,	'Average',	'0',	'267',	'2019-02-28 12:28:08',	'N',	0,	NULL,	'Y',	267,	'2019-02-28',	'uigiugjvjjvNbhvkhvkhvhvhvkgku jbkjbkjbkjbkjbkjb kjbkjbkjbjkbkvnmbkbkjbkjbkjbkbkhbjhbkhkjbkjbmjbjbjbkjhbkjbmbmhbkbkbkbjbkjbkjbkbkvkvhkvk',	'',	'4553434245',	'12-15 2019-02-28',	24,	'3593840900206402019.02.28.12.28.11',	0,	'rating',	'star',	'2019-02-05',	10,	UNHEX('4D')),
(1785,	99,	79,	303,	'Poor',	'0',	'267',	'2019-02-28 12:28:08',	'N',	0,	NULL,	'Y',	267,	'2019-02-28',	'uigiugjvjjvNbhvkhvkhvhvhvkgku jbkjbkjbkjbkjbkjb kjbkjbkjbjkbkvnmbkbkjbkjbkjbkbkhbjhbkhkjbkjbmjbjbjbkjhbkjbmbmhbkbkbkbjbkjbkjbkbkvkvhkvk',	'',	'4553434245',	'12-15 2019-02-28',	25,	'3593840900206402019.02.28.12.28.11',	0,	'rating',	'star',	'2019-02-05',	9,	UNHEX('4E'));

DROP TABLE IF EXISTS `feedback_form_settings`;
CREATE TABLE `feedback_form_settings` (
  `id` int(11) NOT NULL AUTO_INCREMENT,
  `company_id` int(11) DEFAULT NULL,
  `form_heading` varchar(255) DEFAULT NULL,
  `form_footer` varchar(255) DEFAULT NULL,
  `capture_extra_comments` enum('Y','N') DEFAULT 'N',
  `comment_section_title` varchar(255) DEFAULT NULL,
  `attach_survey` enum('Y','N') DEFAULT 'N',
  `survey_position` enum('first','last','random') DEFAULT 'last',
  `layout` enum('list','tab','grid','slide') DEFAULT 'list',
  `assign_users` enum('Y','N') DEFAULT 'N',
  `capture_percent_chart` enum('Y','N') DEFAULT 'Y',
  `capture_contact_detail` enum('Y','N') DEFAULT 'Y',
  `field_type` enum('face','star') DEFAULT NULL,
  `total_option` int(11) DEFAULT NULL,
  PRIMARY KEY (`id`)
) ENGINE=InnoDB DEFAULT CHARSET=latin1;

INSERT INTO `feedback_form_settings` (`id`, `company_id`, `form_heading`, `form_footer`, `capture_extra_comments`, `comment_section_title`, `attach_survey`, `survey_position`, `layout`, `assign_users`, `capture_percent_chart`, `capture_contact_detail`, `field_type`, `total_option`) VALUES
(1,	54,	'Help us to Be best for your next Visit',	'Visit Again here',	'Y',	'Compliments on overall experience',	'N',	'first',	'list',	'Y',	'Y',	'Y',	NULL,	NULL),
(2,	55,	'Your Feedback is Valuable',	NULL,	'N',	NULL,	'Y',	'random',	'grid',	'N',	'Y',	'Y',	NULL,	NULL),
(3,	56,	'Help us to Be best for your next Visit',	'Visit Again',	'Y',	'Compliments on overall experience',	'Y',	'last',	'slide',	'N',	'Y',	'Y',	NULL,	NULL),
(4,	92,	'Please mark your experience.',	'',	'Y',	NULL,	'N',	'first',	'grid',	'Y',	'Y',	'Y',	NULL,	NULL),
(5,	93,	'Header1',	'Footer1',	'N',	'section',	'N',	'first',	'list',	'Y',	'Y',	'Y',	NULL,	NULL),
(6,	94,	'Header94',	'Footer94',	'N',	'Please give us your 5 seconds.',	'N',	'first',	'list',	'Y',	'N',	'Y',	NULL,	NULL),
(7,	95,	'Header95',	'Footer95',	'N',	'Please give us your 5 seconds.',	'N',	'first',	'list',	'N',	'N',	'N',	NULL,	NULL),
(8,	96,	'Header Text',	'Footer Text',	'N',	'Review  ',	'N',	'first',	'list',	'N',	'Y',	'Y',	NULL,	NULL),
(9,	97,	'Header Text',	'Footer Text',	'N',	'Your review',	'N',	'first',	NULL,	'Y',	'Y',	'Y',	NULL,	NULL),
(10,	98,	'Help us to improve better',	'Your valuable opinion and continuous support inspires us',	'Y',	'Any other suggestion.',	'N',	'random',	'list',	'N',	'Y',	'Y',	'face',	5),
(11,	99,	'Please help us be the best for your next visit',	'Your valuable opinion and continuous support inspires us',	'Y',	'Compliments on your overall experience at step out care',	'Y',	'last',	'list',	'N',	'Y',	'Y',	'star',	5),
(12,	101,	'Help us be the best for your next visit',	'Your valuable opinion and continuous support inspires us',	'Y',	'Compliments on your overall experience at step out care',	'N',	'first',	'list',	'N',	'Y',	'Y',	NULL,	NULL),
(13,	102,	'Sanjay Enterprises',	'95985685652556456556',	'Y',	'Please provide details below',	'Y',	'last',	'list',	'N',	'Y',	'Y',	'face',	10),
(14,	104,	'Sample Header',	'Sample Footer',	'N',	'Please provide comment',	'N',	'',	'',	'N',	'Y',	'Y',	NULL,	NULL);

DROP TABLE IF EXISTS `feedback_questions`;
CREATE TABLE `feedback_questions` (
  `id` int(11) NOT NULL AUTO_INCREMENT,
  `title` varchar(255) DEFAULT NULL,
  `feedback_type` enum('rating','survey') DEFAULT 'rating',
  `company_id` int(11) DEFAULT NULL,
  `capture_issue_detail` enum('Y','N') DEFAULT 'Y',
  `sequence` varchar(10) DEFAULT NULL,
  `extra_comment` enum('Y','N') DEFAULT 'N',
  `capture_fault_detail` enum('Y','N') DEFAULT 'N',
  `is_deleted` enum('Y','N') DEFAULT 'N',
  `is_active` enum('Y','N') DEFAULT 'Y',
  PRIMARY KEY (`id`)
) ENGINE=InnoDB DEFAULT CHARSET=latin1;

INSERT INTO `feedback_questions` (`id`, `title`, `feedback_type`, `company_id`, `capture_issue_detail`, `sequence`, `extra_comment`, `capture_fault_detail`, `is_deleted`, `is_active`) VALUES
(1,	'Rate our services',	'rating',	55,	'Y',	'1',	'N',	'Y',	'N',	'Y'),
(2,	'Overall Service Delivery',	'rating',	54,	'N',	'4',	'N',	'N',	'N',	'Y'),
(3,	'Overall Quality of service/repair',	'rating',	54,	'N',	'5',	'N',	'N',	'N',	'Y'),
(4,	'Overall Workshop facilities',	'rating',	54,	'N',	'2',	'N',	'N',	'N',	'Y'),
(5,	'Overall Service advisor performance',	'rating',	54,	'N',	'3',	'N',	'N',	'N',	'Y'),
(6,	'How did you hear about us ?',	'survey',	54,	'Y',	'6',	'N',	'N',	'N',	'Y'),
(7,	'ABCD',	'rating',	92,	'Y',	'1',	'Y',	'Y',	'N',	'Y'),
(8,	'Overall Job card opening process',	'rating',	54,	'N',	'3',	'N',	'N',	'N',	'Y'),
(9,	'Dummy one',	'rating',	93,	'N',	NULL,	'N',	'Y',	'N',	'Y'),
(10,	'How you feel here?',	'rating',	94,	'N',	'1',	'N',	'Y',	'N',	'Y'),
(11,	'Overall Service Delivery',	'rating',	98,	'N',	'4',	'N',	'N',	'N',	'Y'),
(12,	'Overall Quality of service/repair',	'rating',	98,	'N',	'5',	'N',	'N',	'N',	'Y'),
(13,	'Overall Workshop facilities',	'rating',	98,	'N',	'2',	'N',	'N',	'N',	'Y'),
(14,	'Overall Service advisor performance',	'rating',	98,	'N',	'1',	'N',	'N',	'N',	'Y'),
(15,	'Overall Job card opening process',	'rating',	98,	'N',	'3',	'N',	'N',	'N',	'Y'),
(18,	'How did you hear about us ?',	'survey',	99,	'N',	'8',	'N',	'N',	'N',	'Y'),
(19,	'Food Quality',	'rating',	99,	'N',	'1',	'N',	'N',	'N',	'Y'),
(20,	'Beverage Quality',	'rating',	99,	'N',	'2',	'N',	'N',	'N',	'Y'),
(21,	'Service',	'rating',	99,	'N',	'3',	'N',	'N',	'N',	'Y'),
(22,	'Ambiance',	'rating',	99,	'N',	'4',	'N',	'N',	'N',	'Y'),
(23,	'Cleanliness',	'rating',	99,	'N',	'5',	'N',	'N',	'N',	'Y'),
(24,	'Value for Money',	'rating',	99,	'N',	'6',	'N',	'N',	'N',	'Y'),
(25,	'Overall Rating',	'rating',	99,	'N',	'7',	'N',	'N',	'N',	'Y'),
(26,	'Rate the cleanliness of building',	'rating',	101,	'N',	'1',	'N',	'N',	'N',	'Y'),
(27,	'Rate the attitude of support staff',	'rating',	101,	'N',	'2',	'N',	'N',	'N',	'Y'),
(28,	'Rate the supervision',	'rating',	101,	'N',	'3',	'N',	'N',	'N',	'Y'),
(29,	'Hows staff',	'rating',	54,	'Y',	NULL,	'Y',	'N',	'N',	'Y'),
(30,	'How food was?',	'rating',	10002,	'N',	NULL,	'N',	'N',	'N',	'Y'),
(31,	'How staff behaviour was?',	'rating',	10002,	'N',	NULL,	'N',	'N',	'N',	'Y'),
(32,	'It was in your budget?',	'rating',	10002,	'N',	NULL,	'N',	'N',	'N',	'Y'),
(33,	'how the service delivery?',	'rating',	10002,	'Y',	NULL,	'Y',	'Y',	'N',	'Y'),
(34,	'Dummy Question1',	'rating',	104,	'N',	NULL,	'N',	'N',	'N',	'Y'),
(35,	'Dummy Question 2',	'rating',	104,	'N',	NULL,	'N',	'N',	'N',	'Y'),
(36,	'Dummy Question 3',	'rating',	104,	'N',	NULL,	'N',	'N',	'N',	'Y'),
(37,	'How the behaviour was?',	'rating',	102,	'Y',	NULL,	'N',	'N',	'N',	'Y'),
(38,	'Hows the food quality?',	'rating',	1002,	'Y',	NULL,	'N',	'N',	'N',	'Y'),
(39,	'Hows the food quality?`',	'rating',	102,	'N',	NULL,	'Y',	'Y',	'N',	'Y'),
(40,	'Its good',	'rating',	99,	'N',	NULL,	'N',	'N',	'Y',	'N'),
(41,	'Test Question',	'rating',	99,	'N',	NULL,	'N',	'N',	'Y',	'N'),
(42,	'Test Question',	'survey',	99,	'N',	NULL,	'N',	'N',	'Y',	'N'),
(43,	'Test Image',	'survey',	99,	'Y',	NULL,	'Y',	'Y',	'Y',	'N'),
(44,	'Test Image',	'rating',	99,	'N',	NULL,	'N',	'N',	'Y',	'N'),
(45,	'Very Good',	'rating',	99,	'N',	NULL,	'N',	'N',	'N',	'Y'),
(46,	'Test Question',	'rating',	105,	'N',	NULL,	'Y',	'N',	'N',	'Y'),
(47,	'Tw-est',	'rating',	99,	'N',	NULL,	'N',	'N',	'N',	'Y');

DROP TABLE IF EXISTS `feedback_question_options`;
CREATE TABLE `feedback_question_options` (
  `id` int(11) NOT NULL AUTO_INCREMENT,
  `question_id` int(11) DEFAULT NULL,
  `option_id` int(11) DEFAULT NULL,
  PRIMARY KEY (`id`)
) ENGINE=InnoDB DEFAULT CHARSET=latin1;

INSERT INTO `feedback_question_options` (`id`, `question_id`, `option_id`) VALUES
(1,	2,	1),
(2,	2,	2),
(3,	2,	3),
(4,	2,	4),
(5,	2,	5),
(6,	1,	1),
(7,	7,	8),
(8,	7,	9),
(9,	7,	10),
(10,	7,	11),
(11,	7,	12),
(12,	3,	1),
(13,	3,	2),
(14,	3,	3),
(15,	3,	4),
(16,	3,	5),
(17,	4,	1),
(18,	4,	2),
(19,	4,	3),
(20,	4,	4),
(21,	4,	5),
(24,	5,	1),
(25,	5,	2),
(26,	5,	3),
(27,	5,	4),
(28,	5,	5),
(31,	8,	1),
(32,	8,	2),
(33,	8,	3),
(34,	8,	4),
(35,	8,	5),
(38,	6,	6),
(39,	6,	7),
(40,	6,	13),
(41,	6,	14),
(45,	9,	8),
(47,	9,	9),
(48,	9,	10),
(49,	9,	11),
(50,	9,	12),
(51,	3,	1),
(52,	3,	2),
(53,	3,	3),
(54,	3,	4),
(55,	3,	5),
(58,	10,	1),
(59,	10,	2),
(60,	10,	3),
(61,	10,	4),
(62,	10,	5),
(65,	11,	1),
(66,	11,	2),
(67,	11,	3),
(68,	11,	4),
(69,	11,	5),
(72,	12,	1),
(73,	12,	2),
(74,	12,	3),
(75,	12,	4),
(76,	12,	5),
(79,	13,	1),
(80,	13,	2),
(81,	13,	3),
(82,	13,	4),
(83,	13,	5),
(86,	14,	1),
(87,	14,	2),
(88,	14,	3),
(89,	14,	4),
(90,	14,	5),
(93,	15,	1),
(94,	15,	2),
(95,	15,	3),
(96,	15,	4),
(97,	15,	5),
(100,	19,	8),
(101,	19,	9),
(102,	19,	10),
(103,	19,	11),
(104,	19,	12),
(107,	20,	8),
(108,	20,	9),
(109,	20,	10),
(110,	20,	11),
(111,	20,	12),
(114,	21,	8),
(115,	21,	9),
(116,	21,	10),
(117,	21,	11),
(118,	21,	12),
(121,	22,	8),
(122,	22,	9),
(123,	22,	10),
(124,	22,	11),
(125,	22,	12),
(128,	23,	8),
(129,	23,	9),
(130,	23,	10),
(131,	23,	11),
(132,	23,	12),
(135,	24,	8),
(136,	24,	9),
(137,	24,	10),
(138,	24,	11),
(139,	24,	12),
(142,	25,	8),
(143,	25,	9),
(144,	25,	10),
(145,	25,	11),
(146,	25,	12),
(149,	18,	6),
(150,	18,	7),
(151,	18,	13),
(152,	18,	14),
(156,	26,	15),
(157,	26,	16),
(158,	26,	17),
(159,	27,	15),
(160,	27,	16),
(161,	27,	17),
(162,	28,	15),
(163,	28,	16),
(164,	28,	17),
(165,	30,	16),
(166,	30,	17),
(167,	30,	15),
(168,	31,	16),
(169,	31,	17),
(170,	31,	15),
(171,	32,	1),
(172,	32,	2),
(173,	32,	4),
(174,	33,	12),
(175,	33,	11),
(176,	33,	9),
(177,	34,	1),
(178,	35,	3),
(179,	36,	4),
(180,	37,	15),
(181,	37,	16),
(182,	37,	17),
(183,	38,	12),
(184,	38,	11),
(185,	38,	10),
(186,	39,	12),
(187,	39,	11),
(188,	39,	10),
(190,	40,	8),
(191,	40,	9),
(192,	40,	12),
(193,	40,	11),
(194,	40,	10);

DROP TABLE IF EXISTS `language_list`;
CREATE TABLE `language_list` (
  `id` int(11) NOT NULL AUTO_INCREMENT,
  `short_code` char(2) DEFAULT NULL,
  `language_name` varchar(255) NOT NULL,
  PRIMARY KEY (`id`)
) ENGINE=InnoDB DEFAULT CHARSET=latin1;

INSERT INTO `language_list` (`id`, `short_code`, `language_name`) VALUES
(1,	'ab',	'Abkhazian'),
(2,	'aa',	'Afar'),
(3,	'af',	'Afrikaans'),
(4,	'ak',	'Akan'),
(5,	'sq',	'Albanian'),
(6,	'am',	'Amharic'),
(7,	'ar',	'Arabic'),
(8,	'an',	'Aragonese'),
(9,	'hy',	'Armenian'),
(10,	'as',	'Assamese'),
(11,	'av',	'Avaric'),
(12,	'ae',	'Avestan'),
(13,	'ay',	'Aymara'),
(14,	'az',	'Azerbaijani'),
(15,	'bm',	'Bambara'),
(16,	'ba',	'Bashkir'),
(17,	'eu',	'Basque'),
(18,	'be',	'Belarusian'),
(19,	'bn',	'Bengali'),
(20,	'bh',	'Bihari languages'),
(21,	'bi',	'Bislama'),
(22,	'bs',	'Bosnian'),
(23,	'br',	'Breton'),
(24,	'bg',	'Bulgarian'),
(25,	'my',	'Burmese'),
(26,	'ca',	'Catalan, Valencian'),
(27,	'km',	'Central Khmer'),
(28,	'ch',	'Chamorro'),
(29,	'ce',	'Chechen'),
(30,	'ny',	'Chichewa, Chewa, Nyanja'),
(31,	'zh',	'Chinese'),
(32,	'cu',	'Church Slavonic, Old Bulgarian, Old Church Slavonic'),
(33,	'cv',	'Chuvash'),
(34,	'kw',	'Cornish'),
(35,	'co',	'Corsican'),
(36,	'cr',	'Cree'),
(37,	'hr',	'Croatian'),
(38,	'cs',	'Czech'),
(39,	'da',	'Danish'),
(40,	'dv',	'Divehi, Dhivehi, Maldivian'),
(41,	'nl',	'Dutch, Flemish'),
(42,	'dz',	'Dzongkha'),
(43,	'en',	'English'),
(44,	'eo',	'Esperanto'),
(45,	'et',	'Estonian'),
(46,	'ee',	'Ewe'),
(47,	'fo',	'Faroese'),
(48,	'fj',	'Fijian'),
(49,	'fi',	'Finnish'),
(50,	'fr',	'French'),
(51,	'ff',	'Fulah'),
(52,	'gd',	'Gaelic, Scottish Gaelic'),
(53,	'gl',	'Galician'),
(54,	'lg',	'Ganda'),
(55,	'ka',	'Georgian'),
(56,	'de',	'German'),
(57,	'ki',	'Gikuyu, Kikuyu'),
(58,	'el',	'Greek (Modern)'),
(59,	'kl',	'Greenlandic, Kalaallisut'),
(60,	'gn',	'Guarani'),
(61,	'gu',	'Gujarati'),
(62,	'ht',	'Haitian, Haitian Creole'),
(63,	'ha',	'Hausa'),
(64,	'he',	'Hebrew'),
(65,	'hz',	'Herero'),
(66,	'hi',	'Hindi'),
(67,	'ho',	'Hiri Motu'),
(68,	'hu',	'Hungarian'),
(69,	'is',	'Icelandic'),
(70,	'io',	'Ido'),
(71,	'ig',	'Igbo'),
(72,	'id',	'Indonesian'),
(73,	'ia',	'Interlingua (International Auxiliary Language Association)'),
(74,	'ie',	'Interlingue'),
(75,	'iu',	'Inuktitut'),
(76,	'ik',	'Inupiaq'),
(77,	'ga',	'Irish'),
(78,	'it',	'Italian'),
(79,	'ja',	'Japanese'),
(80,	'jv',	'Javanese'),
(81,	'kn',	'Kannada'),
(82,	'kr',	'Kanuri'),
(83,	'ks',	'Kashmiri'),
(84,	'kk',	'Kazakh'),
(85,	'rw',	'Kinyarwanda'),
(86,	'kv',	'Komi'),
(87,	'kg',	'Kongo'),
(88,	'ko',	'Korean'),
(89,	'kj',	'Kwanyama, Kuanyama'),
(90,	'ku',	'Kurdish'),
(91,	'ky',	'Kyrgyz'),
(92,	'lo',	'Lao'),
(93,	'la',	'Latin'),
(94,	'lv',	'Latvian'),
(95,	'lb',	'Letzeburgesch, Luxembourgish'),
(96,	'li',	'Limburgish, Limburgan, Limburger'),
(97,	'ln',	'Lingala'),
(98,	'lt',	'Lithuanian'),
(99,	'lu',	'Luba-Katanga'),
(100,	'mk',	'Macedonian'),
(101,	'mg',	'Malagasy'),
(102,	'ms',	'Malay'),
(103,	'ml',	'Malayalam'),
(104,	'mt',	'Maltese'),
(105,	'gv',	'Manx'),
(106,	'mi',	'Maori'),
(107,	'mr',	'Marathi'),
(108,	'mh',	'Marshallese'),
(109,	'ro',	'Moldovan, Moldavian, Romanian'),
(110,	'mn',	'Mongolian'),
(111,	'na',	'Nauru'),
(112,	'nv',	'Navajo, Navaho'),
(113,	'nd',	'Northern Ndebele'),
(114,	'ng',	'Ndonga'),
(115,	'ne',	'Nepali'),
(116,	'se',	'Northern Sami'),
(117,	'no',	'Norwegian'),
(118,	'nb',	'Norwegian BokmÃ¥l'),
(119,	'nn',	'Norwegian Nynorsk'),
(120,	'ii',	'Nuosu, Sichuan Yi'),
(121,	'oc',	'Occitan (post 1500)'),
(122,	'oj',	'Ojibwa'),
(123,	'or',	'Oriya'),
(124,	'om',	'Oromo'),
(125,	'os',	'Ossetian, Ossetic'),
(126,	'pi',	'Pali'),
(127,	'pa',	'Panjabi, Punjabi'),
(128,	'ps',	'Pashto, Pushto'),
(129,	'fa',	'Persian'),
(130,	'pl',	'Polish'),
(131,	'pt',	'Portuguese'),
(132,	'qu',	'Quechua'),
(133,	'rm',	'Romansh'),
(134,	'rn',	'Rundi'),
(135,	'ru',	'Russian'),
(136,	'sm',	'Samoan'),
(137,	'sg',	'Sango'),
(138,	'sa',	'Sanskrit'),
(139,	'sc',	'Sardinian'),
(140,	'sr',	'Serbian'),
(141,	'sn',	'Shona'),
(142,	'sd',	'Sindhi'),
(143,	'si',	'Sinhala, Sinhalese'),
(144,	'sk',	'Slovak'),
(145,	'sl',	'Slovenian'),
(146,	'so',	'Somali'),
(147,	'st',	'Sotho, Southern'),
(148,	'nr',	'South Ndebele'),
(149,	'es',	'Spanish, Castilian'),
(150,	'su',	'Sundanese'),
(151,	'sw',	'Swahili'),
(152,	'ss',	'Swati'),
(153,	'sv',	'Swedish'),
(154,	'tl',	'Tagalog'),
(155,	'ty',	'Tahitian'),
(156,	'tg',	'Tajik'),
(157,	'ta',	'Tamil'),
(158,	'tt',	'Tatar'),
(159,	'te',	'Telugu'),
(160,	'th',	'Thai'),
(161,	'bo',	'Tibetan'),
(162,	'ti',	'Tigrinya'),
(163,	'to',	'Tonga (Tonga Islands)'),
(164,	'ts',	'Tsonga'),
(165,	'tn',	'Tswana'),
(166,	'tr',	'Turkish'),
(167,	'tk',	'Turkmen'),
(168,	'tw',	'Twi'),
(169,	'ug',	'Uighur, Uyghur'),
(170,	'uk',	'Ukrainian'),
(171,	'ur',	'Urdu'),
(172,	'uz',	'Uzbek'),
(173,	've',	'Venda'),
(174,	'vi',	'Vietnamese'),
(175,	'vo',	'Volap_k'),
(176,	'wa',	'Walloon'),
(177,	'cy',	'Welsh'),
(178,	'fy',	'Western Frisian'),
(179,	'wo',	'Wolof'),
(180,	'xh',	'Xhosa'),
(181,	'yi',	'Yiddish'),
(182,	'yo',	'Yoruba'),
(183,	'za',	'Zhuang, Chuang'),
(184,	'zu',	'Zulu');

DROP TABLE IF EXISTS `language_support`;
CREATE TABLE `language_support` (
  `id` int(11) NOT NULL AUTO_INCREMENT,
  `short_code` char(2) NOT NULL,
  `language_name` varchar(255) NOT NULL,
  `is_active` enum('Y','N') NOT NULL DEFAULT 'N',
  `is_deleted` enum('Y','N') NOT NULL DEFAULT 'Y',
  `is_file_uploaded` enum('Y','N') NOT NULL DEFAULT 'N',
  `file_name` varchar(255) NOT NULL DEFAULT 'NULL',
  PRIMARY KEY (`id`)
) ENGINE=InnoDB DEFAULT CHARSET=latin1;

INSERT INTO `language_support` (`id`, `short_code`, `language_name`, `is_active`, `is_deleted`, `is_file_uploaded`, `file_name`) VALUES
(1,	'hi',	'Hindi',	'Y',	'N',	'Y',	'hi.json'),
(3,	'en',	'English',	'Y',	'N',	'Y',	'en.json');

DROP TABLE IF EXISTS `login_detail`;
CREATE TABLE `login_detail` (
  `login_id` int(11) NOT NULL AUTO_INCREMENT,
  `user_id` int(11) DEFAULT NULL,
  `access_key` varchar(100) DEFAULT NULL,
  PRIMARY KEY (`login_id`)
) ENGINE=InnoDB DEFAULT CHARSET=latin1;

INSERT INTO `login_detail` (`login_id`, `user_id`, `access_key`) VALUES
(1,	6,	'a22f2220ac8e46aee3ed12de6973a5f0'),
(2,	4,	'h91c341fe0309961ca3d0f6fe40f5e94'),
(3,	11,	'e90223c43673f50a6153ef73bdd13234'),
(4,	10,	'e8e3f0baebc15cbfb7295838aca5166a'),
(5,	12,	'i4bd44b8526cdf0fc07425625b20d710'),
(6,	0,	'c5c995d9436138a3bc49e4982d0c8192'),
(7,	8,	'bc55c83fab346ed6a11317c47eaaf547'),
(8,	14,	'j2da3bfa0988949834f36b30d46e0881'),
(9,	0,	'b87a5f5af5273eb7bb7a6782896ca83c'),
(10,	0,	'kb89948948e76c4a2cf066b40dcf7b4e'),
(11,	0,	'ce4fb648091fac1a1899d85c1812e13a'),
(12,	0,	'g8ce0d7b56c43ffdf775cb7b0c0d0eb5'),
(13,	0,	'c3d8c36248394819bab263652570be29'),
(14,	0,	'kff7895b9df68dff172415d93f854d7c'),
(15,	0,	'g5b0339e909c61865cc3b51f3451877f'),
(16,	0,	'c2ccff1b96d4f9b3dec2c79538355e80'),
(17,	0,	'kf297d795ca4ec2ac18b74815c5c5a91'),
(18,	0,	'h27dd747870296c6827d6b75026c85cc'),
(19,	0,	'g65dfef1420df8deff84f3fe8d82e48f'),
(20,	0,	'bcc18af043c889358392a3dda7665fbd'),
(21,	0,	'k377bc3c8b11f942e858d6175c4b1dae'),
(22,	0,	'a506081db1eef5f912bba9a1d08dbbd0'),
(23,	0,	'g21f6e1435bae872c7f693f1841f54d9'),
(24,	0,	'baa6f6f4e18bb329dea036860f17d670'),
(25,	0,	'b13908177772cf0f2df84c6993c3af24'),
(26,	0,	'g59eb8c9d9c070ce3203e40912cc110a'),
(27,	0,	'k4c28a7bfb2543626377fb138b982b4c'),
(28,	0,	'd090ec19e904dec2705d5fb36359ec0f'),
(29,	0,	'g090ec19e904dec2705d5fb36359ec0f'),
(30,	0,	'k309c8478f0d53ebbcbfa4afb34ca283'),
(31,	1,	'fb6e7fe1bbe11db073f7f561fd59928b'),
(32,	15,	'ab4859708f2c6984a0d775901d67a068'),
(33,	0,	'i14c26e235e3c1f94b5fa2d6242f9718'),
(34,	0,	'b69cf71fe0f13d61e780c3a92e3c627c'),
(35,	0,	'd81170395ea0fedb8171ae2dec7f8860'),
(36,	0,	'i18a479e3ad814961cc495ef358ba520'),
(37,	18,	'ff9ea56b88b1e4dcb1ce2b1147011126'),
(38,	19,	'ccfc894d492c5cea99800da4fa02666d'),
(39,	27,	'a51dbd6620768e82a4701f541278c1b7'),
(40,	28,	'ea29fa924b1ba097a47503a607e2575f'),
(41,	32,	'f8a2b601a0ece7daca5de91624a275bd'),
(42,	30,	'bf3772a2ff653ed6c35d4db039cde987'),
(43,	35,	'f1495c8cb270b77c1be6c30edbf8a09b'),
(44,	0,	'g7edef271cda07b9f58776e9ee8d8bb7'),
(45,	0,	'j75beaddf5eda782507057f55e51010f'),
(46,	0,	'c08653209b4d57d7775e41c2441d6200'),
(47,	0,	'k2dc33eb01bf86d36aea7d7d4e018272'),
(48,	0,	'i7cebd39d0da05130b0a6acf56451c08'),
(49,	0,	'h05d26406e20aaa69ca5cbf08ef0e799'),
(50,	0,	'f0ede8df59da8baa755b399a39d98ecb'),
(51,	0,	'g27e9ea4b1de2011fdbe3c029f40b3ed'),
(52,	55,	'hab8f64d9fabd4b07c283e586e124a11'),
(53,	68,	'c7e92b2b131983f2d36fd872b51110bc'),
(54,	0,	'k044990126bae306e4b54352764202a9'),
(55,	79,	'k9878aa8b43e72e61c3082199b4d99ba'),
(56,	76,	'i184da041e88be0049798fd53d919eed'),
(57,	0,	'c5f835ce5345a39c6546f57fdba907a1'),
(58,	0,	'kca5f41d37fcb39525cb804805611fc5'),
(59,	50,	'fe194edccbaf9027b01c7d566cc9dd6b'),
(60,	0,	'f7752f4759ceea285faec9c514939ba6'),
(61,	0,	'db11bac3f64f03324ef6a2ba8a811a05'),
(62,	0,	'f5a9ad57770cae091b4feb071d4fb553'),
(63,	0,	'g1dfc98045ad86ead87496a1c52b386c'),
(64,	0,	'af655edf0a83fa9be4d327fadf663a08'),
(65,	0,	'c44ad2429c9bd0e157adca779cbfc9de'),
(66,	0,	'a2066cd961746e5065beb15b852cc0dd'),
(67,	0,	'c97566c61ba2e72fa2a1ee94b40f7334'),
(68,	0,	'aa195a0af3d2dc20fb38b90e6d093e17'),
(69,	0,	'j1a10e5d4714a9fb5bcc5b9673641f58'),
(70,	0,	'fd2270987ec257db51e5803be9d773e4'),
(71,	0,	'a4d93b22623702e8311f146babb49c93'),
(72,	0,	'ada019921b23ac48d4295a264a2c3b4f'),
(73,	0,	'j5e9b368cf12d47f5fe8325ec0862ca3'),
(74,	53,	'jb68b87216c88c7087e6f107c0667df9'),
(75,	61,	'i43bb5e65ac94990c9b64dd7829528f7'),
(76,	59,	'hcf5318c52c3139dd23626fe36da52d1'),
(77,	0,	'hf5f0afec4007eade2d74b02d0e0bc07'),
(78,	0,	'jad59b278c296cec02b9d03340b732ef'),
(79,	0,	'bf99a5d96f18eb12017e0877d19f74cb'),
(80,	0,	'f7ecdae570818bcb72dd6f1061155018'),
(81,	0,	'kef90c76c9485e4638746a23a2d25856'),
(82,	0,	'j8b3a1cd3d14a101eb6db4f2d58474b9'),
(83,	0,	'f5eb0bd6bd1f8b93d0dd833d3afa80cb'),
(84,	0,	'b8d039bd47769ff4dbbfb9e9e7a21c8b'),
(85,	82,	'je5b6095932e9695ebcfa9ebc5f07e8f'),
(86,	81,	'b702a1eadb97a2bff66f75e8e54b10d5'),
(87,	29,	'c0f0d4125884447e680bab60e1f4ddf6'),
(88,	0,	'j9feda35de1ae3fff6a3670f0b7b934b'),
(89,	0,	'b8549a7b963e8c5a5b411910df0e82c3'),
(90,	0,	'e0e55b43980b4c75f4eee090e40602d8'),
(91,	0,	'd7935f345fc89f0b18ad8f5d6455b205'),
(92,	0,	'b93a614b53d48d1749fea291cbba9b5a'),
(93,	0,	'f684b269795dd088d8d79ae7af4afbbb'),
(94,	98,	'e87ce9a41a38485ef5bbc968f39be08c'),
(95,	49,	'ab8c876372df37fdedaf4d62cba34ace'),
(96,	101,	'c9d22b4f730f465e09bee3ea2c526f9b'),
(97,	102,	'g3003614ece562badf274592c8e36574'),
(98,	0,	'b0bafa104dd3f99131f6d17ffa01f7a9'),
(99,	0,	'ka98a98325aa4351ac61b9902278e260'),
(100,	0,	'gc0d766e0daae903a95831e9d97b38ef'),
(101,	118,	'ac2126d3980eb995d0dc8cb0ff324b34'),
(102,	122,	'gd99bd2fa1574d7d077bd1e8389dd5f5'),
(103,	129,	'g7640d21eb46a93f68530b3e5435b2e5'),
(104,	0,	'e076b61e6f077d3be7b79c0e4b7863a2'),
(105,	0,	'b04006f646c55400f0c8978c8fea93db'),
(106,	130,	'dd3deacf6d6d2efff90fad8764a46334'),
(107,	0,	'c810b6809ffbae021e97788030378882'),
(108,	133,	'j53391cfda54eab63b6b1c969386b73b'),
(109,	135,	'dc38ea455cb1c21f163b5ebeac1d304b'),
(110,	144,	'jda180d5638456db4d80d74c5bfccc1e'),
(111,	147,	'kb584f92d255002f8ebbf1e6ee90131c'),
(112,	148,	'ea15e776f900fc31911d7328523c772d'),
(113,	149,	'f5bc740cc65a8044c2db00f41b50430f'),
(114,	150,	'j646b72608e8f6e0dab7cba950a9e6a8'),
(115,	136,	'a64fe8661af1422828170915c196b362'),
(116,	157,	'h55f8163801e74e34ab831d6fefa62f9'),
(117,	158,	'k35315c071f0d82d9aa904861f110e09'),
(118,	160,	'cbb423a2e84f0adfd5fde60a18fc550d'),
(119,	162,	'i8fc978706c1f961ebc97c77972c63c6'),
(120,	164,	'k4fbfa7e0f04fee1d9f2124ac47f0bf5'),
(121,	172,	'jb78045b0cd2a3bf698ca6fe6f14f6d4'),
(122,	174,	'b3c16258d2597f4a95ad3eae86843adc'),
(123,	173,	'bd17cd0f0ba033b61124323cfd2c9c89'),
(124,	177,	'idc6f4010a9f77453ded30db33c4063a'),
(125,	151,	'a22e50d6a80d07310ab47faf46634378'),
(126,	183,	'c7c0d661c30425aca20810aaaaa1b111'),
(127,	184,	'a6417ca3da74668b968806017713c98a'),
(128,	185,	'h60ecea33df0e8545b8b6d6a6770b6c3'),
(129,	188,	'a21d519abda68b3bd6ba2b1737edea37'),
(130,	189,	'i82c2906ebdb3d595cff29f83915dd36'),
(131,	194,	'd9ff7fe27d7e3d8eda1958d96e4299fd'),
(132,	197,	'jcc065bd28d8d0ed908151503ec2c242'),
(133,	201,	'a3468f6a362f62adb3c4b05faafe05ad'),
(134,	202,	'gc7d1ca630b6166ab90f02d13d022b1c'),
(135,	207,	'a4f3b105bdfa228a33ce326a1fada786'),
(136,	204,	'e85ddc97eca98e0cd23a411858faebdf'),
(137,	0,	'k38f90c3ffb8c4692d2307c4f96d1345'),
(138,	0,	'f8e4210e6f26b421c82dab559eb9fb60'),
(139,	206,	'a2648e4d050a3a5601e8193dd9583d66'),
(140,	0,	'c49ac34d6969f4d72227e0722d90fb5e'),
(141,	0,	'g3b169415d48fd5d73fd1e95d19723d7'),
(142,	0,	'b7a0b770dc1538716ca4c339ecffb252'),
(143,	0,	'gd6829fc5a55ff87deeed97c5f9c8fc7'),
(144,	0,	'gd3b885400753f1811c7f5d7a16095e6'),
(145,	0,	'hfb089eee41da09d6ccc69498cccbbf0'),
(146,	0,	'g225ef5a927e8c97abb2ceec139ab62a'),
(147,	0,	'f594c4e7e5d0e1318142e6e4fc2f3d41'),
(148,	203,	'f32aad893186731bac5e952d4b602e88'),
(149,	208,	'i11f636c4e679e4d3ecfc83f14e83eb3'),
(150,	0,	'f28765ec3cf9134c62f8939a3de50e5d'),
(151,	0,	'g5195250120951623a4e74d932957c4a'),
(152,	0,	'b93f0fd33fe8cc2a0d227c95c4bf3e93'),
(153,	210,	'j64b0cbd98d5c330c8328a5afae106d2'),
(154,	0,	'f02ec4ab1bb7547cac4e06de2e886074'),
(155,	0,	'f43a00d68727d65757a4e22b41b40445'),
(156,	213,	'g45a920626807664c89e28493ccde742'),
(157,	209,	'k9e548cd8c93add3e1c04c753f621fc1'),
(158,	0,	'jb3d450ee8b720571656fd9e2a2f2c28'),
(159,	212,	'dda33e9ccedeb8ad57e051e78a43cf9f'),
(160,	0,	'ibb758541fa448b91160e4870eba96f7'),
(161,	0,	'i55ce88d5ba86ae7dccf3cb65d66807c'),
(162,	0,	'ie3eeb71efd494d1040a07fae688a2e0'),
(163,	0,	'c5f179900cd39ba0ece17326e53485c2'),
(164,	0,	'efe25b3d280bbb3c7393e0d2115d7379'),
(165,	0,	'e42f060e0dcbe5da7348f73eea0d5cdd'),
(166,	0,	'f30fedc37bea52dccdbeb846f4a07241'),
(167,	0,	'k94b5f54a4f44927418baead3a5a5e21'),
(168,	0,	'f0637e918441726673c557326ad1de33'),
(169,	0,	'fb8b1e5950a01073bc767f88fc61eea9'),
(170,	0,	'b61dd4f8f8bc1fd0a96a73bab0bb7950'),
(171,	0,	'af1903ee1ec61dea0ef310c905be4734'),
(172,	132,	'f9de02046802b5718cc293d0cd2b9684'),
(173,	214,	'g95968d5e5abea5a3e92fa399e7a4455'),
(174,	216,	'f271d892b527c524433f6b75e95e3d53'),
(175,	217,	'id3f67286546faef25d6c52ec7f0e0e4'),
(176,	221,	'ae37b56963a7bdf5afe724190a9345a0'),
(177,	0,	'gd3484cbe5874f8483521d7b91f635e7'),
(178,	224,	'a3938a805e9c60a920f4e127620e7e1c'),
(179,	0,	'e03f9fff64fb6174e5cb3f9dcc26dc04'),
(180,	0,	'd7896f1cd22f9052c29a568a40a3edbc'),
(181,	230,	'fc60e96c6357b53ad0f8a82d89520dda'),
(182,	231,	'if274249b762379fac89ca5b78106171'),
(183,	232,	'dc47cd3289a8fce7bf92b1afad05c899'),
(184,	171,	'd98e978b9d6042255c0593262eab40fb'),
(185,	237,	'c320f03dad5ef9e567996ce1bff9ce2f'),
(186,	244,	'g14ee0610a43de1b333ef002254d725b'),
(187,	247,	'k8716f062ee6eb79ce1185d7f143a316'),
(188,	0,	'b501c8be7c480d399271492416778977'),
(189,	0,	'h35c504c0f4dc3ae29a572ef09ecb3db'),
(190,	251,	'k1fbe7a08d1e4a40aa62a6b98ee7af7d'),
(191,	252,	'g5c25ac6dd585ca370fe618ae2fd0c0a'),
(192,	0,	'f1e9bd75cb558cbdeabe87c589bfe80f'),
(193,	0,	'gbe6f3c1d82edab31d9cee37b464c1df'),
(194,	254,	'g15e46db2b6475726c04ea1debd140ff'),
(195,	255,	'cac04c59ceb023bb57f23d853f4be854'),
(196,	0,	'id2e087560aa80f19f1d2b904ff6b751'),
(197,	0,	'h58295717580fa378669ed58171a5ec8'),
(198,	0,	'e4a2439d7f641b954416af3ad8124932'),
(199,	239,	'c43f1cdc774c3455ee30b72a9ad15daa'),
(200,	257,	'j79b1c407ac8f3dc17a45406b0277997'),
(201,	258,	'ifd720ccffcd9b77cd55d0f670d00e13'),
(202,	260,	'k54ea4c0253d465c629ad7e63a4babc9'),
(203,	261,	'k1c99dfee0851071d3841238fdae4060'),
(204,	263,	'd4bcba39b12d14b908fbf6b353a02413'),
(205,	0,	'h57d17f82cd71a01e0b1e6472edbe79c'),
(206,	0,	'gdfde2f722bd775c32fd2bd3991ddf38'),
(207,	264,	'e847ef0a4bab8e111cd05bd40f558624'),
(208,	265,	'jb46e0484cbdfe83d20f74e2857ef4c3'),
(209,	266,	'k0dda32c52b10995870e9b3608148e74'),
(210,	267,	'eca6634c41bd37fd95245ae3627da7c2'),
(211,	268,	'cf8bb898d4270265e41b3aaddc4432f4'),
(212,	269,	'f52413202b29fc11b6a32f7565c5b04d'),
(213,	270,	'ibdf0317db8eb949ee459e38c8af21e6'),
(214,	272,	'e7bd92bb52a4a3bdd82374a5c73f906b'),
(215,	0,	'f307b24f2bf5b18974e50482b8131f60'),
(216,	0,	'dac106be77b8ac90aa146a6f302de35f'),
(217,	0,	'j5161379173972d5128dfe99158f3da7'),
(218,	0,	'ia336884198107cdf85a3594dcbca223'),
(219,	0,	'deda6572575986016d4260221177d489'),
(220,	0,	'kf39fb62ce7f7684ec4045c9f4bc008d'),
(221,	0,	'd0876f05bf18f9f48d65ed7385ca2ac6'),
(222,	0,	'f324f52320242c3349afaee7fcb0d333'),
(223,	279,	'hbc849917d5fa2a0337170ee8c3bd05b'),
(224,	0,	'fa04abf69b13e7cba7e4b86cd97faac6'),
(225,	0,	'if41f636ca77ccc16e0a7a61092ddc49'),
(226,	0,	'd78304ab668f694122b12a247ef0b7fb'),
(227,	0,	'c816f7e2fbbc798c35119403e3985406'),
(228,	0,	'be7ef66d7bb04ea88274095ca1f4df57'),
(229,	0,	'k3ca05e4466351f17dd8f18a5128c589'),
(230,	0,	'kcc89e28e5af543bdcb1c69fe744a4ab'),
(231,	0,	'c358b82965dca2db77314331ae465b79'),
(232,	0,	'f9f24a2fcc6c06e0789ddd5496567e87'),
(233,	0,	'g97d4c042514833101363a9dbb5c61a3'),
(234,	0,	'a9f7ee0b9e6d308667865a51a0f1122e'),
(235,	0,	'a29eea08f0224c12c75590c0809c9fbe'),
(236,	0,	'j4b9a95da363456c1ba3c3e99657e735'),
(237,	0,	'h2e01850b628bfc1c6a74ea3a0bd8721'),
(238,	0,	'i02956d4d1e82698befd5aa7bdb69f75');

DROP TABLE IF EXISTS `module`;
CREATE TABLE `module` (
  `module_id` int(11) NOT NULL AUTO_INCREMENT,
  `module_name` varchar(200) DEFAULT NULL,
  `company_id` int(11) DEFAULT NULL,
  PRIMARY KEY (`module_id`),
  KEY `module_fk` (`company_id`),
  CONSTRAINT `module_fk` FOREIGN KEY (`company_id`) REFERENCES `company_detail` (`company_id`)
) ENGINE=InnoDB DEFAULT CHARSET=latin1;

INSERT INTO `module` (`module_id`, `module_name`, `company_id`) VALUES
(1,	'dashboard',	NULL),
(2,	'company',	NULL),
(3,	'user',	NULL),
(4,	'feedback',	NULL),
(5,	'jobs',	NULL),
(6,	'device',	NULL),
(7,	'role',	NULL),
(8,	'report',	NULL),
(10,	'services',	NULL),
(11,	'faults',	NULL),
(12,	'permission',	NULL),
(13,	'device locations',	NULL),
(14,	'plan',	NULL),
(15,	'contact_us',	NULL),
(16,	'reports',	NULL),
(17,	'language',	NULL),
(18,	'setting',	NULL),
(19,	'question',	NULL),
(20,	'rating',	NULL);

DROP TABLE IF EXISTS `permission`;
CREATE TABLE `permission` (
  `permission_id` int(11) NOT NULL AUTO_INCREMENT,
  `permission_name` varchar(200) DEFAULT NULL,
  PRIMARY KEY (`permission_id`)
) ENGINE=InnoDB DEFAULT CHARSET=latin1;

INSERT INTO `permission` (`permission_id`, `permission_name`) VALUES
(1,	'R'),
(2,	'A'),
(3,	'E'),
(4,	'D'),
(5,	'ED'),
(6,	'L');

DROP TABLE IF EXISTS `plan`;
CREATE TABLE `plan` (
  `plan_id` int(11) NOT NULL AUTO_INCREMENT,
  `plan_name` varchar(250) DEFAULT NULL,
  `plan_description` varchar(500) DEFAULT NULL,
  `no_manager` int(11) DEFAULT NULL,
  `no_officer` int(11) DEFAULT NULL,
  `plan_price` varchar(200) DEFAULT NULL,
  `is_deleted` enum('Y','N') DEFAULT 'N',
  `is_active` enum('Y','N') DEFAULT 'Y',
  `paid` enum('Y','N') DEFAULT 'N',
  PRIMARY KEY (`plan_id`)
) ENGINE=InnoDB DEFAULT CHARSET=latin1;

INSERT INTO `plan` (`plan_id`, `plan_name`, `plan_description`, `no_manager`, `no_officer`, `plan_price`, `is_deleted`, `is_active`, `paid`) VALUES
(1,	'Basic',	'In this plan you can add 1 manager and 5 officers.',	1,	5,	'',	'N',	'Y',	'N'),
(2,	'Optimum',	'added 5 managers and 50 officers.',	5,	50,	'20000',	'N',	'Y',	'Y'),
(3,	'Premium',	'In this plan you can add 20 managers and 200 officers.',	20,	200,	'50000',	'N',	'Y',	'Y'),
(4,	'demo',	'testing',	3,	15,	'9000',	'Y',	'N',	'Y'),
(5,	'Gold',	'AB',	0,	0,	'',	'Y',	'N',	'N'),
(6,	'Silver',	'a',	2,	2,	'',	'Y',	'N',	'N'),
(7,	'Silver',	'A',	2,	2,	'',	'Y',	'N',	'N'),
(8,	'Demo',	'test',	3,	15,	'9000',	'Y',	'N',	'Y'),
(9,	'Gold',	'test',	3,	9,	'',	'Y',	'N',	'N'),
(10,	'Gold',	'test',	3,	9,	'',	'Y',	'N',	'N'),
(11,	'Golden',	'test',	3,	9,	'',	'N',	'N',	'N'),
(12,	'Gold',	'test',	3,	9,	'',	'Y',	'N',	'N'),
(13,	'Gold',	'test',	3,	9,	'',	'Y',	'N',	'N'),
(14,	'Gold',	'test',	3,	9,	'',	'Y',	'N',	'N'),
(15,	'Gold',	'Test',	2,	6,	'500',	'N',	'Y',	'Y'),
(16,	'test plan1',	'plan1',	100,	4,	'40000',	'Y',	'N',	'Y'),
(17,	'Premium1',	'This plan is premium and unlimited users can be created',	100,	100,	'800',	'N',	'Y',	'Y'),
(18,	'Golden',	'test plan demo',	2,	14,	'25000',	'Y',	'N',	'Y'),
(19,	'New Lallan Top Plan',	'On the Insert tab, the galleries include items that are designed to coordinate with the overall look of your document. You can use these galleries to insert tables, headers, footers, lists, cover pages, and other document building blocks. When you create pictures, charts, or diagrams, they also coordinate with your current document look. You can easily change the formatting of selected text in the document text by choosing a look for the selected text from the Quick Styles gallery on the Home ta',	11,	51,	'',	'N',	'N',	'N'),
(20,	'Titanium 12',	'On the Insert tab, the galleries include items that are designed to coordinate with the overall look of your document. You can use these galleries to insert tables, headers, footers, lists, cover pages, and other document building blocks. When you create pictures, charts, or diagrams, they also coordinate with your current document look. You can easily change the formatting of selected text in the document text by choosing a look for the selected text from the Quick Styles gallery on the Home ta',	10,	50,	'5000',	'Y',	'N',	'N'),
(21,	'Golden Test Plan',	'test plan',	2,	20,	'25000',	'Y',	'N',	'Y'),
(22,	'Plan A',	'145s891s',	3,	10,	'25',	'N',	'Y',	'Y'),
(23,	'Plan B',	'as5d456asd486asd',	96,	15,	'45885',	'N',	'Y',	'N'),
(24,	'Plan C',	'wsddqwd',	33,	87,	'',	'N',	'Y',	'N'),
(25,	'Plan D',	'23re',	32,	23,	'23',	'N',	'Y',	'Y'),
(26,	'Plan E',	'wqdewqeqwe',	123,	123,	'12312',	'N',	'Y',	'Y'),
(27,	'Plan R',	'12wqdeqwde',	23,	213,	'23',	'N',	'Y',	'N'),
(28,	'Dasd',	'        23drd',	32025,	323,	'234',	'N',	'Y',	'Y'),
(29,	'Plan 25',	'Good',	5,	25,	'3605',	'N',	'Y',	'Y'),
(30,	'Plan 47',	'Niocer',	47,	49,	'8978',	'N',	'Y',	'Y'),
(31,	'Asa',	'dfdsf',	3,	10,	'1002',	'N',	'Y',	'Y');

DROP TABLE IF EXISTS `rating_options`;
CREATE TABLE `rating_options` (
  `id` int(11) NOT NULL AUTO_INCREMENT,
  `title` varchar(255) DEFAULT NULL,
  `feedback_type` varchar(30) DEFAULT NULL,
  `field_type` enum('star','face','checkbox') DEFAULT NULL,
  `eligible_for_capture_detail` enum('Y','N') DEFAULT 'N',
  `option_sequence` varchar(10) DEFAULT NULL,
  `option_image` text,
  `feedback_nature` enum('P','N','M') DEFAULT NULL,
  PRIMARY KEY (`id`)
) ENGINE=InnoDB DEFAULT CHARSET=latin1;

INSERT INTO `rating_options` (`id`, `title`, `feedback_type`, `field_type`, `eligible_for_capture_detail`, `option_sequence`, `option_image`, `feedback_nature`) VALUES
(1,	'Excellent',	'rating',	'face',	'N',	'5',	'https://suncart.sunarctechnologies.com/facilitysystem_uat/facilitysystem/images/option_images/excellent_new.png',	'P'),
(2,	'Good',	'rating',	'face',	'N',	'4',	'https://suncart.sunarctechnologies.com/facilitysystem_uat/facilitysystem/images/option_images/good_new.png',	'P'),
(3,	'Average',	'rating',	'face',	'N',	'3',	'https://suncart.sunarctechnologies.com/facilitysystem_uat/facilitysystem/images/option_images/average.png',	'M'),
(4,	'Poor',	'rating',	'face',	'Y',	'2',	'https://suncart.sunarctechnologies.com/facilitysystem_uat/facilitysystem/images/option_images/poor.png',	'N'),
(5,	'Very Poor',	'rating',	'face',	'Y',	'1',	'https://suncart.sunarctechnologies.com/facilitysystem_uat/facilitysystem/images/option_images/very_poor.png',	'N'),
(6,	'Friends',	'survey',	'checkbox',	'N',	'1',	'',	NULL),
(7,	'Advertisement',	'survey',	'checkbox',	'N',	'2',	'',	NULL),
(8,	'Very Poor',	'rating',	'star',	'N',	'1',	'https://suncart.sunarctechnologies.com/facilitysystem_uat/facilitysystem/images/option_images/star_1.png',	'N'),
(9,	'Poor',	'rating',	'star',	'N',	'2',	'https://suncart.sunarctechnologies.com/facilitysystem_uat/facilitysystem/images/option_images/star_2.png',	'N'),
(10,	'Average',	'rating',	'star',	'Y',	'3',	'https://suncart.sunarctechnologies.com/facilitysystem_uat/facilitysystem/images/option_images/star_3.png',	'M'),
(11,	'Good',	'rating',	'star',	'Y',	'4',	'https://suncart.sunarctechnologies.com/facilitysystem_uat/facilitysystem/images/option_images/star_4.png',	'P'),
(12,	'Excellent',	'rating',	'star',	'Y',	'5',	'https://suncart.sunarctechnologies.com/facilitysystem_uat/facilitysystem/images/option_images/star_5.png',	'P'),
(13,	'Social Media',	'survey',	'checkbox',	'N',	'2',	'',	NULL),
(14,	'Passing by the restaurant',	'survey',	'checkbox',	'N',	'2',	'',	NULL),
(15,	'Very Happy',	'rating',	'',	'N',	'1',	'https://suncart.sunarctechnologies.com/facilitysystem_uat/facilitysystem/images/option_images/excellent_new.png',	'P'),
(16,	'Happy',	'rating',	'',	'N',	'3',	'https://suncart.sunarctechnologies.com/facilitysystem_uat/facilitysystem/images/option_images/average.png',	'P'),
(17,	'Not Happy',	'rating',	'',	'N',	'2',	'https://suncart.sunarctechnologies.com/facilitysystem_uat/facilitysystem/images/option_images/very_poor.png',	'N'),
(18,	'product ',	'rating',	'checkbox',	'Y',	NULL,	'1550740655_insta.jpeg',	'M');

DROP TABLE IF EXISTS `reports`;
CREATE TABLE `reports` (
  `report_id` int(11) NOT NULL AUTO_INCREMENT,
  `report_name` varchar(200) DEFAULT NULL,
  `company_id` int(11) DEFAULT NULL,
  PRIMARY KEY (`report_id`),
  KEY `reports_fk` (`company_id`),
  CONSTRAINT `reports_fk` FOREIGN KEY (`company_id`) REFERENCES `company_detail` (`company_id`)
) ENGINE=InnoDB DEFAULT CHARSET=latin1;


DROP TABLE IF EXISTS `reset_password`;
CREATE TABLE `reset_password` (
  `id` int(11) NOT NULL AUTO_INCREMENT,
  `random_key` varchar(250) DEFAULT NULL,
  `is_deleted` enum('Y','N') DEFAULT NULL,
  `created_at` datetime DEFAULT NULL,
  `user_mail` varchar(200) DEFAULT NULL,
  PRIMARY KEY (`id`)
) ENGINE=InnoDB DEFAULT CHARSET=latin1;

INSERT INTO `reset_password` (`id`, `random_key`, `is_deleted`, `created_at`, `user_mail`) VALUES
(1,	'Rba2zIOBWsRHF6HyP9v4pGg45ex5JglzVD8IbrqXkfmc2xjQoj',	'N',	'2018-12-13 00:03:27',	'roy@mailinator.com'),
(2,	'AIgSWbH0MbNcYvY1cggucZLEYdQst84HFhllycEcJVNqqedkSX',	'N',	'2018-12-13 00:10:14',	'roy@mailinator.com'),
(3,	'Jb0C5iwlPLIGt5l8gAbF29i1hqJgpwuRlAw1ubjSAk2uM6e8ob',	'N',	'2018-12-13 00:13:45',	'roy@mailinator.com'),
(4,	'WnYSPuSuUyeNYnXHT9ewLJkR22CHfwzjVN3PJqUT1L2Cjg5yYZ',	'N',	'2018-12-13 00:15:35',	'roy@mailinator.com'),
(5,	'W3J6QK1pIKazPtCWCuf5bMraqDL4dJykvN73kIwl1mbyWjoZHH',	'Y',	'2018-12-13 00:22:55',	'roy@mailinator.com'),
(6,	'1OCvG01qRsG4EcGoF4F1xiZ0IdCIVtea5QhaOwlMGbwzNhFNeY',	'N',	'2018-12-13 23:54:53',	'roy@mailinator.com'),
(7,	'1UA0amErYb9nnrcMkj0cdMJZl3uFZIkIUdhbap62HRzFP2DRDB',	'Y',	'2018-12-13 23:57:04',	'roy@mailinator.com'),
(8,	'hNnEEhq98qdZISaUhm6cd0AunMxbzrpHqSbYpW0ZpNqHOQJGL9',	'N',	'2019-02-22 04:42:05',	'moomal@mailinator.com'),
(9,	'HKJUrBOvmf7VajnUYGuAZkVu6Xp6Y7oBIcMTsP1VvjEYbCDHny',	'N',	'2019-02-22 05:33:46',	'sanjay@mailinator.com'),
(10,	'N6T6Ef6JBe44SLyjiUznyrXUCejjhsL5vhVSPYm2Ixy1jLZB8T',	'N',	'2019-02-22 05:40:19',	'sanjay@mailinator.com'),
(11,	'A2dsOQgJMIgEBkfKyVBDiaKB51TmbWqnCOk6Xb4fOWnteNVTcM',	'N',	'2019-02-22 05:40:26',	'sanjay@mailinator.com'),
(12,	'jpn8Os1EyvoJ1Gr1dU1mZJYzExNzsYEuTe5AV33JpXH8hKdm27',	'N',	'2019-02-27 00:40:09',	'moomal@mailinator.com'),
(13,	'lbqToM81rsxVBjWPgXxjfiXAsas8flOOeXakgL25TU76AxteJb',	'N',	'2019-02-27 01:55:08',	'moomal@mailinator.com'),
(14,	'0h88cNi3nb9JSxs0qcajDF4ccGVfuU7vjNVnsqn4FGrKCeroku',	'Y',	'2019-02-27 01:57:59',	'moomal@mailinator.com'),
(15,	'3H7qVUEO8acauOrnbmJuY7gJoAxmbDwFwsGe1AlIzwYUkHlYU3',	'Y',	'2019-02-27 01:59:36',	'moomal@mailinator.com'),
(16,	'95QHD16LBRUBaY7kycilIyQzH3iE44lHlDdVSobxCBcMuGQZ4b',	'N',	'2019-02-27 02:11:16',	'moomal@mailinator.com');

DROP TABLE IF EXISTS `rolepermission`;
CREATE TABLE `rolepermission` (
  `id` int(11) NOT NULL AUTO_INCREMENT,
  `role_id` int(11) DEFAULT NULL,
  `permission_id` int(11) DEFAULT NULL,
  `module_id` int(11) DEFAULT NULL,
  PRIMARY KEY (`id`),
  KEY `rolepermission_fk` (`role_id`),
  KEY `rolepermission_fk1` (`permission_id`),
  KEY `rolepermission_fk2` (`module_id`)
) ENGINE=InnoDB DEFAULT CHARSET=latin1;

INSERT INTO `rolepermission` (`id`, `role_id`, `permission_id`, `module_id`) VALUES
(276,	0,	1,	3),
(278,	0,	2,	4),
(279,	0,	3,	4),
(281,	0,	1,	4),
(283,	0,	2,	5),
(284,	0,	3,	5),
(286,	0,	1,	5),
(288,	0,	2,	6),
(289,	0,	3,	6),
(291,	0,	1,	6),
(293,	0,	2,	10),
(294,	0,	3,	10),
(296,	0,	1,	10),
(2289,	1,	2,	2),
(2290,	1,	3,	2),
(2291,	1,	4,	2),
(2292,	1,	1,	2),
(2293,	1,	6,	2),
(2294,	1,	2,	3),
(2295,	1,	3,	3),
(2296,	1,	1,	3),
(2297,	1,	6,	3),
(2298,	1,	4,	5),
(2299,	1,	1,	5),
(2300,	1,	6,	5),
(2301,	1,	2,	7),
(2302,	1,	3,	7),
(2303,	1,	4,	7),
(2304,	1,	1,	7),
(2305,	1,	6,	7),
(2306,	1,	4,	8),
(2307,	1,	1,	8),
(2308,	1,	6,	8),
(2309,	1,	2,	10),
(2310,	1,	4,	10),
(2311,	1,	1,	10),
(2312,	1,	6,	10),
(2313,	1,	4,	12),
(2314,	1,	1,	12),
(2315,	1,	6,	12),
(2316,	1,	2,	14),
(2317,	1,	3,	14),
(2318,	1,	4,	14),
(2319,	1,	1,	14),
(2320,	1,	6,	14),
(2321,	3,	1,	2),
(2322,	3,	1,	3),
(2323,	3,	3,	4),
(2324,	3,	1,	4),
(2325,	3,	6,	4),
(2326,	3,	1,	12),
(2337,	24,	1,	1),
(2338,	24,	2,	2),
(2339,	24,	3,	2),
(2340,	24,	4,	2),
(2341,	24,	1,	2),
(2342,	24,	6,	2),
(2343,	24,	2,	3),
(2344,	24,	3,	3),
(2345,	24,	4,	3),
(2346,	24,	1,	3),
(2347,	24,	6,	3),
(2470,	26,	2,	6),
(2471,	26,	3,	6),
(2472,	26,	4,	6),
(2473,	26,	1,	6),
(2474,	26,	6,	6),
(2515,	4,	1,	2),
(2516,	4,	2,	3),
(2517,	4,	3,	3),
(2518,	4,	1,	3),
(2519,	4,	2,	4),
(2520,	4,	3,	4),
(2521,	4,	4,	4),
(2522,	4,	1,	4),
(2523,	4,	6,	4),
(2524,	4,	2,	6),
(2525,	4,	3,	6),
(2526,	4,	4,	6),
(2527,	4,	1,	6),
(2528,	4,	6,	6),
(2529,	4,	1,	12),
(2530,	4,	2,	13),
(2531,	4,	3,	13),
(2532,	4,	4,	13),
(2533,	4,	1,	13),
(2534,	4,	6,	13),
(2535,	4,	2,	15),
(2536,	4,	1,	15),
(2537,	4,	6,	15),
(2578,	2,	1,	1),
(2579,	2,	1,	2),
(2580,	2,	2,	3),
(2581,	2,	3,	3),
(2582,	2,	4,	3),
(2583,	2,	1,	3),
(2584,	2,	6,	3),
(2585,	2,	2,	4),
(2586,	2,	3,	4),
(2587,	2,	4,	4),
(2588,	2,	1,	4),
(2589,	2,	6,	4),
(2590,	2,	2,	6),
(2591,	2,	3,	6),
(2592,	2,	4,	6),
(2593,	2,	1,	6),
(2594,	2,	6,	6),
(2595,	2,	2,	8),
(2596,	2,	3,	8),
(2597,	2,	1,	8),
(2598,	2,	5,	8),
(2599,	2,	1,	10),
(2600,	2,	2,	11),
(2601,	2,	3,	11),
(2602,	2,	4,	11),
(2603,	2,	1,	11),
(2604,	2,	6,	11),
(2605,	2,	2,	12),
(2606,	2,	3,	12),
(2607,	2,	1,	12),
(2608,	2,	2,	13),
(2609,	2,	3,	13),
(2610,	2,	4,	13),
(2611,	2,	1,	13),
(2612,	2,	6,	13),
(2613,	2,	2,	15),
(2614,	2,	3,	15),
(2615,	2,	4,	15),
(2616,	2,	1,	15),
(2617,	2,	6,	15),
(2618,	2,	2,	16),
(2619,	2,	3,	16),
(2620,	2,	4,	16),
(2621,	2,	1,	16),
(2622,	2,	6,	16),
(2623,	1,	1,	17),
(2624,	1,	2,	17),
(2625,	1,	3,	17),
(2626,	1,	4,	17),
(2627,	1,	5,	17),
(2628,	1,	6,	17),
(2629,	2,	1,	18),
(2630,	2,	2,	18),
(2631,	2,	3,	18),
(2632,	2,	4,	18),
(2633,	2,	5,	18),
(2634,	2,	6,	18),
(2636,	2,	1,	19),
(2637,	2,	2,	19),
(2638,	2,	3,	19),
(2639,	2,	4,	19),
(2640,	2,	5,	19),
(2641,	2,	6,	19),
(2643,	2,	2,	20),
(2644,	2,	3,	20),
(2645,	2,	4,	20),
(2646,	2,	5,	20),
(2647,	2,	6,	20);

DROP TABLE IF EXISTS `roles`;
CREATE TABLE `roles` (
  `role_id` int(11) NOT NULL AUTO_INCREMENT,
  `role_name` varchar(200) DEFAULT NULL,
  `is_deleted` enum('Y','N') DEFAULT 'N',
  `is_active` enum('Y','N') DEFAULT 'Y',
  PRIMARY KEY (`role_id`)
) ENGINE=InnoDB DEFAULT CHARSET=latin1;

INSERT INTO `roles` (`role_id`, `role_name`, `is_deleted`, `is_active`) VALUES
(1,	'Super Admin',	'N',	'Y'),
(2,	'Company Admin',	'N',	'Y'),
(3,	'Cleaner',	'N',	'Y'),
(4,	'Supervisor',	'N',	'Y'),
(5,	'Cleaner',	'Y',	'N'),
(6,	'123',	'Y',	'N'),
(7,	'     ',	'Y',	'N'),
(8,	'Supervisor',	'Y',	'N'),
(9,	'    ',	'Y',	'N'),
(10,	'    ',	'Y',	'N'),
(11,	'     ',	'Y',	'N'),
(12,	'     ',	'Y',	'N'),
(13,	'   Cleaner',	'Y',	'N'),
(14,	'Super Visit',	'Y',	'N'),
(15,	'Super',	'Y',	'N'),
(16,	'Super',	'Y',	'N'),
(17,	'Cleaner',	'Y',	'N'),
(18,	'Super',	'Y',	'N'),
(19,	'Cleaner',	'Y',	'N'),
(20,	'    Cleaner',	'Y',	'N'),
(21,	'    test role',	'Y',	'N'),
(22,	'test cleaner role',	'Y',	'N'),
(23,	' cleaner',	'Y',	'N'),
(24,	'Data Admin',	'N',	'Y'),
(25,	'data',	'Y',	'N'),
(26,	'Device Admin',	'N',	'Y'),
(27,	'ERRs',	'Y',	'N'),
(28,	'EE',	'Y',	'N'),
(29,	'RAMWS',	'Y',	'N'),
(30,	'sd',	'N',	'Y');

DROP TABLE IF EXISTS `services`;
CREATE TABLE `services` (
  `service_id` int(11) NOT NULL AUTO_INCREMENT,
  `service_name` varchar(200) DEFAULT NULL,
  `company_id` int(11) DEFAULT NULL,
  `service_description` varchar(250) DEFAULT NULL,
  `image` varchar(250) DEFAULT NULL,
  `is_deleted` enum('Y','N') DEFAULT 'N',
  `is_active` enum('Y','N') DEFAULT 'Y',
  PRIMARY KEY (`service_id`),
  KEY `services_fk` (`company_id`)
) ENGINE=InnoDB DEFAULT CHARSET=latin1;

INSERT INTO `services` (`service_id`, `service_name`, `company_id`, `service_description`, `image`, `is_deleted`, `is_active`) VALUES
(1,	'Washrooms',	10,	'		 Washroom feedbacks ',	'1439531693_Sunset.jpg  ',	'N',	'Y'),
(2,	'Washroom',	12,	NULL,	NULL,	'Y',	'N'),
(3,	'Washroom',	22,	'Washroom feedbacks ',	NULL,	'N',	'Y'),
(4,	'Washroom',	23,	'Washroom Feedbacks',	NULL,	'N',	'Y'),
(5,	'Washroom',	24,	'Washroom Feedbacks',	NULL,	'N',	'Y'),
(6,	'Washroom',	25,	'Washroom Feedbacks',	NULL,	'Y',	'N'),
(7,	'Washroom',	26,	'Washroom Feedbacks',	NULL,	'N',	'Y'),
(8,	'Washroom',	27,	'Washroom Feedbacks',	NULL,	'Y',	'N'),
(9,	'Washroom',	28,	'Washroom Feedbacks',	NULL,	'N',	'Y'),
(10,	'Washroom',	29,	'Washroom Feedbacks',	NULL,	'N',	'Y'),
(11,	'Washroom',	30,	'Washroom Feedbacks',	NULL,	'N',	'Y'),
(12,	'Washroom',	31,	'Washroom Feedbacks',	NULL,	'Y',	'N'),
(13,	'Washroom',	32,	'Washroom Feedbacks',	NULL,	'N',	'Y'),
(14,	'Washroom',	33,	'Washroom Feedbacks',	NULL,	'N',	'Y'),
(15,	'Washroom',	34,	'Washroom Feedbacks',	NULL,	'N',	'Y'),
(16,	'Washroom',	35,	'Washroom Feedbacks',	NULL,	'Y',	'N'),
(17,	'Washroom',	36,	'Washroom Feedbacks',	NULL,	'N',	'Y'),
(18,	'Washroom',	37,	'Washroom Feedbacks',	NULL,	'Y',	'N'),
(19,	'Washroom',	38,	'Washroom Feedbacks',	NULL,	'N',	'Y'),
(20,	'Washroom',	39,	'Washroom Feedbacks',	NULL,	'N',	'Y'),
(21,	'Washroom',	40,	'Washroom Feedbacks',	NULL,	'N',	'Y'),
(22,	'Washroom',	42,	'Washroom Feedbacks',	NULL,	'Y',	'N'),
(23,	'Washroom',	43,	'Washroom Feedbacks',	NULL,	'Y',	'N'),
(24,	'Washroom',	44,	'Washroom Feedbacks',	NULL,	'Y',	'N'),
(25,	'Washroom',	45,	'Washroom Feedbacks',	NULL,	'Y',	'N'),
(26,	'Washroom',	46,	'Washroom Feedbacks',	NULL,	'N',	'Y'),
(27,	'Washroom',	47,	'Washroom Feedbacks',	NULL,	'N',	'Y'),
(28,	'Washroom',	48,	'Washroom Feedbacks',	NULL,	'N',	'Y'),
(29,	'Washroom',	49,	'Washroom Feedbacks',	NULL,	'Y',	'N'),
(30,	'Washroom',	50,	'Washroom Feedbacks',	NULL,	'N',	'Y'),
(31,	'Washroom',	51,	'Washroom Feedbacks',	NULL,	'Y',	'N'),
(32,	'Washroom',	52,	'Washroom Feedbacks',	NULL,	'Y',	'N'),
(33,	'Washroom',	53,	'Washroom Feedbacks',	NULL,	'N',	'Y'),
(34,	'Washroom',	54,	'Washroom Feedbacks',	NULL,	'N',	'Y'),
(35,	'Washroom',	55,	'Washroom Feedbacks',	NULL,	'Y',	'N'),
(36,	'Washroom',	56,	'Washroom Feedbacks',	NULL,	'Y',	'N'),
(37,	'Washroom',	57,	'Washroom Feedbacks',	NULL,	'N',	'Y'),
(38,	'Washroom',	58,	'Washroom Feedbacks',	NULL,	'N',	'Y'),
(39,	'Washroom',	59,	'Washroom Feedbacks',	NULL,	'Y',	'N'),
(40,	'Washroom',	60,	'Washroom Feedbacks',	NULL,	'N',	'Y'),
(41,	'Washroom',	61,	'Washroom Feedbacks',	NULL,	'Y',	'N'),
(42,	'Washroom',	62,	'Washroom Feedbacks',	NULL,	'N',	'Y'),
(43,	'Washroom',	63,	'Washroom Feedbacks',	NULL,	'N',	'Y'),
(44,	'Washroom',	64,	'Washroom Feedbacks',	NULL,	'N',	'Y'),
(45,	'Washroom',	65,	'Washroom Feedbacks',	NULL,	'Y',	'N'),
(46,	'Washroom',	66,	'Washroom Feedbacks',	NULL,	'N',	'Y'),
(47,	'Washroom',	67,	'Washroom Feedbacks',	NULL,	'N',	'Y'),
(48,	'Washroom',	68,	'Washroom Feedbacks',	NULL,	'N',	'Y'),
(49,	'Washroom',	69,	'Washroom Feedbacks',	NULL,	'N',	'Y'),
(50,	'Washroom',	70,	'Washroom Feedbacks',	NULL,	'N',	'Y'),
(51,	'Washroom',	71,	'Washroom Feedbacks',	NULL,	'N',	'Y'),
(52,	'Washroom',	72,	'Washroom Feedbacks',	NULL,	'N',	'Y'),
(53,	'Washroom',	73,	'Washroom Feedbacks',	NULL,	'N',	'Y'),
(54,	'Washroom',	74,	'Washroom Feedbacks',	NULL,	'N',	'Y'),
(55,	'Washroom',	75,	'Washroom Feedbacks',	NULL,	'Y',	'N'),
(56,	'Washroom',	76,	'Washroom Feedbacks',	NULL,	'N',	'Y'),
(57,	'Washroom',	77,	'Washroom Feedbacks',	NULL,	'N',	'Y'),
(58,	'Washroom',	78,	'Washroom Feedbacks',	NULL,	'N',	'Y'),
(59,	'Washroom',	79,	'Washroom Feedbacks',	NULL,	'N',	'Y'),
(60,	'Washroom',	80,	'Washroom Feedbacks',	NULL,	'N',	'Y'),
(61,	'Washroom',	81,	'Washroom Feedbacks',	NULL,	'N',	'Y'),
(62,	'Washroom',	82,	'Washroom Feedbacks',	NULL,	'Y',	'N'),
(63,	'Washroom',	83,	'Washroom Feedbacks',	NULL,	'N',	'Y'),
(64,	'Washroom',	84,	'Washroom Feedbacks',	NULL,	'N',	'Y'),
(65,	'Washroom',	85,	'Washroom Feedbacks',	NULL,	'N',	'Y'),
(66,	'Washroom',	86,	'Washroom Feedbacks',	NULL,	'Y',	'N'),
(67,	'Washroom',	87,	'Washroom Feedbacks',	NULL,	'N',	'Y'),
(68,	'Washroom',	88,	'Washroom Feedbacks',	NULL,	'N',	'Y'),
(69,	'Washroom',	89,	'Washroom Feedbacks',	NULL,	'N',	'Y'),
(70,	'Washroom',	90,	'Washroom Feedbacks',	NULL,	'N',	'Y'),
(71,	'Automobile',	91,	'Washroom Feedbacks',	NULL,	'N',	'Y'),
(72,	'Washroom',	92,	'Washroom Feedbacks',	NULL,	'N',	'Y'),
(73,	'Washroom',	93,	'Washroom Feedbacks',	NULL,	'N',	'Y'),
(74,	'Washroom',	94,	'Washroom Feedbacks',	NULL,	'N',	'Y'),
(75,	'Washroom',	95,	'Washroom Feedbacks',	NULL,	'N',	'Y'),
(76,	'Washroom',	96,	'Washroom Feedbacks',	NULL,	'N',	'Y'),
(77,	'Washroom',	97,	'Washroom Feedbacks',	NULL,	'N',	'Y'),
(78,	'Washroom',	98,	'Washroom Feedbacks',	NULL,	'N',	'Y'),
(79,	'Washroom',	99,	'Washroom Feedbacks',	NULL,	'N',	'Y'),
(80,	'Washroom',	100,	'Washroom Feedbacks',	NULL,	'N',	'Y'),
(81,	'Washroom',	101,	'Washroom Feedbacks',	NULL,	'N',	'Y'),
(82,	'Washroom',	102,	'Washroom Feedbacks',	NULL,	'N',	'Y'),
(83,	'Washroom',	103,	'Washroom Feedbacks',	NULL,	'N',	'Y'),
(84,	'Washroom',	104,	'Washroom Feedbacks',	NULL,	'N',	'Y'),
(85,	'Washroom',	105,	'Washroom Feedbacks',	NULL,	'N',	'Y'),
(86,	'Washroom',	106,	'Washroom Feedbacks',	NULL,	'Y',	'N'),
(87,	'Washroom',	107,	'Washroom Feedbacks',	NULL,	'Y',	'N');

DROP TABLE IF EXISTS `service_faults`;
CREATE TABLE `service_faults` (
  `service_id` int(11) DEFAULT NULL,
  `fault_id` int(11) NOT NULL AUTO_INCREMENT,
  `is_deleted` enum('Y','N') DEFAULT 'N',
  PRIMARY KEY (`fault_id`)
) ENGINE=InnoDB DEFAULT CHARSET=latin1;


DROP TABLE IF EXISTS `users`;
CREATE TABLE `users` (
  `user_id` int(11) NOT NULL AUTO_INCREMENT,
  `first_name` varchar(200) DEFAULT NULL,
  `last_name` varchar(200) DEFAULT NULL,
  `user_email` varchar(200) DEFAULT NULL,
  `password` varchar(200) DEFAULT NULL,
  `creation_date` date DEFAULT NULL,
  `company_id` int(11) DEFAULT NULL,
  `role_id` int(11) DEFAULT NULL,
  `is_active` enum('Y','N') DEFAULT 'Y',
  `profile_image` varchar(250) DEFAULT NULL,
  `is_deleted` enum('Y','N') DEFAULT 'N',
  `user_phone` varchar(20) DEFAULT NULL,
  `assigned_to` int(11) DEFAULT NULL,
  PRIMARY KEY (`user_id`),
  KEY `users_fk` (`role_id`)
) ENGINE=InnoDB DEFAULT CHARSET=latin1;

INSERT INTO `users` (`user_id`, `first_name`, `last_name`, `user_email`, `password`, `creation_date`, `company_id`, `role_id`, `is_active`, `profile_image`, `is_deleted`, `user_phone`, `assigned_to`) VALUES
(1,	'Jemes',	'John',	'branding@gmail.com',	'obq0tauVZg==',	'2015-08-01',	4,	2,	'N',	' ',	'Y',	'741852963',	NULL),
(3,	'John',	'Ross',	'techno12@gmail.com',	'obq0tauVZg==',	'2015-08-05',	2,	2,	'N',	NULL,	'Y',	NULL,	NULL),
(4,	'kevin',	'Thomas',	'spicejet@gmail.com',	'obq0tauVZg==',	'2015-08-06',	10,	2,	'Y',	' ',	'N',	'2147483647',	4),
(6,	'Adam',	'Smiths',	'super_admin@gmail.com',	'nrm0r+iUZZc=',	'2015-08-06',	1,	1,	'Y',	'1539954476_logo-18.jpg',	'N',	'3456129912',	0),
(7,	'Michel',	'Smith',	'nick23@gmail.com',	'obq0tauVZg==',	'2015-08-07',	10,	3,	'N',	'1439379717_Sunset.jpg   ',	'Y',	'2156893622',	29),
(8,	'Smith',	'Crew',	'smith@gmail.com',	'obq0tauVZg==',	'2015-08-07',	10,	4,	'Y',	'1442656640_JPEG_20150123_072457_.jpg',	'N',	'123456783',	4),
(9,	'sun',	NULL,	'rajneesh.vyas@gmail.com',	'wp5Mg7',	'2015-08-11',	11,	2,	'N',	NULL,	'Y',	NULL,	NULL),
(11,	'frenk',	'thomas',	'frenk12@gmail.com',	'o8estOWUZZc=',	'2015-08-12',	10,	3,	'Y',	'1442231799_JPEG_20150123_074500_.jpg  ',	'N',	'7597416291',	8),
(12,	'Devid ',	'Johnson',	'devid@gmail.com',	'obq0tauVZg==',	'2015-08-13',	10,	3,	'N',	'1439469054_Water lilies.jpg  ',	'Y',	'748596321',	8),
(13,	'sunarc',	'sunarc',	'sun@gmail.com',	'obq0tauVZg==',	'2015-08-19',	13,	2,	'N',	' ',	'Y',	'2147483647',	NULL),
(14,	'frenkin',	'frozen',	'frenk.frozen@gmail.com',	'obq0tauVZg==',	'2015-08-11',	10,	3,	'N',	'1440405872_Tulips.jpg    ',	'Y',	'7418529632',	29),
(15,	'John Cena',	NULL,	'johnc@gmail.com',	'obq0tauVZg==',	'2015-08-25',	14,	2,	'N',	NULL,	'Y',	NULL,	NULL),
(16,	'Kevin John',	NULL,	'kevin@gmail.com',	'obq0tauVZg==',	'2015-08-26',	15,	2,	'N',	NULL,	'Y',	NULL,	NULL),
(17,	'Mack Thomas',	NULL,	'mack@gmail.com',	'obq0tauVZg==',	'2015-08-26',	16,	2,	'N',	NULL,	'Y',	NULL,	NULL),
(18,	'John',	'Mete',	'mete@gmail.com',	'obq0tauVZg==',	'2015-08-26',	12,	2,	'N',	NULL,	'Y',	'7418529632',	NULL),
(19,	'Mete',	'Thomas',	'thomas@gmail.com',	'obq0tauVZg==',	'2015-08-26',	12,	4,	'N',	NULL,	'Y',	'7418529632',	NULL),
(20,	'Kim',	'Mete',	'kim@gmail.com',	'obq0tauVZg==',	'2015-08-26',	12,	3,	'N',	NULL,	'Y',	'7418529632',	NULL),
(21,	'hyy',	'Mete',	'hyy@gmail.com',	'obq0tauVZg==',	'2015-08-26',	12,	3,	'N',	NULL,	'Y',	'7418529632',	NULL),
(22,	'sunny',	NULL,	'sunny@vmail.com',	'7rYPLQ',	'2015-08-27',	17,	2,	'N',	NULL,	'Y',	NULL,	NULL),
(23,	'rony',	NULL,	'rony@vmail.com',	'E3UXm4',	'2015-08-27',	18,	2,	'N',	NULL,	'Y',	NULL,	NULL),
(24,	'rony',	NULL,	'rony@vmail.com',	'LIPPOJ',	'2015-08-27',	19,	2,	'N',	NULL,	'Y',	NULL,	NULL),
(25,	'jony',	NULL,	'cyber@gmail.com',	'fuAFjX',	'2015-08-27',	20,	2,	'N',	NULL,	'Y',	NULL,	NULL),
(26,	'Tect COmpany',	'Test',	'testcompany@gmail.com',	'obq0tauVZg==',	'2015-08-28',	21,	2,	'N',	' ',	'Y',	'8529637414',	NULL),
(27,	'zumbino',	'devid',	'zumbino@gmail.com',	'obq0tauVZg==',	'2015-08-28',	22,	2,	'N',	'1440744815_screenshot-{domain} {date} {time}.png    ',	'Y',	'7418529632',	6),
(28,	'Devil',	'Gorge',	'devil@gmail.com',	'sMq1p+zGZJap',	'2015-08-28',	22,	4,	'N',	'1440746712_Screen Shot 2015-08-13 at 2.27.20 pm.png',	'Y',	'2343253465645',	NULL),
(29,	'jack',	'sparow',	'sprow@gmail.com',	'obq0tauVZg==',	'2015-08-28',	10,	4,	'N',	' ',	'Y',	'7418529632',	4),
(30,	'Jonh',	'Seeker',	'john@gmail.com',	'sMq1p+zGZJap',	'2015-08-28',	22,	3,	'N',	'1440767819_Next Tournaments   Events  .png  ',	'Y',	'234324345',	NULL),
(31,	'Marc',	'devid',	'marc@gmail.com',	'i8O3kt3GpJg=',	'2015-08-28',	22,	4,	'N',	'',	'Y',	'243234324',	NULL),
(32,	'Sunarc Admin',	NULL,	'sunarc@gmail.com',	'obq0tauVZg==',	'2015-08-31',	23,	2,	'N',	NULL,	'Y',	NULL,	NULL),
(33,	'John ',	'Cruze',	'cruze@gmail.com',	'tpqUtPHElpg=',	'2015-08-31',	10,	4,	'N',	'',	'Y',	'7418529632',	4),
(34,	'Michel',	'Jorden',	'michel@gmail.com',	'hpp9l8HWiZg=',	'2015-08-31',	10,	3,	'N',	'',	'Y',	'8529637412',	33),
(35,	'jordan',	'james',	'jordan@gmail.com',	'p8S5qtvRZJap',	'2015-08-31',	10,	3,	'N',	'1446444590_I_Power_Logo_2_rgb.jpg',	'Y',	'2345678901',	0),
(36,	'cfs',	'cleaner',	'cleaner@gmail.com',	'lc61krypZ5U=',	'2015-09-01',	10,	3,	'N',	'',	'Y',	'7418529632',	29),
(37,	'cfs',	'supervisior',	'super@gmail.com',	'q6OMeMPce5g=',	'2015-09-01',	10,	4,	'N',	'',	'Y',	'7418529632',	4),
(38,	'cfs',	'cleaner',	'test@gmail.com',	'hoy7t/Swrd4=',	'2015-09-01',	10,	3,	'N',	'',	'Y',	'7418529632',	37),
(39,	'cfs',	'supervisior5',	'super5@gmail.com',	'hoyTfMavfJo=',	'2015-09-01',	10,	4,	'N',	'',	'Y',	'7418529632',	4),
(40,	'cfs',	'supervisior6',	'super6@gmail.com',	'dMOdnOvXraU=',	'2015-09-01',	10,	4,	'N',	'',	'Y',	'7418529632',	4),
(41,	'cfs',	'supervisior',	'super1@gmail.com',	'lZqTvcbXp9o=',	'2015-09-01',	10,	4,	'N',	'',	'Y',	'7418529632',	4),
(42,	'cfs',	'cleaner1',	'cleaner1@gmail.com',	'tozBva7Lico=',	'2015-09-01',	10,	3,	'N',	'',	'Y',	'7418529632',	33),
(43,	'cfs',	'cleaner2',	'cleaner2@gmail.com',	'q5qQePOXecc=',	'2015-09-01',	10,	3,	'N',	'',	'Y',	'7418529632',	8),
(44,	'cfs',	'cleaner3',	'cleaner3@gmail.com',	'lYyffL+5aNE=',	'2015-09-01',	10,	3,	'N',	'1441188041_cloth_2.jpg',	'Y',	'7418529632',	8),
(45,	'Sunny',	NULL,	'sunny@vmail.com',	'ntrCid',	'2015-09-04',	24,	2,	'N',	NULL,	'Y',	NULL,	NULL),
(46,	'Rony',	NULL,	'rony@vmail.com',	'XEqoW1',	'2015-09-04',	25,	2,	'N',	NULL,	'Y',	NULL,	NULL),
(47,	'WWWWWWWWWWWWWWWWWWWWWWWWWWWWWWWWWWWWWWWWWWWWWWWWWWWWWWWWWWWWWWWWWWWWWWWWWWWWWWWWWWWWWWWWWWWWWWWWWWWWWWWWWWWWWWWWWWWWWWWWWWWWWWWWWWWWWWWWWWWWWWWWWWWWWWWWWWWWWWWWWWWWWWWWWWWWWWWWWWWWWWWWWWWWWWWWWWWWWWWW',	NULL,	'sunny@vmail.com',	'tXHs7v',	'2015-09-04',	26,	2,	'N',	NULL,	'Y',	NULL,	NULL),
(48,	'Jony',	NULL,	'jony@vmail.com',	'IINIpX',	'2015-09-04',	27,	2,	'N',	NULL,	'Y',	NULL,	NULL),
(49,	'Farhan',	'seikh',	'farhan@vmail.com',	'bod6eq+Z',	'2015-09-04',	28,	2,	'N',	' ',	'Y',	'7878787823',	0),
(50,	'Vinod',	'kumar',	'vinod@vmail.com',	'obq0tauVZg==',	'2015-09-04',	29,	2,	'N',	' ',	'Y',	'1234567890',	0),
(51,	'Sunarc',	' Admin',	'sunarc@gmail.com',	'obq0tauVZg==',	'2015-09-05',	30,	2,	'N',	' ',	'Y',	'7418529632',	0),
(52,	'jony',	NULL,	'jony@vmail.com',	'I7MBNo',	'2015-09-05',	31,	2,	'N',	NULL,	'Y',	NULL,	NULL),
(53,	'mical',	'jeson',	'',	'lcOynuWplJc=',	'2015-09-05',	22,	4,	'N',	'',	'Y',	'1234567896',	27),
(54,	'denial',	'woolmer',	'denial@vmail.com',	'i8OtfPDLe80=',	'2015-09-05',	22,	4,	'N',	'',	'Y',	'3265499665',	27),
(55,	'Preet',	'singh',	'preet@vmail.com',	'XXVnZpqD',	'2015-09-07',	32,	2,	'N',	' ',	'Y',	'8520147963',	0),
(56,	'denial',	'headin',	'denial@vmail.com',	'i8Ozp8zYn5g=',	'2015-09-07',	32,	4,	'N',	'',	'Y',	'8521212112',	55),
(57,	'peter',	'woolmer',	'peter@vmail.com',	'iaO5ne2ZgZg=',	'2015-09-07',	32,	4,	'N',	'',	'Y',	'8521212112',	55),
(58,	'Andy',	'flowerr',	'andy@vmail.com',	'hs6Pp9PUfZg=',	'2015-09-07',	32,	4,	'N',	'',	'Y',	'7410235896',	55),
(59,	'Steve',	'waug',	'steve@vmail.com',	'bod6eq+Z',	'2015-09-07',	32,	4,	'N',	' ',	'Y',	'9630124587',	55),
(60,	'Henry',	'disuza',	'henry@vmail.com',	'iZ6KkcCqZpg=',	'2015-09-07',	32,	4,	'N',	'',	'Y',	'9865320147',	55),
(61,	'cory',	'andersen',	'cory@vmail.com',	'bod6eq+Z',	'2015-09-07',	32,	4,	'N',	' ',	'Y',	'3201456987',	55),
(62,	'Shane',	'Watsen',	'shane@vmail.com',	'gq2PfM+uZ5U=',	'2015-09-07',	32,	3,	'N',	'',	'Y',	'2014639875',	61),
(63,	'Mark',	'waug',	'mark@vmail.com',	'i8mIfeLNp5g=',	'2015-09-07',	32,	3,	'N',	' ',	'Y',	'5023146987',	59),
(64,	'andrew',	'finch',	'andrew@vmail.com',	'tpqzksHNdZg=',	'2015-09-07',	32,	3,	'N',	'',	'Y',	'5102364789',	61),
(65,	'Paul',	'ray',	'paul@vmail.com',	'ks6+qt2oZ5U=',	'2015-09-07',	32,	3,	'N',	'',	'Y',	'5410236987',	61),
(66,	'Hancy',	'cronze',	'hancy@vmail.com',	'i5q6qrDGgpg=',	'2015-09-07',	32,	3,	'N',	' ',	'Y',	'5203614789',	59),
(67,	'ishan',	'benja',	'ishan@vmail.com',	'toyQeODapts=',	'2015-09-07',	32,	3,	'N',	'     ',	'Y',	'6023145789',	60),
(68,	'Stephen',	'flemig',	'stephen@vmail.com',	'bod6eq+Z',	'2015-09-07',	33,	2,	'N',	' ',	'N',	'8025461379',	0),
(69,	'Alex',	'core',	'alex@vmail.com',	'i62WfO/MqbI=',	'2015-09-07',	33,	4,	'N',	'',	'Y',	'2580316497',	68),
(70,	'alexendra',	'paul',	'alexa@vmail.com',	'gqGWfMG3Z5g=',	'2015-09-07',	33,	3,	'N',	'',	'Y',	'7014653298',	69),
(71,	'Alex',	'paul',	'alex@vmail.com',	'gqG5fOmolJs=',	'2015-09-07',	33,	4,	'N',	'',	'Y',	'8053614297',	68),
(72,	'Alexendra',	'paul',	'alexa@vmail.com',	'tq2+vcC5ddM=',	'2015-09-07',	33,	3,	'N',	'',	'Y',	'8063259147',	69),
(73,	'Alex',	'pal',	'alex@vmail.com',	'dKOzfNHSopg=',	'2015-09-07',	33,	4,	'N',	'',	'Y',	'8023651479',	68),
(74,	'Alex',	'pal',	'alex@vmail.com',	'i5qUwNunh5U=',	'2015-09-07',	33,	4,	'N',	'',	'Y',	'8520134679',	68),
(75,	'Alex',	'pal',	'alex@vmail.com',	'la2KfdK9d5Y=',	'2015-09-07',	33,	4,	'N',	'',	'Y',	'8520134679',	68),
(76,	'grace',	'tomer',	'grace@vmail.com',	'obq0tauVZg==',	'2015-09-07',	34,	2,	'N',	' ',	'Y',	'8520146398',	0),
(77,	'denial',	'headin',	'denial@vmail.com',	'rsmruerPe5s=',	'2015-09-07',	33,	3,	'Y',	'',	'N',	'8521212112',	69),
(78,	'Andy',	'disuza',	'andy@vmail.com',	'tsOtu+rHq7o=',	'2015-09-07',	33,	4,	'Y',	'',	'N',	'7410235896',	68),
(79,	'venu',	'gopal',	'venu@vmail.com',	'bod6eq+Z',	'2015-09-08',	35,	2,	'N',	'  ',	'Y',	'95123047643',	0),
(80,	'jack',	'chain',	'jack@vmail.com',	'obq0tauVZg==',	'2015-09-08',	34,	4,	'N',	' ',	'Y',	'4012369875',	76),
(81,	'james',	'thomas',	'james@gmail.com',	'p7a0q+2UZZc=',	'2015-09-10',	10,	3,	'Y',	'1442233706_JPEG_20150123_063049_.jpg ',	'N',	'2356897413',	8),
(82,	'Harendar singh',	'rawat',	'hari@vmail.com',	'pba5r6uVZg==',	'2015-09-10',	10,	3,	'Y',	'1442232714_JPEG_20150123_074500_.jpg     ',	'N',	'1234567809',	8),
(83,	'Testing',	'Test',	'testing@gmail.com',	'i7uzsN7WZ5Y=',	'2015-09-14',	10,	4,	'N',	'',	'Y',	'7418529632',	4),
(84,	'Jack',	'Njill',	'jill@gmail.com',	'i5aoieCoZ5Y=',	'2015-09-15',	34,	4,	'N',	'',	'Y',	'7894561233',	76),
(85,	'humpty',	'dumpty',	'dumpty@gmail.com',	'goq6nt3KnZg=',	'2015-09-15',	34,	3,	'N',	'',	'Y',	'7418529632',	84),
(86,	'John',	'Sparrow',	'sparow@gmail.com',	'goi6nsfGat0=',	'2015-09-15',	34,	4,	'Y',	'',	'N',	'7418529632',	76),
(87,	'Sunarc',	'Test',	'sun@gmail.com',	'ib+5wMDJet4=',	'2015-09-15',	34,	4,	'N',	'',	'Y',	'7418529632',	76),
(88,	'Sunarc',	'Test',	'sun@g.com',	'o4i+wMDdZ5Y=',	'2015-09-15',	34,	3,	'N',	'',	'Y',	'7418529632',	84),
(89,	'Sand',	'Denis',	'denis@gmail.com',	'rruOeM+wrJg=',	'2015-09-15',	34,	3,	'N',	'',	'Y',	'7418529632',	84),
(90,	'Johny',	'Bravo',	'bravo@gmail.com',	'iYqPwOKvo6s=',	'2015-09-15',	34,	3,	'N',	'',	'Y',	'8529637414',	84),
(91,	'Wills',	'Smith',	'smithwill@gmail.com',	'q7u4ueq3d5g=',	'2015-09-15',	34,	3,	'N',	'',	'Y',	'8529637414',	84),
(92,	'trrer',	'rtertertre',	'johnc@gmail.com',	'scGov+2VnZg=',	'2015-09-15',	34,	3,	'N',	'',	'Y',	'8529637414',	84),
(93,	'trrer',	'Test',	'super_admin@gmail.com',	'i4a4qby6o7o=',	'2015-09-15',	34,	4,	'N',	'',	'Y',	'8529637414',	76),
(94,	'Sunarc',	'rtertertre',	'super_admin@gmail.com',	'goqVidHHl9s=',	'2015-09-15',	34,	3,	'N',	'',	'Y',	'8529637414',	84),
(95,	'Sunarc',	'Cleaner',	'cleaner@gmail.com',	'lbuVjeDSf6o=',	'2015-09-15',	34,	3,	'N',	'',	'Y',	'7418529632',	84),
(96,	'jonty',	'rodes',	'jonty@vmail.com',	'lbuQm87KhLY=',	'2015-09-16',	32,	3,	'N',	' ',	'Y',	'9889896565',	59),
(97,	'mark',	'minja',	'mark@vmail.com',	'obq0tauVZg==',	'2015-09-16',	36,	2,	'N',	'    ',	'Y',	'980987654',	0),
(98,	'goldy',	'viz',	'goldy@vmail.com',	'bod6eq+Z',	'2015-09-16',	37,	2,	'N',	' ',	'Y',	'9870654321',	0),
(99,	'wilson',	'ray',	'wilson@vmail.com',	'hoi6vubMZpg=',	'2015-09-16',	28,	4,	'N',	'',	'Y',	'9886765641',	49),
(100,	'nilson',	'rey',	'nilson@vmail.com',	'tpafq9/XmZg=',	'2015-09-16',	28,	3,	'N',	'',	'Y',	'8790654321',	99),
(101,	'super ',	'company',	'super@vmail.com',	'bod6eq+Z',	'2015-09-16',	38,	2,	'N',	' ',	'N',	'7418529632',	0),
(102,	'Dev',	'gor',	'dev@vmail.com',	'bod6eq+Z',	'2015-09-16',	39,	2,	'N',	' ',	'Y',	'9866553341',	0),
(103,	'sam',	'patoda',	'sam@vmail.com',	'i4h4iOLKZ5Y=',	'2015-09-16',	39,	4,	'N',	'',	'Y',	'8976598764',	102),
(104,	'nick',	'mida',	'nick@vmail.com',	'toiPl9HLhJg=',	'2015-09-16',	39,	3,	'N',	' ',	'Y',	'5678901234',	0),
(105,	'vicky',	'waugh',	'vicky@vmail.com',	'sbu4uurEqpg=',	'2015-09-16',	39,	3,	'N',	'',	'Y',	'4646745623',	103),
(106,	'jonty',	'mida',	'jonty1@vmail.com',	'sb+ftNGun5g=',	'2015-09-16',	39,	3,	'N',	'',	'Y',	'3434545466',	103),
(107,	'brian',	'para',	'brian@vmail.com',	'tqqQp67Ylq0=',	'2015-09-16',	39,	3,	'N',	'',	'Y',	'3743984793',	103),
(108,	'wave',	'tarang',	'wave@vmail.com',	'i5a5iOqtapg=',	'2015-09-16',	39,	3,	'N',	'',	'Y',	'6776899000',	103),
(109,	'nick',	'mida',	'nick@vmail.com',	'hsG4uvHNf7s=',	'2015-09-16',	39,	3,	'N',	' ',	'Y',	'4646745622',	110),
(110,	'peter',	'vidal',	'peter@vmail.com',	'bod6eq+Z',	'2015-09-16',	39,	4,	'N',	' ',	'Y',	'8137434730',	102),
(111,	'Mack',	NULL,	'mack@vmail.com',	'k3qaBX',	'2015-09-16',	40,	2,	'N',	NULL,	'Y',	NULL,	NULL),
(112,	'John',	'Cena',	'johnc@gmail.com',	'bod6eq+Z',	'2015-09-16',	41,	2,	'N',	' ',	'Y',	'7418529632',	6),
(113,	'John Cena',	NULL,	'johnc@gmail.com',	'N3EOoj',	'2015-09-16',	42,	2,	'N',	NULL,	'Y',	NULL,	6),
(114,	'Sunarc',	'Test',	'test@gmail.com',	'gs69u9LWass=',	'2015-09-17',	10,	3,	'N',	'',	'Y',	'7418529632',	83),
(115,	'Preet',	NULL,	'preet@vmail.com',	't5Pnmj',	'2015-09-21',	43,	2,	'N',	NULL,	'Y',	NULL,	6),
(116,	'Preet',	NULL,	'preet@vmail.com',	'yljFif',	'2015-09-21',	44,	2,	'N',	NULL,	'Y',	NULL,	6),
(117,	'Preet',	NULL,	'preet@vmail.com',	'yAWFhm',	'2015-09-21',	45,	2,	'N',	NULL,	'Y',	NULL,	6),
(118,	'Preet',	'jon',	'preet@vmail.com',	'bod6eq+Z',	'2015-09-21',	46,	2,	'Y',	' ',	'N',	'9870123456',	110),
(119,	'john',	'mario',	'john@vmail.com',	'dIaUusXQhto=',	'2015-09-21',	46,	4,	'Y',	'',	'N',	'7530124589',	118),
(120,	'jack',	'mario',	'jack@vmail.com',	'laqojN6qo5g=',	'2015-09-21',	46,	4,	'Y',	'',	'N',	'2013584796',	118),
(121,	'jenny',	'dsuza',	'jenny@vmail.com',	'q6qxl+2sobs=',	'2015-09-21',	46,	4,	'Y',	'',	'N',	'8520316497',	118),
(122,	'rex',	'jon',	'rex@vmail.com',	'bod6eq+Z',	'2015-09-21',	47,	2,	'Y',	'  ',	'N',	'1023654789',	29),
(123,	'Den',	'zen',	'den@vmail.com',	'hsGXr8uwq5s=',	'2015-09-21',	47,	4,	'N',	'',	'Y',	'4025136879',	122),
(124,	'ken',	'zing',	'ken@vmail.com',	'ts6UrbzadJg=',	'2015-09-21',	47,	4,	'Y',	'',	'N',	'7532014698',	122),
(125,	'sam',	'ming',	'sam@vmail.com',	'i86etO6Xdpg=',	'2015-09-21',	47,	4,	'Y',	'',	'N',	'5412036987',	122),
(126,	'Ben',	'ten',	'ben@vmail.com',	'i8Geqt22eZg=',	'2015-09-21',	47,	4,	'Y',	'',	'N',	'9032145687',	122),
(127,	'rock',	'martin',	'rock@vmail.com',	'dL+euunXfq4=',	'2015-09-21',	47,	4,	'Y',	'',	'N',	'7089654123',	122),
(128,	'den',	'zen',	'den@vmail.com',	'dL9+m+Koppo=',	'2015-09-21',	47,	4,	'Y',	'    ',	'N',	'6540123987',	122),
(129,	'Sarah',	'Smith',	'new1@xyz.com',	'bod6eq+Z',	'2015-09-22',	48,	2,	'Y',	' ',	'N',	'1234567890',	6),
(130,	'Micheal',	'smith',	'micheal@xyz.com',	'bod6eq+Z',	'2015-09-22',	48,	4,	'Y',	' ',	'N',	'1234567890',	129),
(131,	'David',	'lucas',	'david@xyz.com',	'hqq3ub+wm6o=',	'2015-09-22',	48,	3,	'Y',	'',	'N',	'3214567890',	130),
(132,	'robert',	'junior',	'robert@xyz.com',	'hs6yia/Woc8=',	'2015-09-22',	48,	3,	'Y',	'',	'N',	'9871234560',	130),
(133,	'Ranveer',	'Kapoor',	'ranveer@gmail.com',	'r7a1vN/IpZWolg==',	'2015-11-03',	10,	4,	'Y',	' ',	'N',	'3456789043',	4),
(134,	'Daniel',	'james',	'cfs@gmail.com',	'sMq1p+zGZJap',	'2015-11-03',	49,	2,	'N',	'1446620653_logo-standing.png',	'Y',	'1234567890',	6),
(135,	'Robert',	'lee',	'mindtree@gmail.com',	'sMq1p+zGZJap',	'2015-11-03',	50,	2,	'N',	'1446620596_good-active.png',	'N',	'3456789043',	6),
(136,	'Mayank',	'Vyas',	'mayank@gmail.com',	'bod6eq+Z',	'2015-11-04',	50,	4,	'Y',	'  ',	'N',	'1234567890',	135),
(137,	'Mihika',	'Kapoor',	'mihika@gmail.com',	'sMq1p+zGZJap',	'2015-11-04',	50,	3,	'Y',	'  ',	'N',	'1234567809',	136),
(138,	'sarad',	'Singh',	'sarad@gmail.com',	'sMq1p+zGZJap',	'2015-11-04',	50,	4,	'Y',	'  ',	'N',	'3456789043',	135),
(139,	'Neel',	'tomar',	'neel@gmail.com',	'sMq1p+zGZJap',	'2015-11-04',	50,	3,	'Y',	' ',	'N',	'4567890123',	138),
(140,	'abhijeet',	'chura',	'jeet@gmail.com',	'sMq1p+zGZJap',	'2015-11-04',	50,	3,	'Y',	' ',	'N',	'1234567890',	136),
(141,	'vishal',	'sharma',	'vishal@gmail.com',	'sMq1p+zGZJap',	'2015-11-04',	50,	3,	'Y',	'   ',	'N',	'2345678901',	138),
(142,	'Yash',	'Raj',	'dhrma@gmail.com',	'sMq1p+zGZJap',	'2015-11-05',	51,	2,	'N',	'    ',	'Y',	'3456789012',	0),
(143,	'Yash',	'Kapoor',	'dhrma@gmail.com',	'bod6eq+Z',	'2015-11-05',	52,	2,	'N',	' ',	'Y',	'1234567890',	6),
(144,	'Dhruv',	'Test',	'sunarc@gmail.com',	'bod6eq+Z',	'2015-11-05',	53,	2,	'Y',	'1446729334_Innomaid 2015-11-04 12-17-07.png',	'N',	'12345678',	1),
(145,	'Pradeep',	'Singh',	'prageep@gmail.com',	'bod6eq+Z',	'2015-11-05',	53,	4,	'Y',	' ',	'N',	'1234567890',	144),
(146,	'John ',	'Sunarc',	'john@gmail.com',	'bod6eq+Z',	'2015-11-05',	53,	3,	'Y',	' ',	'N',	'1242354356',	145),
(147,	'Sanjay',	'Singhania',	'tcs@gmail.com',	'bod6eq+Z',	'2015-11-09',	54,	2,	'Y',	'1539946080_logo-14.jpg',	'N',	'3456789044',	6),
(148,	'Ranveer',	'Goyal',	'goyal@gmail.com',	'bod6eq+Z',	'2015-11-09',	54,	4,	'Y',	'1545998386_super_visor.jpg',	'N',	'9876543210',	147),
(149,	'james',	'Lee',	'jameslee@gmail.com',	'bod6eq+Z',	'2015-11-09',	54,	3,	'N',	'  ',	'Y',	'3456789043',	148),
(150,	'Jatin',	'Malhotra',	'jatin1@gmail.com',	'bod6eq+Z',	'2015-11-30',	54,	3,	'Y',	'1448861538_dream.jpg ',	'N',	'1234568909',	148),
(151,	'Mohit',	'Chouhan',	'mohit@gmail.com',	'bod6eq+Z',	'2015-11-30',	54,	3,	'N',	'1448861662_perfectshot.jpg ',	'N',	'3456129980',	148),
(152,	'Devendra',	'Singh',	'dev@gmail.com',	'lb+8d/Stfcc=',	'2015-12-01',	54,	3,	'N',	'',	'Y',	'1234568909',	148),
(153,	'Virat',	'kumar',	'virat@gmail.com',	'lbayndC6qso=',	'2015-12-01',	54,	3,	'N',	'',	'Y',	'1234568909',	148),
(154,	'tushar',	'mishar',	'tushar@gmail.com',	'grZ4l+TRfZg=',	'2015-12-01',	54,	3,	'N',	'',	'Y',	'3456129980',	148),
(155,	'tarun',	'aggarwal',	'tarun@gmail.com',	's6Ktmu7Sprw=',	'2015-12-01',	54,	3,	'N',	'',	'Y',	'3456789033',	148),
(156,	'murad',	'bhati',	'murad@gmail.com',	'q6yVuN+zgKc=',	'2015-12-01',	54,	3,	'N',	'',	'Y',	'3456129980',	148),
(157,	'tushar',	'Malhotra',	'tushar@gmail.com',	'bod6eq+Z',	'2015-12-01',	54,	3,	'N',	'1449474426_dream.jpg',	'Y',	'3456129980',	148),
(158,	'Devendra',	'bhati',	'dev@gmail.com',	'iax4uNvJ',	'2015-12-01',	54,	3,	'N',	'',	'Y',	'1234568909',	148),
(159,	'dyan',	NULL,	'friendzone@gmail.com',	'dLZ6nsCo',	'2015-12-01',	55,	2,	'N',	NULL,	'Y',	NULL,	6),
(160,	'dyan',	'Smith',	'fzi@gmail.com',	'sMq1d6yW',	'2015-12-01',	56,	2,	'N',	' ',	'Y',	'3456129980',	6),
(161,	'tushar',	'bhati',	'bhati@gmail.com',	'bod6eq+Z',	'2015-12-01',	56,	4,	'N',	' ',	'Y',	'3456129980',	160),
(162,	'Dion',	'ten',	'dion@gmail.com',	'sMq1p+zGZJap',	'2015-12-02',	57,	2,	'Y',	' ',	'Y',	'2342453565',	6),
(163,	'Uren',	'chen',	'uren@gmail.com',	'icqbffGzaZg=',	'2015-12-02',	57,	4,	'Y',	'',	'N',	'2134432533',	162),
(164,	'Joy',	'Smith',	'fzi@gmail.com',	'bod6eq+Z',	'2015-12-02',	58,	2,	'Y',	' ',	'N',	'3456129980',	6),
(165,	'Mohit',	'verma',	'verma@gmail.com',	'bod6eq+Z',	'2015-12-02',	58,	4,	'Y',	'1449057967_dream.jpg',	'N',	'3456129980',	164),
(166,	'ajay',	'singh',	'ajay@gmail.com',	'iZ29l8XbhZg=',	'2015-12-02',	58,	3,	'Y',	'1449058379_dream.jpg',	'N',	'3456129980',	165),
(167,	'Devendra',	'Smith',	'tcs1@gmail.com',	'q8p7s7uvgpg=',	'2015-12-02',	58,	4,	'Y',	'1449059616_dream.jpg',	'N',	'3456129980',	164),
(168,	'sumant',	'bhati',	'bhati1@gmail.com',	'hqKpvfSsZ50=',	'2015-12-02',	58,	3,	'Y',	'1449060373_dream.jpg',	'N',	'3456129980',	167),
(169,	'Jeet',	'vyas',	'jeet@gmail.com',	'lZ23sMOXbJo=',	'2015-12-02',	58,	3,	'Y',	'',	'N',	'3456129980',	167),
(170,	'test admin',	'Smith',	'test@gmail.com',	'bod6eq+Z',	'2015-12-02',	59,	2,	'N',	'1449062102_dream.jpg',	'Y',	'1234568909',	6),
(171,	'Tushar',	'Malhotra',	'tushar@gmail.com',	'bod6eq+Z',	'2015-12-07',	54,	3,	'N',	'       ',	'Y',	'345-612-9927',	148),
(172,	'Tejas',	'Gulmohar',	'gulmohar@gmail.com',	'bod6eq+Z',	'2015-12-08',	60,	2,	'Y',	'1449554291_image3.jpg ',	'N',	'(123) 456 7890',	6),
(173,	'Rounak',	'Vyas',	'rounak@gmail.com',	'bod6eq+Z',	'2015-12-08',	60,	4,	'N',	'1449554686_image5.jpg ',	'Y',	'123-456-8945',	172),
(174,	'Vijay',	'Kumar',	'vj@gmail.com',	'bod6eq+Z',	'2015-12-08',	60,	4,	'Y',	'1449554784_image9.jpg ',	'N',	'1234568909',	172),
(175,	'Mohit',	'Kapoor',	'mohit@gmail.com',	'bod6eq+Z',	'2015-12-08',	60,	3,	'N',	'1449554892_image11.jpg   ',	'Y',	'1234568555',	173),
(176,	'Rajat',	'Bhati',	'rajat@gmail.com',	'bod6eq+Z',	'2015-12-08',	60,	3,	'N',	'1449555308_image8.jpg ',	'Y',	'3456789033',	173),
(177,	'Manshu',	'Maan',	'manshu@gmail.com',	'bod6eq+Z',	'2015-12-08',	60,	3,	'Y',	'1449555381_image12.jpg ',	'N',	'3456129980',	174),
(178,	'Narpen',	'Joshi',	'narpen@gmail.com',	'bod6eq+Z',	'2015-12-08',	60,	3,	'Y',	'1449555523_image15.png ',	'N',	'1234568908',	174),
(179,	'Ashwini',	'Tanwar',	'ashu@gmail.com',	'hoiver+XrJY=',	'2015-12-08',	60,	3,	'N',	'',	'Y',	'3456129980',	173),
(180,	'Amit',	'Kumar',	'amit@gmail.com',	'i8Sev/TVoa0=',	'2015-12-08',	60,	3,	'N',	'',	'Y',	'1234567777',	174),
(181,	'vipin',	'kanojiya',	'vipin@gmail.com',	'tqKUk8avgJc=',	'2015-12-09',	60,	4,	'N',	'',	'Y',	'3456129980',	172),
(182,	'vasim',	NULL,	'newtype@xyz.com',	'qKahkMa3',	'2015-12-14',	61,	2,	'Y',	NULL,	'Y',	NULL,	6),
(183,	'Jaydeep',	'vyas',	'grand@abc.com',	'c5d5l+TM',	'2015-12-14',	62,	2,	'Y',	' ',	'N',	'3456789024',	6),
(184,	'smith',	'john',	'smith@xyz.com',	'bod6eq+Z',	'2015-12-15',	63,	2,	'Y',	'1454559177_100.jpg',	'N',	'345-612-9911',	6),
(185,	'robert',	'smith',	'robert@abc.com',	'bod6eq+Z',	'2015-12-15',	63,	4,	'Y',	'1453978307_imagess.jpg ',	'N',	'1234567890',	184),
(186,	'test',	'testing',	'test@xyz.com',	'q8Kwkuq1aJU=',	'2015-12-15',	63,	4,	'N',	'',	'Y',	'1234567890',	184),
(187,	'Devendra',	'Pandit',	'devendra@abc.com',	'gMl7rMbNgpk=',	'2015-12-16',	63,	3,	'Y',	'',	'N',	'3456129980',	185),
(188,	'Joy',	'Smith',	'nq@gmail.com',	'bod6eq+Z',	'2015-12-16',	64,	2,	'Y',	'1450260397_1446543987_avg-active.png',	'N',	'(345) 612-9926',	6),
(189,	'Daniel',	'Redcliffe',	'itc@gmail.com',	'bod6eq+Z',	'2015-12-16',	65,	2,	'Y',	'     ',	'N',	'123-456-8943',	6),
(190,	'michal',	'clark',	'clark@gmail.com',	'bod6eq+Z',	'2015-12-16',	65,	4,	'Y',	' ',	'N',	'4567890234',	189),
(191,	'dyan',	'warn',	'dyan@gmail.com',	'bod6eq+Z',	'2015-12-16',	65,	3,	'Y',	' ',	'N',	'4567892288',	190),
(192,	'Adward',	'swan',	'adward@gmail.com',	'bod6eq+Z',	'2015-12-16',	65,	4,	'Y',	' ',	'N',	'4537899283',	189),
(193,	'Henrry',	'potter',	'henrry@gmail.com',	'bod6eq+Z',	'2015-12-16',	65,	3,	'Y',	' ',	'N',	'6754321900',	192),
(194,	'Mike',	'Silvester',	'vineet.jain@sunarctechnologies.com',	'bod6eq+Z',	'2015-12-18',	66,	2,	'Y',	'1450440522_cute boy.jpg',	'N',	'5555555555',	6),
(195,	'Candice',	'Alva',	'vineet.jain@sunarctechnologies.com',	'f529ku23oZk=',	'2015-12-18',	66,	4,	'Y',	'1450439578_cute boy.jpg',	'N',	'9999999999',	194),
(196,	'Neil',	'Silvester',	'neil@gmail.com',	'bod6eq+Z',	'2015-12-18',	66,	3,	'Y',	'1450440021_cute boy.jpg ',	'N',	'9999999999',	195),
(197,	'Roddyrexx',	NULL,	'roddy@gmail.com',	't863m8vZ',	'2016-01-08',	67,	2,	'Y',	NULL,	'N',	NULL,	6),
(198,	'paul',	NULL,	'abc@xyz.com',	'jb+tucDY',	'2016-01-13',	68,	2,	'Y',	NULL,	'N',	NULL,	6),
(199,	'Ram',	'',	'abc1@xyz.com',	'f8GPttvR',	'2016-01-13',	69,	2,	'Y',	NULL,	'N',	NULL,	6),
(200,	'Ram',	'Singh',	'wql@xyz.com',	'c6qeuerF',	'2016-01-13',	70,	2,	'Y',	NULL,	'N',	NULL,	6),
(201,	'Rupert',	'Warner',	'admin_itc@gmail.com',	'bod6eq+Z',	'2016-01-25',	71,	2,	'Y',	'1455691706_1441188041_cloth_2.jpg  ',	'N',	'(123) 456-7890',	6),
(202,	'Devesh',	'Kumar',	'devesh@gmail.com',	'bod6eq+Z',	'2016-01-27',	71,	4,	'Y',	'1453878919_taj.jpeg   ',	'N',	'123-123-1234',	201),
(203,	'Mohit',	'Singh',	'itc_mohit@gmail.com',	'bod6eq+Z',	'2016-01-27',	71,	3,	'Y',	'1454414140_blank_profile.png',	'N',	'1234568901',	202),
(204,	'Somesh',	'Mishra',	'somesh@gmail.com',	'bod6eq+Zag==',	'2016-01-27',	71,	4,	'Y',	'1454666243_0689.png',	'N',	'1234567890',	201),
(205,	'Somesh',	'Mishra',	'itc_somesh@gmail.com',	'f7aTkMmzmLQ=',	'2016-01-27',	71,	4,	'N',	'1453879527_dream.jpg',	'Y',	'(345) 612-9922',	201),
(206,	'Vishesh',	'Saxena',	'vishesh@gmail.com',	'bod6eq+Z',	'2016-01-27',	71,	3,	'Y',	'1453879648_imgpsh_fullsize.png ',	'N',	'7867867869',	204),
(207,	'Shiv',	'Guria',	'shiv@gmail.com',	'bod6eq+Z',	'2016-01-27',	71,	3,	'Y',	'1453879743_Bouwkundige_werkzaamheden_qa_closing_tickets.PNG  ',	'N',	'1236789050',	202),
(208,	'Anurag',	'Purohit',	'anurag1@gmail.com',	'bod6eq+Z',	'2016-01-27',	71,	3,	'Y',	'1453879836_Other_type_of_work.PNG    ',	'N',	'4567890322',	204),
(209,	'robert',	NULL,	'lucas@xyz.com',	'k4Z+mM7E',	'2016-01-28',	72,	2,	'Y',	NULL,	'N',	NULL,	6),
(210,	'heather',	'grahm',	'heather@xyz.com',	'bod6eq+Z',	'2016-01-28',	63,	4,	'Y',	'1453980331_imagess.jpg ',	'N',	'1234567890',	184),
(211,	'test',	'fsdf',	'dsfsfa@xyz.com',	't56JjOOuZ5k=',	'2016-01-28',	63,	3,	'N',	'',	'Y',	'(123) 456-7890',	210),
(212,	'erin',	'smith',	'erin@xyz.com',	'bod6eq+Z',	'2016-02-04',	63,	3,	'Y',	'1454559723_index14.png ',	'N',	'1234567891',	210),
(213,	'essie',	'vaill',	'essie@xyz.com',	'bod6eq+Z',	'2016-02-04',	63,	3,	'Y',	'1454560660_download.png  ',	'N',	'1234567433',	210),
(214,	'Tom',	'smith',	'tom@gmail.com',	'bod6eq+Z',	'2016-02-16',	71,	4,	'N',	'1455603288_play.jpg ',	'Y',	'9876543210',	201),
(215,	'erin',	'smith',	'erin@gmail.com',	'gJe3ufComt4=',	'2016-02-16',	71,	3,	'Y',	'1455627521_0380.png  ',	'N',	'9879876540',	202),
(216,	'sam',	'sidana',	'it_admin@gmail.com',	'bod6eq+Z',	'2016-02-17',	73,	2,	'Y',	'     ',	'N',	'9876546540',	6),
(217,	'lalita',	'sidana',	'lalita@gmail.com',	'bod6eq+Z',	'2016-02-17',	73,	4,	'N',	'    ',	'Y',	'9876549870',	216),
(218,	'soumya',	'sidana',	'soumya@gmail.com',	'bod6eq+Z',	'2016-02-17',	73,	3,	'N',	'1455690064_1440396103_Chrysanthemum.jpg ',	'Y',	'9876987690',	217),
(219,	'Preeti',	'Purohit',	'preeti@gmail.com',	'bod6eq+Z',	'2016-02-17',	73,	4,	'N',	'   ',	'Y',	'1234568777',	216),
(220,	'Dalima',	'Vyas',	'dalima@gmail.com',	'bod6eq+Z',	'2016-02-17',	73,	3,	'N',	'1455694198_1441188041_cloth_2.jpg   ',	'Y',	'1234567788',	217),
(221,	'rubeca',	'smith',	'rubeca@gmail.com',	'bod6eq+Z',	'2016-02-17',	73,	4,	'Y',	'   ',	'N',	'9876543210',	216),
(222,	'cera',	'smith',	'cera@gmail.com',	'c8Obqr2YaJs=',	'2016-02-17',	73,	3,	'N',	'',	'Y',	'9876546540',	221),
(223,	'Jatin',	'Chouhan',	'chouhan@gmail.com',	'o8GZsMbOmpk=',	'2016-02-17',	73,	3,	'N',	' ',	'Y',	'1234568909',	221),
(224,	'mark',	'buffay',	'mark@gmail.com',	'bod6eq+Z',	'2016-02-17',	73,	3,	'Y',	'1455709697_1441188041_cloth_2.jpg',	'N',	'9876598765',	221),
(225,	'Anurag',	'bhati',	'anu_purohit@gmail.com',	'f6i4jMaqeJk=',	'2016-02-17',	71,	3,	'Y',	'',	'N',	'3456129980',	202),
(226,	'Sumant',	'Raj',	'sumant_raj@gmail.com',	'bod6eq+Z',	'2016-02-17',	73,	3,	'Y',	'',	'N',	'3456129980',	221),
(227,	'ajay',	NULL,	'xyz@gmail.com',	'cb21ta3O',	'2018-06-03',	74,	2,	'N',	NULL,	'Y',	NULL,	6),
(228,	'Ankit',	'verma',	'ankit@gmail.com',	't6astby3ZZw=',	'2018-06-04',	54,	3,	'N',	'',	'N',	'4446544521',	148),
(229,	'Robert',	'',	'robert@mailinator.com',	'k86hmcnP',	'2018-08-20',	75,	2,	'N',	NULL,	'Y',	NULL,	6),
(230,	'William',	NULL,	'nerolac@mailinator.com',	'oKObsuGv',	'2018-08-20',	76,	2,	'Y',	NULL,	'N',	NULL,	6),
(231,	'nero_sup1',	'nero_sup1',	'nero_sup1@mailinator.com',	'bod6eq+Z',	'2018-08-20',	76,	4,	'Y',	'1534759010_A2974_2.jpg',	'N',	'9958601474',	230),
(232,	'Cleaner1',	'Cleaner1',	'cleaner1@mailinator.com',	'bod6eq+Z',	'2018-08-20',	76,	3,	'Y',	'1534759153_A2974_13.jpg',	'N',	'9958601476',	231),
(233,	'Riyaza',	'Bell',	'khanacademy@mailinator.com',	'rM+tr/PV',	'2018-08-29',	77,	2,	'N',	'',	'N',	'9958601474',	6),
(234,	'Ranjeet',	NULL,	'rox@mailinator.com',	'o7urfcix',	'2018-10-18',	78,	2,	'Y',	NULL,	'N',	NULL,	6),
(235,	'King',	NULL,	'king@mailinator.com',	'h7yop9Kz',	'2018-10-18',	79,	2,	'Y',	NULL,	'N',	NULL,	6),
(236,	'Coin Man',	NULL,	'coin@mailinator.com',	'poy1l9uW',	'2018-10-18',	80,	2,	'Y',	NULL,	'N',	NULL,	6),
(237,	'Hayden',	NULL,	'ca@mailinator.com',	'g8V+fei9',	'2018-10-19',	81,	2,	'Y',	NULL,	'N',	NULL,	6),
(238,	'admin007',	NULL,	'king123@mailinator.com',	'f4a6e+ex',	'2018-10-19',	82,	2,	'N',	NULL,	'Y',	NULL,	6),
(239,	'Riyaz Ahamad',	NULL,	'riyaz123@mailinator.com',	'hsCLmejW',	'2018-10-25',	83,	2,	'Y',	NULL,	'N',	NULL,	6),
(240,	'R S Jain',	NULL,	'drjain@mailinator.com',	'lJiaed7H',	'2018-10-25',	84,	2,	'Y',	NULL,	'N',	NULL,	6),
(241,	'Naresh',	NULL,	'naresh@mailinator.com',	'dKKKu8XT',	'2018-10-25',	85,	2,	'Y',	NULL,	'N',	NULL,	6),
(242,	'admin007',	NULL,	'mehta123@mailinator.com',	'sZqUi8vJ',	'2018-10-25',	86,	2,	'N',	NULL,	'Y',	NULL,	6),
(243,	'admin007',	NULL,	'mehta123@mailinator.com',	'q6d4qcbd',	'2018-10-25',	87,	2,	'Y',	NULL,	'N',	NULL,	6),
(244,	'Ram Oberoi',	NULL,	'ram.oberoi@mailinator.com',	'q7u1jbyo',	'2018-11-30',	88,	2,	'Y',	NULL,	'N',	NULL,	6),
(245,	'Laxman ',	'Sharma',	'laxman.sharma@mailinator.com',	'dL54msHaeaY=',	'2018-11-30',	88,	4,	'Y',	'',	'N',	'9999999999',	244),
(246,	'bharat',	'sharma',	'bharat@malinator.com',	'lbaJqMCpjZg=',	'2018-11-30',	88,	3,	'Y',	'',	'N',	'9999999999',	245),
(247,	'roy',	NULL,	'roy@mailinator.com',	'sMOoqeXMqs0=',	'2018-12-12',	89,	2,	'Y',	NULL,	'N',	NULL,	6),
(248,	'supervisor',	'supervisor',	'supervisor@mailinator.com',	'gsOtuNGtnt4=',	'2018-12-14',	89,	4,	'Y',	'',	'N',	'1234567890',	247),
(249,	'cleaner1',	'cleaner1',	'cleaner11@mailinator.com',	'tobBtrHNqpg=',	'2018-12-14',	89,	3,	'Y',	'',	'N',	'1234567890',	248),
(250,	'Kaaleen Tripathi',	NULL,	'kaaleen@mailinator.com',	'lcG7ec3U',	'2018-12-14',	90,	2,	'Y',	NULL,	'N',	NULL,	6),
(251,	'Test',	'Kumatr',	'automobile@mailinator.com',	'bod6eq+Z',	'2019-01-10',	91,	2,	'Y',	'',	'N',	'9958611411',	6),
(252,	'Joe',	'Root',	'joe@mailinator.com',	'bod6eq+Z',	'2019-01-10',	91,	4,	'Y',	'',	'N',	'9958601010',	251),
(253,	'Jos',	'Buttler',	'jos@mailinator.com',	'bod6eq+Z',	'2019-01-10',	91,	3,	'Y',	'',	'N',	'9958221474',	252),
(254,	'Shruti',	'Bhateja',	'shruti@mailinator.com',	'bod6eq+Z',	'2019-01-24',	92,	2,	'Y',	'',	'N',	'9958601421',	6),
(255,	'LIsa',	'Kurdow',	'Lisa@mailinator.com',	'bod6eq+Z',	'2019-01-24',	92,	4,	'Y',	'',	'N',	'8888888888',	254),
(256,	'mathew',	'perry',	'mathew@gmail.com',	'tr14fazQiZg=',	'2019-01-24',	92,	3,	'Y',	'',	'N',	'0099009900',	255),
(257,	'Riyaz',	'Khan',	'khan123@mailinator.com',	'bod6eq+Z',	'2019-01-28',	93,	2,	'Y',	'',	'N',	'9912221474',	6),
(258,	'Pushpendra',	'Kumar',	'push123@mailinator.com',	'bod6eq+Z',	'2019-01-28',	93,	4,	'Y',	'',	'N',	'9958601411',	257),
(259,	'Nisha',	'Bell',	'nisha123@mailinator.com',	'bod6eq+Z',	'2019-01-28',	93,	3,	'Y',	'',	'N',	'9958601114',	258),
(260,	'Madhu ',	'Khanna',	'madhu123@mailinator.com',	'bod6eq+Z',	'2019-01-29',	94,	2,	'Y',	'',	'N',	'9951121474',	6),
(261,	'Shoaib',	'Khanna',	'shoaib123@mailinator.com',	'bod6eq+Z',	'2019-01-29',	94,	4,	'Y',	'',	'N',	'2258601474',	260),
(262,	'Munna',	'Sahni',	'munna123@mailinator.com',	'bod6eq+Z',	'2019-01-29',	94,	3,	'Y',	'',	'N',	'9788601474',	261),
(263,	'Riya',	'Sharma',	'riya123@mailinator.com',	'bod6eq+Z',	'2019-01-30',	95,	2,	'Y',	'',	'N',	'9958601112',	6),
(264,	'Bradd le',	'Cooper',	'brad@mailinator.com',	'bod6eq+Z',	'2019-01-30',	96,	2,	'Y',	'',	'N',	'9988776655',	6),
(265,	'Perry',	'ooi',	'perry@mailinator.com',	'bod6eq+Z',	'2019-01-30',	97,	2,	'Y',	'',	'N',	'4477889911',	6),
(266,	'Honda ',	'Honda',	'honda@mailinator.com',	'bod6eq+Z',	'2019-01-31',	98,	2,	'Y',	'',	'N',	'9958600474',	6),
(267,	'Moomal',	'Admin',	'moomal@mailinator.com',	'bod6eq+Z',	'2019-01-31',	99,	2,	'Y',	'1551093797_Screenshot_1.png',	'N',	'9118221474',	6),
(268,	'Cipla',	'',	'cipla@mailinator.com',	'bod6eq+Z',	'2019-02-01',	100,	2,	'Y',	'',	'N',	'9958111474',	6),
(269,	'Ravish ',	'Gupta',	'wipl@mailinator.com',	'bod6eq+Z',	'2019-02-06',	101,	2,	'Y',	'',	'N',	'9988776655',	6),
(270,	'sanjay',	'arora',	'sanjay@mailinator.com',	'bod6eq+Z',	'2019-02-19',	102,	2,	'Y',	'',	'N',	'9958451225',	6),
(271,	'Shruti',	'Bhateja',	'shruti1@mailinator.com',	'bod6eq+Z',	'2019-02-20',	103,	2,	'Y',	'',	'N',	'0099008800',	6),
(272,	'shruti 2',	'bhateja',	'shruti2@mailinator.com',	'bod6eq+Z',	'2019-02-20',	104,	2,	'Y',	'',	'N',	'8877665544',	6),
(273,	'12213541564',	'Singhania',	'sdfdgfth@GMAIL.XOM',	'q6iRl6/ReZk=',	'2019-02-21',	102,	4,	'Y',	'',	'N',	'1234567891',	270),
(274,	'FIGHRISYGSRFGHR',	'GHFRGHU',	'URURYHD@NLKFH.COM',	'q8aRsOOpZ5k=',	'2019-02-21',	102,	3,	'Y',	'',	'N',	'4564767647',	273),
(275,	'ujujy',	'tgty',	'gtyhgyth@gnkm.com',	'k6eMtdC3lJk=',	'2019-02-21',	102,	3,	'Y',	'',	'N',	'1234567891',	273),
(276,	'uhtguhje',	'nlkdhvi',	'jkfvhusk@chhchj.com',	'qLeMmOXTn5k=',	'2019-02-21',	102,	3,	'Y',	'',	'N',	'4875448666',	273),
(277,	'fdbgf',	'fbgf',	'fRURYHD@NLKFH.COM',	'jcO7sfTJeZk=',	'2019-02-21',	102,	3,	'Y',	'',	'N',	'1234567891',	273),
(278,	'fdbfs',	'fdbgvfsvg',	'sdfdgfth@GMAIL.XOMvbg',	'q6WXtfG6gZk=',	'2019-02-21',	102,	3,	'Y',	'',	'N',	'4564767647',	273),
(279,	'Max',	'Payness13',	'max.payne@mailinator.com',	'bod6eq+Z',	'2019-02-26',	105,	2,	'Y',	NULL,	'N',	'8769857163',	6),
(280,	'Test',	NULL,	'a@a.com',	'q8C6d8Sv',	'2019-02-27',	106,	2,	'N',	NULL,	'Y',	NULL,	6),
(281,	'Test',	'',	'a@a.com',	'jbu3i+i6',	'2019-02-27',	107,	2,	'N',	NULL,	'Y',	NULL,	6);

-- 2019-02-28 07:02:31
